Watching for file changes with StatReloader
Watching for file changes with StatReloader
"GET / HTTP/1.1" 302 0
Not Found: /accounts/login/
"GET /accounts/login/?next=/ HTTP/1.1" 404 5644
Not Found: /favicon.ico
"GET /favicon.ico HTTP/1.1" 404 5625
Not Found: /accounts/login/
"GET /accounts/login/?next=/ HTTP/1.1" 404 5644
"GET / HTTP/1.1" 302 0
Not Found: /accounts/login/
"GET /accounts/login/?next=/ HTTP/1.1" 404 5644
Not Found: /accounts/login/
"GET /accounts/login/?next=/ HTTP/1.1" 404 5644
"GET / HTTP/1.1" 302 0
Not Found: /accounts/login/
"GET /accounts/login/?next=/ HTTP/1.1" 404 5644
Not Found: /favicon.ico
"GET /favicon.ico HTTP/1.1" 404 5625
"GET /login/ HTTP/1.1" 200 5836
Internal Server Error: /login/
Traceback (most recent call last):
  File "C:\Users\varap\Desktop\Major Project\venv\lib\site-packages\django\core\handlers\exception.py", line 55, in inner
    response = get_response(request)
  File "C:\Users\varap\Desktop\Major Project\venv\lib\site-packages\django\core\handlers\base.py", line 197, in _get_response
    response = wrapped_callback(request, *callback_args, **callback_kwargs)
  File "C:\Users\varap\Desktop\Major Project\users\views.py", line 64, in login_view
    return redirect('super_dashboard')
  File "C:\Users\varap\Desktop\Major Project\venv\lib\site-packages\django\shortcuts.py", line 48, in redirect
    return redirect_class(resolve_url(to, *args, **kwargs))
  File "C:\Users\varap\Desktop\Major Project\venv\lib\site-packages\django\shortcuts.py", line 145, in resolve_url
    return reverse(to, args=args, kwargs=kwargs)
  File "C:\Users\varap\Desktop\Major Project\venv\lib\site-packages\django\urls\base.py", line 88, in reverse
    return resolver._reverse_with_prefix(view, prefix, *args, **kwargs)
  File "C:\Users\varap\Desktop\Major Project\venv\lib\site-packages\django\urls\resolvers.py", line 828, in _reverse_with_prefix
    raise NoReverseMatch(msg)
django.urls.exceptions.NoReverseMatch: Reverse for 'super_dashboard' not found. 'super_dashboard' is not a valid view function or pattern name.
"POST /login/ HTTP/1.1" 500 92720
C:\Users\varap\Desktop\Major Project\attendance_system\settings.py changed, reloading.
Watching for file changes with StatReloader
C:\Users\varap\Desktop\Major Project\users\urls.py changed, reloading.
Watching for file changes with StatReloader
C:\Users\varap\Desktop\Major Project\users\urls.py changed, reloading.
Watching for file changes with StatReloader
C:\Users\varap\Desktop\Major Project\attendance_system\urls.py changed, reloading.
Watching for file changes with StatReloader
Watching for file changes with StatReloader
Watching for file changes with StatReloader
"GET /login/ HTTP/1.1" 200 5832
Not Found: /favicon.ico
"GET /favicon.ico HTTP/1.1" 404 5683
Internal Server Error: /login/
Traceback (most recent call last):
  File "C:\Users\varap\Desktop\Major Project\venv\lib\site-packages\django\core\handlers\exception.py", line 55, in inner
    response = get_response(request)
  File "C:\Users\varap\Desktop\Major Project\venv\lib\site-packages\django\core\handlers\base.py", line 197, in _get_response
    response = wrapped_callback(request, *callback_args, **callback_kwargs)
  File "C:\Users\varap\Desktop\Major Project\users\views.py", line 64, in login_view
    return redirect('super_dashboard')
  File "C:\Users\varap\Desktop\Major Project\venv\lib\site-packages\django\shortcuts.py", line 48, in redirect
    return redirect_class(resolve_url(to, *args, **kwargs))
  File "C:\Users\varap\Desktop\Major Project\venv\lib\site-packages\django\shortcuts.py", line 145, in resolve_url
    return reverse(to, args=args, kwargs=kwargs)
  File "C:\Users\varap\Desktop\Major Project\venv\lib\site-packages\django\urls\base.py", line 88, in reverse
    return resolver._reverse_with_prefix(view, prefix, *args, **kwargs)
  File "C:\Users\varap\Desktop\Major Project\venv\lib\site-packages\django\urls\resolvers.py", line 828, in _reverse_with_prefix
    raise NoReverseMatch(msg)
django.urls.exceptions.NoReverseMatch: Reverse for 'super_dashboard' not found. 'super_dashboard' is not a valid view function or pattern name.
"POST /login/ HTTP/1.1" 500 92709
C:\Users\varap\Desktop\Major Project\users\views.py changed, reloading.
C:\Users\varap\Desktop\Major Project\users\views.py changed, reloading.
Watching for file changes with StatReloader
Watching for file changes with StatReloader
Watching for file changes with StatReloader
Forbidden (CSRF token from POST incorrect.): /login/
"POST /login/ HTTP/1.1" 403 2518
"GET /login/ HTTP/1.1" 200 6193
"POST /login/ HTTP/1.1" 302 0
"GET /super/dashboard/ HTTP/1.1" 200 13557
Internal Server Error: /super/admins/
Traceback (most recent call last):
  File "C:\Users\varap\Desktop\Major Project\venv\lib\site-packages\django\core\handlers\exception.py", line 55, in inner
    response = get_response(request)
  File "C:\Users\varap\Desktop\Major Project\venv\lib\site-packages\django\core\handlers\base.py", line 197, in _get_response
    response = wrapped_callback(request, *callback_args, **callback_kwargs)
  File "C:\Users\varap\Desktop\Major Project\venv\lib\site-packages\django\contrib\auth\decorators.py", line 23, in _wrapper_view
    return view_func(request, *args, **kwargs)
  File "C:\Users\varap\Desktop\Major Project\venv\lib\site-packages\django\contrib\auth\decorators.py", line 23, in _wrapper_view
    return view_func(request, *args, **kwargs)
  File "C:\Users\varap\Desktop\Major Project\users\views.py", line 159, in manage_admins
    return render(request, 'super/manage_admins.html', {'admins': admins})
  File "C:\Users\varap\Desktop\Major Project\venv\lib\site-packages\django\shortcuts.py", line 24, in render
    content = loader.render_to_string(template_name, context, request, using=using)
  File "C:\Users\varap\Desktop\Major Project\venv\lib\site-packages\django\template\loader.py", line 61, in render_to_string
    template = get_template(template_name, using=using)
  File "C:\Users\varap\Desktop\Major Project\venv\lib\site-packages\django\template\loader.py", line 19, in get_template
    raise TemplateDoesNotExist(template_name, chain=chain)
django.template.exceptions.TemplateDoesNotExist: super/manage_admins.html
"GET /super/admins/ HTTP/1.1" 500 98047
Internal Server Error: /super/admins/
Traceback (most recent call last):
  File "C:\Users\varap\Desktop\Major Project\venv\lib\site-packages\django\template\base.py", line 505, in parse
    compile_func = self.tags[command]
KeyError: 'endblock'

During handling of the above exception, another exception occurred:

Traceback (most recent call last):
  File "C:\Users\varap\Desktop\Major Project\venv\lib\site-packages\django\core\handlers\exception.py", line 55, in inner
    response = get_response(request)
  File "C:\Users\varap\Desktop\Major Project\venv\lib\site-packages\django\core\handlers\base.py", line 197, in _get_response
    response = wrapped_callback(request, *callback_args, **callback_kwargs)
  File "C:\Users\varap\Desktop\Major Project\venv\lib\site-packages\django\contrib\auth\decorators.py", line 23, in _wrapper_view
    return view_func(request, *args, **kwargs)
  File "C:\Users\varap\Desktop\Major Project\venv\lib\site-packages\django\contrib\auth\decorators.py", line 23, in _wrapper_view
    return view_func(request, *args, **kwargs)
  File "C:\Users\varap\Desktop\Major Project\users\views.py", line 159, in manage_admins
    return render(request, 'super/manage_admins.html', {'admins': admins})
  File "C:\Users\varap\Desktop\Major Project\venv\lib\site-packages\django\shortcuts.py", line 24, in render
    content = loader.render_to_string(template_name, context, request, using=using)
  File "C:\Users\varap\Desktop\Major Project\venv\lib\site-packages\django\template\loader.py", line 61, in render_to_string
    template = get_template(template_name, using=using)
  File "C:\Users\varap\Desktop\Major Project\venv\lib\site-packages\django\template\loader.py", line 15, in get_template
    return engine.get_template(template_name)
  File "C:\Users\varap\Desktop\Major Project\venv\lib\site-packages\django\template\backends\django.py", line 33, in get_template
    return Template(self.engine.get_template(template_name), self)
  File "C:\Users\varap\Desktop\Major Project\venv\lib\site-packages\django\template\engine.py", line 175, in get_template
    template, origin = self.find_template(template_name)
  File "C:\Users\varap\Desktop\Major Project\venv\lib\site-packages\django\template\engine.py", line 157, in find_template
    template = loader.get_template(name, skip=skip)
  File "C:\Users\varap\Desktop\Major Project\venv\lib\site-packages\django\template\loaders\cached.py", line 57, in get_template
    template = super().get_template(template_name, skip)
  File "C:\Users\varap\Desktop\Major Project\venv\lib\site-packages\django\template\loaders\base.py", line 28, in get_template
    return Template(
  File "C:\Users\varap\Desktop\Major Project\venv\lib\site-packages\django\template\base.py", line 154, in __init__
    self.nodelist = self.compile_nodelist()
  File "C:\Users\varap\Desktop\Major Project\venv\lib\site-packages\django\template\base.py", line 200, in compile_nodelist
    return parser.parse()
  File "C:\Users\varap\Desktop\Major Project\venv\lib\site-packages\django\template\base.py", line 513, in parse
    raise self.error(token, e)
  File "C:\Users\varap\Desktop\Major Project\venv\lib\site-packages\django\template\base.py", line 511, in parse
    compiled_result = compile_func(self, token)
  File "C:\Users\varap\Desktop\Major Project\venv\lib\site-packages\django\template\loader_tags.py", line 293, in do_extends
    nodelist = parser.parse()
  File "C:\Users\varap\Desktop\Major Project\venv\lib\site-packages\django\template\base.py", line 507, in parse
    self.invalid_block_tag(token, command, parse_until)
  File "C:\Users\varap\Desktop\Major Project\venv\lib\site-packages\django\template\base.py", line 568, in invalid_block_tag
    raise self.error(
django.template.exceptions.TemplateSyntaxError: Invalid block tag on line 83: 'endblock'. Did you forget to register or load this tag?
"GET /super/admins/ HTTP/1.1" 500 174134
Internal Server Error: /super/admins/
Traceback (most recent call last):
  File "C:\Users\varap\Desktop\Major Project\venv\lib\site-packages\django\template\base.py", line 505, in parse
    compile_func = self.tags[command]
KeyError: 'endblock'

During handling of the above exception, another exception occurred:

Traceback (most recent call last):
  File "C:\Users\varap\Desktop\Major Project\venv\lib\site-packages\django\core\handlers\exception.py", line 55, in inner
    response = get_response(request)
  File "C:\Users\varap\Desktop\Major Project\venv\lib\site-packages\django\core\handlers\base.py", line 197, in _get_response
    response = wrapped_callback(request, *callback_args, **callback_kwargs)
  File "C:\Users\varap\Desktop\Major Project\venv\lib\site-packages\django\contrib\auth\decorators.py", line 23, in _wrapper_view
    return view_func(request, *args, **kwargs)
  File "C:\Users\varap\Desktop\Major Project\venv\lib\site-packages\django\contrib\auth\decorators.py", line 23, in _wrapper_view
    return view_func(request, *args, **kwargs)
  File "C:\Users\varap\Desktop\Major Project\users\views.py", line 159, in manage_admins
    return render(request, 'super/manage_admins.html', {'admins': admins})
  File "C:\Users\varap\Desktop\Major Project\venv\lib\site-packages\django\shortcuts.py", line 24, in render
    content = loader.render_to_string(template_name, context, request, using=using)
  File "C:\Users\varap\Desktop\Major Project\venv\lib\site-packages\django\template\loader.py", line 61, in render_to_string
    template = get_template(template_name, using=using)
  File "C:\Users\varap\Desktop\Major Project\venv\lib\site-packages\django\template\loader.py", line 15, in get_template
    return engine.get_template(template_name)
  File "C:\Users\varap\Desktop\Major Project\venv\lib\site-packages\django\template\backends\django.py", line 33, in get_template
    return Template(self.engine.get_template(template_name), self)
  File "C:\Users\varap\Desktop\Major Project\venv\lib\site-packages\django\template\engine.py", line 175, in get_template
    template, origin = self.find_template(template_name)
  File "C:\Users\varap\Desktop\Major Project\venv\lib\site-packages\django\template\engine.py", line 157, in find_template
    template = loader.get_template(name, skip=skip)
  File "C:\Users\varap\Desktop\Major Project\venv\lib\site-packages\django\template\loaders\cached.py", line 57, in get_template
    template = super().get_template(template_name, skip)
  File "C:\Users\varap\Desktop\Major Project\venv\lib\site-packages\django\template\loaders\base.py", line 28, in get_template
    return Template(
  File "C:\Users\varap\Desktop\Major Project\venv\lib\site-packages\django\template\base.py", line 154, in __init__
    self.nodelist = self.compile_nodelist()
  File "C:\Users\varap\Desktop\Major Project\venv\lib\site-packages\django\template\base.py", line 200, in compile_nodelist
    return parser.parse()
  File "C:\Users\varap\Desktop\Major Project\venv\lib\site-packages\django\template\base.py", line 513, in parse
    raise self.error(token, e)
  File "C:\Users\varap\Desktop\Major Project\venv\lib\site-packages\django\template\base.py", line 511, in parse
    compiled_result = compile_func(self, token)
  File "C:\Users\varap\Desktop\Major Project\venv\lib\site-packages\django\template\loader_tags.py", line 293, in do_extends
    nodelist = parser.parse()
  File "C:\Users\varap\Desktop\Major Project\venv\lib\site-packages\django\template\base.py", line 507, in parse
    self.invalid_block_tag(token, command, parse_until)
  File "C:\Users\varap\Desktop\Major Project\venv\lib\site-packages\django\template\base.py", line 568, in invalid_block_tag
    raise self.error(
django.template.exceptions.TemplateSyntaxError: Invalid block tag on line 83: 'endblock'. Did you forget to register or load this tag?
"GET /super/admins/ HTTP/1.1" 500 174134
Internal Server Error: /super/admins/
Traceback (most recent call last):
  File "C:\Users\varap\Desktop\Major Project\venv\lib\site-packages\django\template\base.py", line 505, in parse
    compile_func = self.tags[command]
KeyError: 'endblock'

During handling of the above exception, another exception occurred:

Traceback (most recent call last):
  File "C:\Users\varap\Desktop\Major Project\venv\lib\site-packages\django\core\handlers\exception.py", line 55, in inner
    response = get_response(request)
  File "C:\Users\varap\Desktop\Major Project\venv\lib\site-packages\django\core\handlers\base.py", line 197, in _get_response
    response = wrapped_callback(request, *callback_args, **callback_kwargs)
  File "C:\Users\varap\Desktop\Major Project\venv\lib\site-packages\django\contrib\auth\decorators.py", line 23, in _wrapper_view
    return view_func(request, *args, **kwargs)
  File "C:\Users\varap\Desktop\Major Project\venv\lib\site-packages\django\contrib\auth\decorators.py", line 23, in _wrapper_view
    return view_func(request, *args, **kwargs)
  File "C:\Users\varap\Desktop\Major Project\users\views.py", line 159, in manage_admins
    return render(request, 'super/manage_admins.html', {'admins': admins})
  File "C:\Users\varap\Desktop\Major Project\venv\lib\site-packages\django\shortcuts.py", line 24, in render
    content = loader.render_to_string(template_name, context, request, using=using)
  File "C:\Users\varap\Desktop\Major Project\venv\lib\site-packages\django\template\loader.py", line 61, in render_to_string
    template = get_template(template_name, using=using)
  File "C:\Users\varap\Desktop\Major Project\venv\lib\site-packages\django\template\loader.py", line 15, in get_template
    return engine.get_template(template_name)
  File "C:\Users\varap\Desktop\Major Project\venv\lib\site-packages\django\template\backends\django.py", line 33, in get_template
    return Template(self.engine.get_template(template_name), self)
  File "C:\Users\varap\Desktop\Major Project\venv\lib\site-packages\django\template\engine.py", line 175, in get_template
    template, origin = self.find_template(template_name)
  File "C:\Users\varap\Desktop\Major Project\venv\lib\site-packages\django\template\engine.py", line 157, in find_template
    template = loader.get_template(name, skip=skip)
  File "C:\Users\varap\Desktop\Major Project\venv\lib\site-packages\django\template\loaders\cached.py", line 57, in get_template
    template = super().get_template(template_name, skip)
  File "C:\Users\varap\Desktop\Major Project\venv\lib\site-packages\django\template\loaders\base.py", line 28, in get_template
    return Template(
  File "C:\Users\varap\Desktop\Major Project\venv\lib\site-packages\django\template\base.py", line 154, in __init__
    self.nodelist = self.compile_nodelist()
  File "C:\Users\varap\Desktop\Major Project\venv\lib\site-packages\django\template\base.py", line 200, in compile_nodelist
    return parser.parse()
  File "C:\Users\varap\Desktop\Major Project\venv\lib\site-packages\django\template\base.py", line 513, in parse
    raise self.error(token, e)
  File "C:\Users\varap\Desktop\Major Project\venv\lib\site-packages\django\template\base.py", line 511, in parse
    compiled_result = compile_func(self, token)
  File "C:\Users\varap\Desktop\Major Project\venv\lib\site-packages\django\template\loader_tags.py", line 293, in do_extends
    nodelist = parser.parse()
  File "C:\Users\varap\Desktop\Major Project\venv\lib\site-packages\django\template\base.py", line 507, in parse
    self.invalid_block_tag(token, command, parse_until)
  File "C:\Users\varap\Desktop\Major Project\venv\lib\site-packages\django\template\base.py", line 568, in invalid_block_tag
    raise self.error(
django.template.exceptions.TemplateSyntaxError: Invalid block tag on line 83: 'endblock'. Did you forget to register or load this tag?
"GET /super/admins/ HTTP/1.1" 500 173997
Internal Server Error: /super/admins/
Traceback (most recent call last):
  File "C:\Users\varap\Desktop\Major Project\venv\lib\site-packages\django\template\base.py", line 505, in parse
    compile_func = self.tags[command]
KeyError: 'endblock'

During handling of the above exception, another exception occurred:

Traceback (most recent call last):
  File "C:\Users\varap\Desktop\Major Project\venv\lib\site-packages\django\core\handlers\exception.py", line 55, in inner
    response = get_response(request)
  File "C:\Users\varap\Desktop\Major Project\venv\lib\site-packages\django\core\handlers\base.py", line 197, in _get_response
    response = wrapped_callback(request, *callback_args, **callback_kwargs)
  File "C:\Users\varap\Desktop\Major Project\venv\lib\site-packages\django\contrib\auth\decorators.py", line 23, in _wrapper_view
    return view_func(request, *args, **kwargs)
  File "C:\Users\varap\Desktop\Major Project\venv\lib\site-packages\django\contrib\auth\decorators.py", line 23, in _wrapper_view
    return view_func(request, *args, **kwargs)
  File "C:\Users\varap\Desktop\Major Project\users\views.py", line 159, in manage_admins
    return render(request, 'super/manage_admins.html', {'admins': admins})
  File "C:\Users\varap\Desktop\Major Project\venv\lib\site-packages\django\shortcuts.py", line 24, in render
    content = loader.render_to_string(template_name, context, request, using=using)
  File "C:\Users\varap\Desktop\Major Project\venv\lib\site-packages\django\template\loader.py", line 61, in render_to_string
    template = get_template(template_name, using=using)
  File "C:\Users\varap\Desktop\Major Project\venv\lib\site-packages\django\template\loader.py", line 15, in get_template
    return engine.get_template(template_name)
  File "C:\Users\varap\Desktop\Major Project\venv\lib\site-packages\django\template\backends\django.py", line 33, in get_template
    return Template(self.engine.get_template(template_name), self)
  File "C:\Users\varap\Desktop\Major Project\venv\lib\site-packages\django\template\engine.py", line 175, in get_template
    template, origin = self.find_template(template_name)
  File "C:\Users\varap\Desktop\Major Project\venv\lib\site-packages\django\template\engine.py", line 157, in find_template
    template = loader.get_template(name, skip=skip)
  File "C:\Users\varap\Desktop\Major Project\venv\lib\site-packages\django\template\loaders\cached.py", line 57, in get_template
    template = super().get_template(template_name, skip)
  File "C:\Users\varap\Desktop\Major Project\venv\lib\site-packages\django\template\loaders\base.py", line 28, in get_template
    return Template(
  File "C:\Users\varap\Desktop\Major Project\venv\lib\site-packages\django\template\base.py", line 154, in __init__
    self.nodelist = self.compile_nodelist()
  File "C:\Users\varap\Desktop\Major Project\venv\lib\site-packages\django\template\base.py", line 200, in compile_nodelist
    return parser.parse()
  File "C:\Users\varap\Desktop\Major Project\venv\lib\site-packages\django\template\base.py", line 513, in parse
    raise self.error(token, e)
  File "C:\Users\varap\Desktop\Major Project\venv\lib\site-packages\django\template\base.py", line 511, in parse
    compiled_result = compile_func(self, token)
  File "C:\Users\varap\Desktop\Major Project\venv\lib\site-packages\django\template\loader_tags.py", line 293, in do_extends
    nodelist = parser.parse()
  File "C:\Users\varap\Desktop\Major Project\venv\lib\site-packages\django\template\base.py", line 507, in parse
    self.invalid_block_tag(token, command, parse_until)
  File "C:\Users\varap\Desktop\Major Project\venv\lib\site-packages\django\template\base.py", line 568, in invalid_block_tag
    raise self.error(
django.template.exceptions.TemplateSyntaxError: Invalid block tag on line 83: 'endblock'. Did you forget to register or load this tag?
"GET /super/admins/ HTTP/1.1" 500 174134
Internal Server Error: /super/admins/
Traceback (most recent call last):
  File "C:\Users\varap\Desktop\Major Project\venv\lib\site-packages\django\template\base.py", line 505, in parse
    compile_func = self.tags[command]
KeyError: 'endblock'

During handling of the above exception, another exception occurred:

Traceback (most recent call last):
  File "C:\Users\varap\Desktop\Major Project\venv\lib\site-packages\django\core\handlers\exception.py", line 55, in inner
    response = get_response(request)
  File "C:\Users\varap\Desktop\Major Project\venv\lib\site-packages\django\core\handlers\base.py", line 197, in _get_response
    response = wrapped_callback(request, *callback_args, **callback_kwargs)
  File "C:\Users\varap\Desktop\Major Project\venv\lib\site-packages\django\contrib\auth\decorators.py", line 23, in _wrapper_view
    return view_func(request, *args, **kwargs)
  File "C:\Users\varap\Desktop\Major Project\venv\lib\site-packages\django\contrib\auth\decorators.py", line 23, in _wrapper_view
    return view_func(request, *args, **kwargs)
  File "C:\Users\varap\Desktop\Major Project\users\views.py", line 159, in manage_admins
    return render(request, 'super/manage_admins.html', {'admins': admins})
  File "C:\Users\varap\Desktop\Major Project\venv\lib\site-packages\django\shortcuts.py", line 24, in render
    content = loader.render_to_string(template_name, context, request, using=using)
  File "C:\Users\varap\Desktop\Major Project\venv\lib\site-packages\django\template\loader.py", line 61, in render_to_string
    template = get_template(template_name, using=using)
  File "C:\Users\varap\Desktop\Major Project\venv\lib\site-packages\django\template\loader.py", line 15, in get_template
    return engine.get_template(template_name)
  File "C:\Users\varap\Desktop\Major Project\venv\lib\site-packages\django\template\backends\django.py", line 33, in get_template
    return Template(self.engine.get_template(template_name), self)
  File "C:\Users\varap\Desktop\Major Project\venv\lib\site-packages\django\template\engine.py", line 175, in get_template
    template, origin = self.find_template(template_name)
  File "C:\Users\varap\Desktop\Major Project\venv\lib\site-packages\django\template\engine.py", line 157, in find_template
    template = loader.get_template(name, skip=skip)
  File "C:\Users\varap\Desktop\Major Project\venv\lib\site-packages\django\template\loaders\cached.py", line 57, in get_template
    template = super().get_template(template_name, skip)
  File "C:\Users\varap\Desktop\Major Project\venv\lib\site-packages\django\template\loaders\base.py", line 28, in get_template
    return Template(
  File "C:\Users\varap\Desktop\Major Project\venv\lib\site-packages\django\template\base.py", line 154, in __init__
    self.nodelist = self.compile_nodelist()
  File "C:\Users\varap\Desktop\Major Project\venv\lib\site-packages\django\template\base.py", line 200, in compile_nodelist
    return parser.parse()
  File "C:\Users\varap\Desktop\Major Project\venv\lib\site-packages\django\template\base.py", line 513, in parse
    raise self.error(token, e)
  File "C:\Users\varap\Desktop\Major Project\venv\lib\site-packages\django\template\base.py", line 511, in parse
    compiled_result = compile_func(self, token)
  File "C:\Users\varap\Desktop\Major Project\venv\lib\site-packages\django\template\loader_tags.py", line 293, in do_extends
    nodelist = parser.parse()
  File "C:\Users\varap\Desktop\Major Project\venv\lib\site-packages\django\template\base.py", line 507, in parse
    self.invalid_block_tag(token, command, parse_until)
  File "C:\Users\varap\Desktop\Major Project\venv\lib\site-packages\django\template\base.py", line 568, in invalid_block_tag
    raise self.error(
django.template.exceptions.TemplateSyntaxError: Invalid block tag on line 83: 'endblock'. Did you forget to register or load this tag?
"GET /super/admins/ HTTP/1.1" 500 174134
Internal Server Error: /super/admins/
Traceback (most recent call last):
  File "C:\Users\varap\Desktop\Major Project\venv\lib\site-packages\django\template\base.py", line 505, in parse
    compile_func = self.tags[command]
KeyError: 'endblock'

During handling of the above exception, another exception occurred:

Traceback (most recent call last):
  File "C:\Users\varap\Desktop\Major Project\venv\lib\site-packages\django\core\handlers\exception.py", line 55, in inner
    response = get_response(request)
  File "C:\Users\varap\Desktop\Major Project\venv\lib\site-packages\django\core\handlers\base.py", line 197, in _get_response
    response = wrapped_callback(request, *callback_args, **callback_kwargs)
  File "C:\Users\varap\Desktop\Major Project\venv\lib\site-packages\django\contrib\auth\decorators.py", line 23, in _wrapper_view
    return view_func(request, *args, **kwargs)
  File "C:\Users\varap\Desktop\Major Project\venv\lib\site-packages\django\contrib\auth\decorators.py", line 23, in _wrapper_view
    return view_func(request, *args, **kwargs)
  File "C:\Users\varap\Desktop\Major Project\users\views.py", line 159, in manage_admins
    return render(request, 'super/manage_admins.html', {'admins': admins})
  File "C:\Users\varap\Desktop\Major Project\venv\lib\site-packages\django\shortcuts.py", line 24, in render
    content = loader.render_to_string(template_name, context, request, using=using)
  File "C:\Users\varap\Desktop\Major Project\venv\lib\site-packages\django\template\loader.py", line 61, in render_to_string
    template = get_template(template_name, using=using)
  File "C:\Users\varap\Desktop\Major Project\venv\lib\site-packages\django\template\loader.py", line 15, in get_template
    return engine.get_template(template_name)
  File "C:\Users\varap\Desktop\Major Project\venv\lib\site-packages\django\template\backends\django.py", line 33, in get_template
    return Template(self.engine.get_template(template_name), self)
  File "C:\Users\varap\Desktop\Major Project\venv\lib\site-packages\django\template\engine.py", line 175, in get_template
    template, origin = self.find_template(template_name)
  File "C:\Users\varap\Desktop\Major Project\venv\lib\site-packages\django\template\engine.py", line 157, in find_template
    template = loader.get_template(name, skip=skip)
  File "C:\Users\varap\Desktop\Major Project\venv\lib\site-packages\django\template\loaders\cached.py", line 57, in get_template
    template = super().get_template(template_name, skip)
  File "C:\Users\varap\Desktop\Major Project\venv\lib\site-packages\django\template\loaders\base.py", line 28, in get_template
    return Template(
  File "C:\Users\varap\Desktop\Major Project\venv\lib\site-packages\django\template\base.py", line 154, in __init__
    self.nodelist = self.compile_nodelist()
  File "C:\Users\varap\Desktop\Major Project\venv\lib\site-packages\django\template\base.py", line 200, in compile_nodelist
    return parser.parse()
  File "C:\Users\varap\Desktop\Major Project\venv\lib\site-packages\django\template\base.py", line 513, in parse
    raise self.error(token, e)
  File "C:\Users\varap\Desktop\Major Project\venv\lib\site-packages\django\template\base.py", line 511, in parse
    compiled_result = compile_func(self, token)
  File "C:\Users\varap\Desktop\Major Project\venv\lib\site-packages\django\template\loader_tags.py", line 293, in do_extends
    nodelist = parser.parse()
  File "C:\Users\varap\Desktop\Major Project\venv\lib\site-packages\django\template\base.py", line 507, in parse
    self.invalid_block_tag(token, command, parse_until)
  File "C:\Users\varap\Desktop\Major Project\venv\lib\site-packages\django\template\base.py", line 568, in invalid_block_tag
    raise self.error(
django.template.exceptions.TemplateSyntaxError: Invalid block tag on line 83: 'endblock'. Did you forget to register or load this tag?
"GET /super/admins/ HTTP/1.1" 500 173997
Watching for file changes with StatReloader
Internal Server Error: /super/admins/
Traceback (most recent call last):
  File "C:\Users\varap\Desktop\Major Project\venv\lib\site-packages\django\template\base.py", line 505, in parse
    compile_func = self.tags[command]
KeyError: 'endblock'

During handling of the above exception, another exception occurred:

Traceback (most recent call last):
  File "C:\Users\varap\Desktop\Major Project\venv\lib\site-packages\django\core\handlers\exception.py", line 55, in inner
    response = get_response(request)
  File "C:\Users\varap\Desktop\Major Project\venv\lib\site-packages\django\core\handlers\base.py", line 197, in _get_response
    response = wrapped_callback(request, *callback_args, **callback_kwargs)
  File "C:\Users\varap\Desktop\Major Project\venv\lib\site-packages\django\contrib\auth\decorators.py", line 23, in _wrapper_view
    return view_func(request, *args, **kwargs)
  File "C:\Users\varap\Desktop\Major Project\venv\lib\site-packages\django\contrib\auth\decorators.py", line 23, in _wrapper_view
    return view_func(request, *args, **kwargs)
  File "C:\Users\varap\Desktop\Major Project\users\views.py", line 159, in manage_admins
    return render(request, 'super/manage_admins.html', {'admins': admins})
  File "C:\Users\varap\Desktop\Major Project\venv\lib\site-packages\django\shortcuts.py", line 24, in render
    content = loader.render_to_string(template_name, context, request, using=using)
  File "C:\Users\varap\Desktop\Major Project\venv\lib\site-packages\django\template\loader.py", line 61, in render_to_string
    template = get_template(template_name, using=using)
  File "C:\Users\varap\Desktop\Major Project\venv\lib\site-packages\django\template\loader.py", line 15, in get_template
    return engine.get_template(template_name)
  File "C:\Users\varap\Desktop\Major Project\venv\lib\site-packages\django\template\backends\django.py", line 33, in get_template
    return Template(self.engine.get_template(template_name), self)
  File "C:\Users\varap\Desktop\Major Project\venv\lib\site-packages\django\template\engine.py", line 175, in get_template
    template, origin = self.find_template(template_name)
  File "C:\Users\varap\Desktop\Major Project\venv\lib\site-packages\django\template\engine.py", line 157, in find_template
    template = loader.get_template(name, skip=skip)
  File "C:\Users\varap\Desktop\Major Project\venv\lib\site-packages\django\template\loaders\cached.py", line 57, in get_template
    template = super().get_template(template_name, skip)
  File "C:\Users\varap\Desktop\Major Project\venv\lib\site-packages\django\template\loaders\base.py", line 28, in get_template
    return Template(
  File "C:\Users\varap\Desktop\Major Project\venv\lib\site-packages\django\template\base.py", line 154, in __init__
    self.nodelist = self.compile_nodelist()
  File "C:\Users\varap\Desktop\Major Project\venv\lib\site-packages\django\template\base.py", line 200, in compile_nodelist
    return parser.parse()
  File "C:\Users\varap\Desktop\Major Project\venv\lib\site-packages\django\template\base.py", line 513, in parse
    raise self.error(token, e)
  File "C:\Users\varap\Desktop\Major Project\venv\lib\site-packages\django\template\base.py", line 511, in parse
    compiled_result = compile_func(self, token)
  File "C:\Users\varap\Desktop\Major Project\venv\lib\site-packages\django\template\loader_tags.py", line 293, in do_extends
    nodelist = parser.parse()
  File "C:\Users\varap\Desktop\Major Project\venv\lib\site-packages\django\template\base.py", line 507, in parse
    self.invalid_block_tag(token, command, parse_until)
  File "C:\Users\varap\Desktop\Major Project\venv\lib\site-packages\django\template\base.py", line 568, in invalid_block_tag
    raise self.error(
django.template.exceptions.TemplateSyntaxError: Invalid block tag on line 83: 'endblock'. Did you forget to register or load this tag?
"GET /super/admins/ HTTP/1.1" 500 173830
Internal Server Error: /super/admins/
Traceback (most recent call last):
  File "C:\Users\varap\Desktop\Major Project\venv\lib\site-packages\django\template\base.py", line 505, in parse
    compile_func = self.tags[command]
KeyError: 'endblock'

During handling of the above exception, another exception occurred:

Traceback (most recent call last):
  File "C:\Users\varap\Desktop\Major Project\venv\lib\site-packages\django\core\handlers\exception.py", line 55, in inner
    response = get_response(request)
  File "C:\Users\varap\Desktop\Major Project\venv\lib\site-packages\django\core\handlers\base.py", line 197, in _get_response
    response = wrapped_callback(request, *callback_args, **callback_kwargs)
  File "C:\Users\varap\Desktop\Major Project\venv\lib\site-packages\django\contrib\auth\decorators.py", line 23, in _wrapper_view
    return view_func(request, *args, **kwargs)
  File "C:\Users\varap\Desktop\Major Project\venv\lib\site-packages\django\contrib\auth\decorators.py", line 23, in _wrapper_view
    return view_func(request, *args, **kwargs)
  File "C:\Users\varap\Desktop\Major Project\users\views.py", line 159, in manage_admins
    return render(request, 'super/manage_admins.html', {'admins': admins})
  File "C:\Users\varap\Desktop\Major Project\venv\lib\site-packages\django\shortcuts.py", line 24, in render
    content = loader.render_to_string(template_name, context, request, using=using)
  File "C:\Users\varap\Desktop\Major Project\venv\lib\site-packages\django\template\loader.py", line 61, in render_to_string
    template = get_template(template_name, using=using)
  File "C:\Users\varap\Desktop\Major Project\venv\lib\site-packages\django\template\loader.py", line 15, in get_template
    return engine.get_template(template_name)
  File "C:\Users\varap\Desktop\Major Project\venv\lib\site-packages\django\template\backends\django.py", line 33, in get_template
    return Template(self.engine.get_template(template_name), self)
  File "C:\Users\varap\Desktop\Major Project\venv\lib\site-packages\django\template\engine.py", line 175, in get_template
    template, origin = self.find_template(template_name)
  File "C:\Users\varap\Desktop\Major Project\venv\lib\site-packages\django\template\engine.py", line 157, in find_template
    template = loader.get_template(name, skip=skip)
  File "C:\Users\varap\Desktop\Major Project\venv\lib\site-packages\django\template\loaders\cached.py", line 57, in get_template
    template = super().get_template(template_name, skip)
  File "C:\Users\varap\Desktop\Major Project\venv\lib\site-packages\django\template\loaders\base.py", line 28, in get_template
    return Template(
  File "C:\Users\varap\Desktop\Major Project\venv\lib\site-packages\django\template\base.py", line 154, in __init__
    self.nodelist = self.compile_nodelist()
  File "C:\Users\varap\Desktop\Major Project\venv\lib\site-packages\django\template\base.py", line 200, in compile_nodelist
    return parser.parse()
  File "C:\Users\varap\Desktop\Major Project\venv\lib\site-packages\django\template\base.py", line 513, in parse
    raise self.error(token, e)
  File "C:\Users\varap\Desktop\Major Project\venv\lib\site-packages\django\template\base.py", line 511, in parse
    compiled_result = compile_func(self, token)
  File "C:\Users\varap\Desktop\Major Project\venv\lib\site-packages\django\template\loader_tags.py", line 293, in do_extends
    nodelist = parser.parse()
  File "C:\Users\varap\Desktop\Major Project\venv\lib\site-packages\django\template\base.py", line 507, in parse
    self.invalid_block_tag(token, command, parse_until)
  File "C:\Users\varap\Desktop\Major Project\venv\lib\site-packages\django\template\base.py", line 568, in invalid_block_tag
    raise self.error(
django.template.exceptions.TemplateSyntaxError: Invalid block tag on line 83: 'endblock'. Did you forget to register or load this tag?
"GET /super/admins/ HTTP/1.1" 500 173997
Internal Server Error: /super/admins/
Traceback (most recent call last):
  File "C:\Users\varap\Desktop\Major Project\venv\lib\site-packages\django\template\base.py", line 505, in parse
    compile_func = self.tags[command]
KeyError: 'endblock'

During handling of the above exception, another exception occurred:

Traceback (most recent call last):
  File "C:\Users\varap\Desktop\Major Project\venv\lib\site-packages\django\core\handlers\exception.py", line 55, in inner
    response = get_response(request)
  File "C:\Users\varap\Desktop\Major Project\venv\lib\site-packages\django\core\handlers\base.py", line 197, in _get_response
    response = wrapped_callback(request, *callback_args, **callback_kwargs)
  File "C:\Users\varap\Desktop\Major Project\venv\lib\site-packages\django\contrib\auth\decorators.py", line 23, in _wrapper_view
    return view_func(request, *args, **kwargs)
  File "C:\Users\varap\Desktop\Major Project\venv\lib\site-packages\django\contrib\auth\decorators.py", line 23, in _wrapper_view
    return view_func(request, *args, **kwargs)
  File "C:\Users\varap\Desktop\Major Project\users\views.py", line 159, in manage_admins
    return render(request, 'super/manage_admins.html', {'admins': admins})
  File "C:\Users\varap\Desktop\Major Project\venv\lib\site-packages\django\shortcuts.py", line 24, in render
    content = loader.render_to_string(template_name, context, request, using=using)
  File "C:\Users\varap\Desktop\Major Project\venv\lib\site-packages\django\template\loader.py", line 61, in render_to_string
    template = get_template(template_name, using=using)
  File "C:\Users\varap\Desktop\Major Project\venv\lib\site-packages\django\template\loader.py", line 15, in get_template
    return engine.get_template(template_name)
  File "C:\Users\varap\Desktop\Major Project\venv\lib\site-packages\django\template\backends\django.py", line 33, in get_template
    return Template(self.engine.get_template(template_name), self)
  File "C:\Users\varap\Desktop\Major Project\venv\lib\site-packages\django\template\engine.py", line 175, in get_template
    template, origin = self.find_template(template_name)
  File "C:\Users\varap\Desktop\Major Project\venv\lib\site-packages\django\template\engine.py", line 157, in find_template
    template = loader.get_template(name, skip=skip)
  File "C:\Users\varap\Desktop\Major Project\venv\lib\site-packages\django\template\loaders\cached.py", line 57, in get_template
    template = super().get_template(template_name, skip)
  File "C:\Users\varap\Desktop\Major Project\venv\lib\site-packages\django\template\loaders\base.py", line 28, in get_template
    return Template(
  File "C:\Users\varap\Desktop\Major Project\venv\lib\site-packages\django\template\base.py", line 154, in __init__
    self.nodelist = self.compile_nodelist()
  File "C:\Users\varap\Desktop\Major Project\venv\lib\site-packages\django\template\base.py", line 200, in compile_nodelist
    return parser.parse()
  File "C:\Users\varap\Desktop\Major Project\venv\lib\site-packages\django\template\base.py", line 513, in parse
    raise self.error(token, e)
  File "C:\Users\varap\Desktop\Major Project\venv\lib\site-packages\django\template\base.py", line 511, in parse
    compiled_result = compile_func(self, token)
  File "C:\Users\varap\Desktop\Major Project\venv\lib\site-packages\django\template\loader_tags.py", line 293, in do_extends
    nodelist = parser.parse()
  File "C:\Users\varap\Desktop\Major Project\venv\lib\site-packages\django\template\base.py", line 507, in parse
    self.invalid_block_tag(token, command, parse_until)
  File "C:\Users\varap\Desktop\Major Project\venv\lib\site-packages\django\template\base.py", line 568, in invalid_block_tag
    raise self.error(
django.template.exceptions.TemplateSyntaxError: Invalid block tag on line 83: 'endblock'. Did you forget to register or load this tag?
"GET /super/admins/ HTTP/1.1" 500 173997
Internal Server Error: /super/admins/
Traceback (most recent call last):
  File "C:\Users\varap\Desktop\Major Project\venv\lib\site-packages\django\template\base.py", line 505, in parse
    compile_func = self.tags[command]
KeyError: 'endblock'

During handling of the above exception, another exception occurred:

Traceback (most recent call last):
  File "C:\Users\varap\Desktop\Major Project\venv\lib\site-packages\django\core\handlers\exception.py", line 55, in inner
    response = get_response(request)
  File "C:\Users\varap\Desktop\Major Project\venv\lib\site-packages\django\core\handlers\base.py", line 197, in _get_response
    response = wrapped_callback(request, *callback_args, **callback_kwargs)
  File "C:\Users\varap\Desktop\Major Project\venv\lib\site-packages\django\contrib\auth\decorators.py", line 23, in _wrapper_view
    return view_func(request, *args, **kwargs)
  File "C:\Users\varap\Desktop\Major Project\venv\lib\site-packages\django\contrib\auth\decorators.py", line 23, in _wrapper_view
    return view_func(request, *args, **kwargs)
  File "C:\Users\varap\Desktop\Major Project\users\views.py", line 159, in manage_admins
    return render(request, 'super/manage_admins.html', {'admins': admins})
  File "C:\Users\varap\Desktop\Major Project\venv\lib\site-packages\django\shortcuts.py", line 24, in render
    content = loader.render_to_string(template_name, context, request, using=using)
  File "C:\Users\varap\Desktop\Major Project\venv\lib\site-packages\django\template\loader.py", line 61, in render_to_string
    template = get_template(template_name, using=using)
  File "C:\Users\varap\Desktop\Major Project\venv\lib\site-packages\django\template\loader.py", line 15, in get_template
    return engine.get_template(template_name)
  File "C:\Users\varap\Desktop\Major Project\venv\lib\site-packages\django\template\backends\django.py", line 33, in get_template
    return Template(self.engine.get_template(template_name), self)
  File "C:\Users\varap\Desktop\Major Project\venv\lib\site-packages\django\template\engine.py", line 175, in get_template
    template, origin = self.find_template(template_name)
  File "C:\Users\varap\Desktop\Major Project\venv\lib\site-packages\django\template\engine.py", line 157, in find_template
    template = loader.get_template(name, skip=skip)
  File "C:\Users\varap\Desktop\Major Project\venv\lib\site-packages\django\template\loaders\cached.py", line 57, in get_template
    template = super().get_template(template_name, skip)
  File "C:\Users\varap\Desktop\Major Project\venv\lib\site-packages\django\template\loaders\base.py", line 28, in get_template
    return Template(
  File "C:\Users\varap\Desktop\Major Project\venv\lib\site-packages\django\template\base.py", line 154, in __init__
    self.nodelist = self.compile_nodelist()
  File "C:\Users\varap\Desktop\Major Project\venv\lib\site-packages\django\template\base.py", line 200, in compile_nodelist
    return parser.parse()
  File "C:\Users\varap\Desktop\Major Project\venv\lib\site-packages\django\template\base.py", line 513, in parse
    raise self.error(token, e)
  File "C:\Users\varap\Desktop\Major Project\venv\lib\site-packages\django\template\base.py", line 511, in parse
    compiled_result = compile_func(self, token)
  File "C:\Users\varap\Desktop\Major Project\venv\lib\site-packages\django\template\loader_tags.py", line 293, in do_extends
    nodelist = parser.parse()
  File "C:\Users\varap\Desktop\Major Project\venv\lib\site-packages\django\template\base.py", line 507, in parse
    self.invalid_block_tag(token, command, parse_until)
  File "C:\Users\varap\Desktop\Major Project\venv\lib\site-packages\django\template\base.py", line 568, in invalid_block_tag
    raise self.error(
django.template.exceptions.TemplateSyntaxError: Invalid block tag on line 83: 'endblock'. Did you forget to register or load this tag?
"GET /super/admins/ HTTP/1.1" 500 173997
"GET /super/dashboard/ HTTP/1.1" 200 13196
Internal Server Error: /super/settings/
Traceback (most recent call last):
  File "C:\Users\varap\Desktop\Major Project\venv\lib\site-packages\django\core\handlers\exception.py", line 55, in inner
    response = get_response(request)
  File "C:\Users\varap\Desktop\Major Project\venv\lib\site-packages\django\core\handlers\base.py", line 197, in _get_response
    response = wrapped_callback(request, *callback_args, **callback_kwargs)
  File "C:\Users\varap\Desktop\Major Project\venv\lib\site-packages\django\contrib\auth\decorators.py", line 23, in _wrapper_view
    return view_func(request, *args, **kwargs)
  File "C:\Users\varap\Desktop\Major Project\venv\lib\site-packages\django\contrib\auth\decorators.py", line 23, in _wrapper_view
    return view_func(request, *args, **kwargs)
  File "C:\Users\varap\Desktop\Major Project\users\views.py", line 181, in admin_settings
    return render(request, 'super/settings.html', context)
  File "C:\Users\varap\Desktop\Major Project\venv\lib\site-packages\django\shortcuts.py", line 24, in render
    content = loader.render_to_string(template_name, context, request, using=using)
  File "C:\Users\varap\Desktop\Major Project\venv\lib\site-packages\django\template\loader.py", line 61, in render_to_string
    template = get_template(template_name, using=using)
  File "C:\Users\varap\Desktop\Major Project\venv\lib\site-packages\django\template\loader.py", line 19, in get_template
    raise TemplateDoesNotExist(template_name, chain=chain)
django.template.exceptions.TemplateDoesNotExist: super/settings.html
"GET /super/settings/ HTTP/1.1" 500 98267
Internal Server Error: /super/admins/
Traceback (most recent call last):
  File "C:\Users\varap\Desktop\Major Project\venv\lib\site-packages\django\template\base.py", line 505, in parse
    compile_func = self.tags[command]
KeyError: 'endblock'

During handling of the above exception, another exception occurred:

Traceback (most recent call last):
  File "C:\Users\varap\Desktop\Major Project\venv\lib\site-packages\django\core\handlers\exception.py", line 55, in inner
    response = get_response(request)
  File "C:\Users\varap\Desktop\Major Project\venv\lib\site-packages\django\core\handlers\base.py", line 197, in _get_response
    response = wrapped_callback(request, *callback_args, **callback_kwargs)
  File "C:\Users\varap\Desktop\Major Project\venv\lib\site-packages\django\contrib\auth\decorators.py", line 23, in _wrapper_view
    return view_func(request, *args, **kwargs)
  File "C:\Users\varap\Desktop\Major Project\venv\lib\site-packages\django\contrib\auth\decorators.py", line 23, in _wrapper_view
    return view_func(request, *args, **kwargs)
  File "C:\Users\varap\Desktop\Major Project\users\views.py", line 159, in manage_admins
    return render(request, 'super/manage_admins.html', {'admins': admins})
  File "C:\Users\varap\Desktop\Major Project\venv\lib\site-packages\django\shortcuts.py", line 24, in render
    content = loader.render_to_string(template_name, context, request, using=using)
  File "C:\Users\varap\Desktop\Major Project\venv\lib\site-packages\django\template\loader.py", line 61, in render_to_string
    template = get_template(template_name, using=using)
  File "C:\Users\varap\Desktop\Major Project\venv\lib\site-packages\django\template\loader.py", line 15, in get_template
    return engine.get_template(template_name)
  File "C:\Users\varap\Desktop\Major Project\venv\lib\site-packages\django\template\backends\django.py", line 33, in get_template
    return Template(self.engine.get_template(template_name), self)
  File "C:\Users\varap\Desktop\Major Project\venv\lib\site-packages\django\template\engine.py", line 175, in get_template
    template, origin = self.find_template(template_name)
  File "C:\Users\varap\Desktop\Major Project\venv\lib\site-packages\django\template\engine.py", line 157, in find_template
    template = loader.get_template(name, skip=skip)
  File "C:\Users\varap\Desktop\Major Project\venv\lib\site-packages\django\template\loaders\cached.py", line 57, in get_template
    template = super().get_template(template_name, skip)
  File "C:\Users\varap\Desktop\Major Project\venv\lib\site-packages\django\template\loaders\base.py", line 28, in get_template
    return Template(
  File "C:\Users\varap\Desktop\Major Project\venv\lib\site-packages\django\template\base.py", line 154, in __init__
    self.nodelist = self.compile_nodelist()
  File "C:\Users\varap\Desktop\Major Project\venv\lib\site-packages\django\template\base.py", line 200, in compile_nodelist
    return parser.parse()
  File "C:\Users\varap\Desktop\Major Project\venv\lib\site-packages\django\template\base.py", line 513, in parse
    raise self.error(token, e)
  File "C:\Users\varap\Desktop\Major Project\venv\lib\site-packages\django\template\base.py", line 511, in parse
    compiled_result = compile_func(self, token)
  File "C:\Users\varap\Desktop\Major Project\venv\lib\site-packages\django\template\loader_tags.py", line 293, in do_extends
    nodelist = parser.parse()
  File "C:\Users\varap\Desktop\Major Project\venv\lib\site-packages\django\template\base.py", line 507, in parse
    self.invalid_block_tag(token, command, parse_until)
  File "C:\Users\varap\Desktop\Major Project\venv\lib\site-packages\django\template\base.py", line 568, in invalid_block_tag
    raise self.error(
django.template.exceptions.TemplateSyntaxError: Invalid block tag on line 83: 'endblock'. Did you forget to register or load this tag?
"GET /super/admins/ HTTP/1.1" 500 173997
"GET /admin/ HTTP/1.1" 200 9226
"GET /static/admin/css/nav_sidebar.css HTTP/1.1" 200 2694
"GET /static/admin/css/dark_mode.css HTTP/1.1" 200 2929
"GET /static/admin/css/dashboard.css HTTP/1.1" 200 441
"GET /static/admin/css/base.css HTTP/1.1" 200 21207
"GET /static/admin/css/responsive.css HTTP/1.1" 200 18533
"GET /static/admin/js/theme.js HTTP/1.1" 200 1943
"GET /static/admin/js/nav_sidebar.js HTTP/1.1" 200 3063
"GET /static/admin/img/icon-viewlink.svg HTTP/1.1" 200 581
"GET /static/admin/img/icon-changelink.svg HTTP/1.1" 200 380
"GET /static/admin/img/icon-addlink.svg HTTP/1.1" 200 331
Internal Server Error: /super/settings/
Traceback (most recent call last):
  File "C:\Users\varap\Desktop\Major Project\venv\lib\site-packages\django\core\handlers\exception.py", line 55, in inner
    response = get_response(request)
  File "C:\Users\varap\Desktop\Major Project\venv\lib\site-packages\django\core\handlers\base.py", line 197, in _get_response
    response = wrapped_callback(request, *callback_args, **callback_kwargs)
  File "C:\Users\varap\Desktop\Major Project\venv\lib\site-packages\django\contrib\auth\decorators.py", line 23, in _wrapper_view
    return view_func(request, *args, **kwargs)
  File "C:\Users\varap\Desktop\Major Project\venv\lib\site-packages\django\contrib\auth\decorators.py", line 23, in _wrapper_view
    return view_func(request, *args, **kwargs)
  File "C:\Users\varap\Desktop\Major Project\users\views.py", line 181, in admin_settings
    return render(request, 'super/settings.html', context)
  File "C:\Users\varap\Desktop\Major Project\venv\lib\site-packages\django\shortcuts.py", line 24, in render
    content = loader.render_to_string(template_name, context, request, using=using)
  File "C:\Users\varap\Desktop\Major Project\venv\lib\site-packages\django\template\loader.py", line 61, in render_to_string
    template = get_template(template_name, using=using)
  File "C:\Users\varap\Desktop\Major Project\venv\lib\site-packages\django\template\loader.py", line 19, in get_template
    raise TemplateDoesNotExist(template_name, chain=chain)
django.template.exceptions.TemplateDoesNotExist: super/settings.html
"GET /super/settings/ HTTP/1.1" 500 98267
Internal Server Error: /super/settings/
Traceback (most recent call last):
  File "C:\Users\varap\Desktop\Major Project\venv\lib\site-packages\django\core\handlers\exception.py", line 55, in inner
    response = get_response(request)
  File "C:\Users\varap\Desktop\Major Project\venv\lib\site-packages\django\core\handlers\base.py", line 197, in _get_response
    response = wrapped_callback(request, *callback_args, **callback_kwargs)
  File "C:\Users\varap\Desktop\Major Project\venv\lib\site-packages\django\contrib\auth\decorators.py", line 23, in _wrapper_view
    return view_func(request, *args, **kwargs)
  File "C:\Users\varap\Desktop\Major Project\venv\lib\site-packages\django\contrib\auth\decorators.py", line 23, in _wrapper_view
    return view_func(request, *args, **kwargs)
  File "C:\Users\varap\Desktop\Major Project\users\views.py", line 181, in admin_settings
    return render(request, 'super/settings.html', context)
  File "C:\Users\varap\Desktop\Major Project\venv\lib\site-packages\django\shortcuts.py", line 24, in render
    content = loader.render_to_string(template_name, context, request, using=using)
  File "C:\Users\varap\Desktop\Major Project\venv\lib\site-packages\django\template\loader.py", line 61, in render_to_string
    template = get_template(template_name, using=using)
  File "C:\Users\varap\Desktop\Major Project\venv\lib\site-packages\django\template\loader.py", line 19, in get_template
    raise TemplateDoesNotExist(template_name, chain=chain)
django.template.exceptions.TemplateDoesNotExist: super/settings.html
"GET /super/settings/ HTTP/1.1" 500 98267
"GET /admin/ HTTP/1.1" 200 9226
Internal Server Error: /super/admins/
Traceback (most recent call last):
  File "C:\Users\varap\Desktop\Major Project\venv\lib\site-packages\django\template\base.py", line 505, in parse
    compile_func = self.tags[command]
KeyError: 'endblock'

During handling of the above exception, another exception occurred:

Traceback (most recent call last):
  File "C:\Users\varap\Desktop\Major Project\venv\lib\site-packages\django\core\handlers\exception.py", line 55, in inner
    response = get_response(request)
  File "C:\Users\varap\Desktop\Major Project\venv\lib\site-packages\django\core\handlers\base.py", line 197, in _get_response
    response = wrapped_callback(request, *callback_args, **callback_kwargs)
  File "C:\Users\varap\Desktop\Major Project\venv\lib\site-packages\django\contrib\auth\decorators.py", line 23, in _wrapper_view
    return view_func(request, *args, **kwargs)
  File "C:\Users\varap\Desktop\Major Project\venv\lib\site-packages\django\contrib\auth\decorators.py", line 23, in _wrapper_view
    return view_func(request, *args, **kwargs)
  File "C:\Users\varap\Desktop\Major Project\users\views.py", line 159, in manage_admins
    return render(request, 'super/manage_admins.html', {'admins': admins})
  File "C:\Users\varap\Desktop\Major Project\venv\lib\site-packages\django\shortcuts.py", line 24, in render
    content = loader.render_to_string(template_name, context, request, using=using)
  File "C:\Users\varap\Desktop\Major Project\venv\lib\site-packages\django\template\loader.py", line 61, in render_to_string
    template = get_template(template_name, using=using)
  File "C:\Users\varap\Desktop\Major Project\venv\lib\site-packages\django\template\loader.py", line 15, in get_template
    return engine.get_template(template_name)
  File "C:\Users\varap\Desktop\Major Project\venv\lib\site-packages\django\template\backends\django.py", line 33, in get_template
    return Template(self.engine.get_template(template_name), self)
  File "C:\Users\varap\Desktop\Major Project\venv\lib\site-packages\django\template\engine.py", line 175, in get_template
    template, origin = self.find_template(template_name)
  File "C:\Users\varap\Desktop\Major Project\venv\lib\site-packages\django\template\engine.py", line 157, in find_template
    template = loader.get_template(name, skip=skip)
  File "C:\Users\varap\Desktop\Major Project\venv\lib\site-packages\django\template\loaders\cached.py", line 57, in get_template
    template = super().get_template(template_name, skip)
  File "C:\Users\varap\Desktop\Major Project\venv\lib\site-packages\django\template\loaders\base.py", line 28, in get_template
    return Template(
  File "C:\Users\varap\Desktop\Major Project\venv\lib\site-packages\django\template\base.py", line 154, in __init__
    self.nodelist = self.compile_nodelist()
  File "C:\Users\varap\Desktop\Major Project\venv\lib\site-packages\django\template\base.py", line 200, in compile_nodelist
    return parser.parse()
  File "C:\Users\varap\Desktop\Major Project\venv\lib\site-packages\django\template\base.py", line 513, in parse
    raise self.error(token, e)
  File "C:\Users\varap\Desktop\Major Project\venv\lib\site-packages\django\template\base.py", line 511, in parse
    compiled_result = compile_func(self, token)
  File "C:\Users\varap\Desktop\Major Project\venv\lib\site-packages\django\template\loader_tags.py", line 293, in do_extends
    nodelist = parser.parse()
  File "C:\Users\varap\Desktop\Major Project\venv\lib\site-packages\django\template\base.py", line 507, in parse
    self.invalid_block_tag(token, command, parse_until)
  File "C:\Users\varap\Desktop\Major Project\venv\lib\site-packages\django\template\base.py", line 568, in invalid_block_tag
    raise self.error(
django.template.exceptions.TemplateSyntaxError: Invalid block tag on line 83: 'endblock'. Did you forget to register or load this tag?
"GET /super/admins/ HTTP/1.1" 500 173997
"GET /super/dashboard/ HTTP/1.1" 200 13196
Internal Server Error: /super/admins/
Traceback (most recent call last):
  File "C:\Users\varap\Desktop\Major Project\venv\lib\site-packages\django\template\base.py", line 505, in parse
    compile_func = self.tags[command]
KeyError: 'endblock'

During handling of the above exception, another exception occurred:

Traceback (most recent call last):
  File "C:\Users\varap\Desktop\Major Project\venv\lib\site-packages\django\core\handlers\exception.py", line 55, in inner
    response = get_response(request)
  File "C:\Users\varap\Desktop\Major Project\venv\lib\site-packages\django\core\handlers\base.py", line 197, in _get_response
    response = wrapped_callback(request, *callback_args, **callback_kwargs)
  File "C:\Users\varap\Desktop\Major Project\venv\lib\site-packages\django\contrib\auth\decorators.py", line 23, in _wrapper_view
    return view_func(request, *args, **kwargs)
  File "C:\Users\varap\Desktop\Major Project\venv\lib\site-packages\django\contrib\auth\decorators.py", line 23, in _wrapper_view
    return view_func(request, *args, **kwargs)
  File "C:\Users\varap\Desktop\Major Project\users\views.py", line 159, in manage_admins
    return render(request, 'super/manage_admins.html', {'admins': admins})
  File "C:\Users\varap\Desktop\Major Project\venv\lib\site-packages\django\shortcuts.py", line 24, in render
    content = loader.render_to_string(template_name, context, request, using=using)
  File "C:\Users\varap\Desktop\Major Project\venv\lib\site-packages\django\template\loader.py", line 61, in render_to_string
    template = get_template(template_name, using=using)
  File "C:\Users\varap\Desktop\Major Project\venv\lib\site-packages\django\template\loader.py", line 15, in get_template
    return engine.get_template(template_name)
  File "C:\Users\varap\Desktop\Major Project\venv\lib\site-packages\django\template\backends\django.py", line 33, in get_template
    return Template(self.engine.get_template(template_name), self)
  File "C:\Users\varap\Desktop\Major Project\venv\lib\site-packages\django\template\engine.py", line 175, in get_template
    template, origin = self.find_template(template_name)
  File "C:\Users\varap\Desktop\Major Project\venv\lib\site-packages\django\template\engine.py", line 157, in find_template
    template = loader.get_template(name, skip=skip)
  File "C:\Users\varap\Desktop\Major Project\venv\lib\site-packages\django\template\loaders\cached.py", line 57, in get_template
    template = super().get_template(template_name, skip)
  File "C:\Users\varap\Desktop\Major Project\venv\lib\site-packages\django\template\loaders\base.py", line 28, in get_template
    return Template(
  File "C:\Users\varap\Desktop\Major Project\venv\lib\site-packages\django\template\base.py", line 154, in __init__
    self.nodelist = self.compile_nodelist()
  File "C:\Users\varap\Desktop\Major Project\venv\lib\site-packages\django\template\base.py", line 200, in compile_nodelist
    return parser.parse()
  File "C:\Users\varap\Desktop\Major Project\venv\lib\site-packages\django\template\base.py", line 513, in parse
    raise self.error(token, e)
  File "C:\Users\varap\Desktop\Major Project\venv\lib\site-packages\django\template\base.py", line 511, in parse
    compiled_result = compile_func(self, token)
  File "C:\Users\varap\Desktop\Major Project\venv\lib\site-packages\django\template\loader_tags.py", line 293, in do_extends
    nodelist = parser.parse()
  File "C:\Users\varap\Desktop\Major Project\venv\lib\site-packages\django\template\base.py", line 507, in parse
    self.invalid_block_tag(token, command, parse_until)
  File "C:\Users\varap\Desktop\Major Project\venv\lib\site-packages\django\template\base.py", line 568, in invalid_block_tag
    raise self.error(
django.template.exceptions.TemplateSyntaxError: Invalid block tag on line 83: 'endblock'. Did you forget to register or load this tag?
"GET /super/admins/ HTTP/1.1" 500 173997
Internal Server Error: /super/admins/
Traceback (most recent call last):
  File "C:\Users\varap\Desktop\Major Project\venv\lib\site-packages\django\template\base.py", line 505, in parse
    compile_func = self.tags[command]
KeyError: 'endblock'

During handling of the above exception, another exception occurred:

Traceback (most recent call last):
  File "C:\Users\varap\Desktop\Major Project\venv\lib\site-packages\django\core\handlers\exception.py", line 55, in inner
    response = get_response(request)
  File "C:\Users\varap\Desktop\Major Project\venv\lib\site-packages\django\core\handlers\base.py", line 197, in _get_response
    response = wrapped_callback(request, *callback_args, **callback_kwargs)
  File "C:\Users\varap\Desktop\Major Project\venv\lib\site-packages\django\contrib\auth\decorators.py", line 23, in _wrapper_view
    return view_func(request, *args, **kwargs)
  File "C:\Users\varap\Desktop\Major Project\venv\lib\site-packages\django\contrib\auth\decorators.py", line 23, in _wrapper_view
    return view_func(request, *args, **kwargs)
  File "C:\Users\varap\Desktop\Major Project\users\views.py", line 159, in manage_admins
    return render(request, 'super/manage_admins.html', {'admins': admins})
  File "C:\Users\varap\Desktop\Major Project\venv\lib\site-packages\django\shortcuts.py", line 24, in render
    content = loader.render_to_string(template_name, context, request, using=using)
  File "C:\Users\varap\Desktop\Major Project\venv\lib\site-packages\django\template\loader.py", line 61, in render_to_string
    template = get_template(template_name, using=using)
  File "C:\Users\varap\Desktop\Major Project\venv\lib\site-packages\django\template\loader.py", line 15, in get_template
    return engine.get_template(template_name)
  File "C:\Users\varap\Desktop\Major Project\venv\lib\site-packages\django\template\backends\django.py", line 33, in get_template
    return Template(self.engine.get_template(template_name), self)
  File "C:\Users\varap\Desktop\Major Project\venv\lib\site-packages\django\template\engine.py", line 175, in get_template
    template, origin = self.find_template(template_name)
  File "C:\Users\varap\Desktop\Major Project\venv\lib\site-packages\django\template\engine.py", line 157, in find_template
    template = loader.get_template(name, skip=skip)
  File "C:\Users\varap\Desktop\Major Project\venv\lib\site-packages\django\template\loaders\cached.py", line 57, in get_template
    template = super().get_template(template_name, skip)
  File "C:\Users\varap\Desktop\Major Project\venv\lib\site-packages\django\template\loaders\base.py", line 28, in get_template
    return Template(
  File "C:\Users\varap\Desktop\Major Project\venv\lib\site-packages\django\template\base.py", line 154, in __init__
    self.nodelist = self.compile_nodelist()
  File "C:\Users\varap\Desktop\Major Project\venv\lib\site-packages\django\template\base.py", line 200, in compile_nodelist
    return parser.parse()
  File "C:\Users\varap\Desktop\Major Project\venv\lib\site-packages\django\template\base.py", line 513, in parse
    raise self.error(token, e)
  File "C:\Users\varap\Desktop\Major Project\venv\lib\site-packages\django\template\base.py", line 511, in parse
    compiled_result = compile_func(self, token)
  File "C:\Users\varap\Desktop\Major Project\venv\lib\site-packages\django\template\loader_tags.py", line 293, in do_extends
    nodelist = parser.parse()
  File "C:\Users\varap\Desktop\Major Project\venv\lib\site-packages\django\template\base.py", line 507, in parse
    self.invalid_block_tag(token, command, parse_until)
  File "C:\Users\varap\Desktop\Major Project\venv\lib\site-packages\django\template\base.py", line 568, in invalid_block_tag
    raise self.error(
django.template.exceptions.TemplateSyntaxError: Invalid block tag on line 83: 'endblock'. Did you forget to register or load this tag?
"GET /super/admins/ HTTP/1.1" 500 174134
"GET /super/dashboard/ HTTP/1.1" 200 13196
"GET /super/dashboard/ HTTP/1.1" 200 13196
"GET /super/dashboard/ HTTP/1.1" 200 13196
"GET /super/dashboard/ HTTP/1.1" 200 13196
Watching for file changes with StatReloader
"GET / HTTP/1.1" 302 0
"GET /super/dashboard/ HTTP/1.1" 200 13196
Internal Server Error: /super/admins/
Traceback (most recent call last):
  File "C:\Users\varap\Desktop\Major Project\venv\lib\site-packages\django\template\base.py", line 505, in parse
    compile_func = self.tags[command]
KeyError: 'endblock'

During handling of the above exception, another exception occurred:

Traceback (most recent call last):
  File "C:\Users\varap\Desktop\Major Project\venv\lib\site-packages\django\core\handlers\exception.py", line 55, in inner
    response = get_response(request)
  File "C:\Users\varap\Desktop\Major Project\venv\lib\site-packages\django\core\handlers\base.py", line 197, in _get_response
    response = wrapped_callback(request, *callback_args, **callback_kwargs)
  File "C:\Users\varap\Desktop\Major Project\venv\lib\site-packages\django\contrib\auth\decorators.py", line 23, in _wrapper_view
    return view_func(request, *args, **kwargs)
  File "C:\Users\varap\Desktop\Major Project\venv\lib\site-packages\django\contrib\auth\decorators.py", line 23, in _wrapper_view
    return view_func(request, *args, **kwargs)
  File "C:\Users\varap\Desktop\Major Project\users\views.py", line 159, in manage_admins
    return render(request, 'super/manage_admins.html', {'admins': admins})
  File "C:\Users\varap\Desktop\Major Project\venv\lib\site-packages\django\shortcuts.py", line 24, in render
    content = loader.render_to_string(template_name, context, request, using=using)
  File "C:\Users\varap\Desktop\Major Project\venv\lib\site-packages\django\template\loader.py", line 61, in render_to_string
    template = get_template(template_name, using=using)
  File "C:\Users\varap\Desktop\Major Project\venv\lib\site-packages\django\template\loader.py", line 15, in get_template
    return engine.get_template(template_name)
  File "C:\Users\varap\Desktop\Major Project\venv\lib\site-packages\django\template\backends\django.py", line 33, in get_template
    return Template(self.engine.get_template(template_name), self)
  File "C:\Users\varap\Desktop\Major Project\venv\lib\site-packages\django\template\engine.py", line 175, in get_template
    template, origin = self.find_template(template_name)
  File "C:\Users\varap\Desktop\Major Project\venv\lib\site-packages\django\template\engine.py", line 157, in find_template
    template = loader.get_template(name, skip=skip)
  File "C:\Users\varap\Desktop\Major Project\venv\lib\site-packages\django\template\loaders\cached.py", line 57, in get_template
    template = super().get_template(template_name, skip)
  File "C:\Users\varap\Desktop\Major Project\venv\lib\site-packages\django\template\loaders\base.py", line 28, in get_template
    return Template(
  File "C:\Users\varap\Desktop\Major Project\venv\lib\site-packages\django\template\base.py", line 154, in __init__
    self.nodelist = self.compile_nodelist()
  File "C:\Users\varap\Desktop\Major Project\venv\lib\site-packages\django\template\base.py", line 200, in compile_nodelist
    return parser.parse()
  File "C:\Users\varap\Desktop\Major Project\venv\lib\site-packages\django\template\base.py", line 513, in parse
    raise self.error(token, e)
  File "C:\Users\varap\Desktop\Major Project\venv\lib\site-packages\django\template\base.py", line 511, in parse
    compiled_result = compile_func(self, token)
  File "C:\Users\varap\Desktop\Major Project\venv\lib\site-packages\django\template\loader_tags.py", line 293, in do_extends
    nodelist = parser.parse()
  File "C:\Users\varap\Desktop\Major Project\venv\lib\site-packages\django\template\base.py", line 507, in parse
    self.invalid_block_tag(token, command, parse_until)
  File "C:\Users\varap\Desktop\Major Project\venv\lib\site-packages\django\template\base.py", line 568, in invalid_block_tag
    raise self.error(
django.template.exceptions.TemplateSyntaxError: Invalid block tag on line 83: 'endblock'. Did you forget to register or load this tag?
"GET /super/admins/ HTTP/1.1" 500 173997
Internal Server Error: /super/admins/
Traceback (most recent call last):
  File "C:\Users\varap\Desktop\Major Project\venv\lib\site-packages\django\template\base.py", line 505, in parse
    compile_func = self.tags[command]
KeyError: 'endblock'

During handling of the above exception, another exception occurred:

Traceback (most recent call last):
  File "C:\Users\varap\Desktop\Major Project\venv\lib\site-packages\django\core\handlers\exception.py", line 55, in inner
    response = get_response(request)
  File "C:\Users\varap\Desktop\Major Project\venv\lib\site-packages\django\core\handlers\base.py", line 197, in _get_response
    response = wrapped_callback(request, *callback_args, **callback_kwargs)
  File "C:\Users\varap\Desktop\Major Project\venv\lib\site-packages\django\contrib\auth\decorators.py", line 23, in _wrapper_view
    return view_func(request, *args, **kwargs)
  File "C:\Users\varap\Desktop\Major Project\venv\lib\site-packages\django\contrib\auth\decorators.py", line 23, in _wrapper_view
    return view_func(request, *args, **kwargs)
  File "C:\Users\varap\Desktop\Major Project\users\views.py", line 159, in manage_admins
    return render(request, 'super/manage_admins.html', {'admins': admins})
  File "C:\Users\varap\Desktop\Major Project\venv\lib\site-packages\django\shortcuts.py", line 24, in render
    content = loader.render_to_string(template_name, context, request, using=using)
  File "C:\Users\varap\Desktop\Major Project\venv\lib\site-packages\django\template\loader.py", line 61, in render_to_string
    template = get_template(template_name, using=using)
  File "C:\Users\varap\Desktop\Major Project\venv\lib\site-packages\django\template\loader.py", line 15, in get_template
    return engine.get_template(template_name)
  File "C:\Users\varap\Desktop\Major Project\venv\lib\site-packages\django\template\backends\django.py", line 33, in get_template
    return Template(self.engine.get_template(template_name), self)
  File "C:\Users\varap\Desktop\Major Project\venv\lib\site-packages\django\template\engine.py", line 175, in get_template
    template, origin = self.find_template(template_name)
  File "C:\Users\varap\Desktop\Major Project\venv\lib\site-packages\django\template\engine.py", line 157, in find_template
    template = loader.get_template(name, skip=skip)
  File "C:\Users\varap\Desktop\Major Project\venv\lib\site-packages\django\template\loaders\cached.py", line 57, in get_template
    template = super().get_template(template_name, skip)
  File "C:\Users\varap\Desktop\Major Project\venv\lib\site-packages\django\template\loaders\base.py", line 28, in get_template
    return Template(
  File "C:\Users\varap\Desktop\Major Project\venv\lib\site-packages\django\template\base.py", line 154, in __init__
    self.nodelist = self.compile_nodelist()
  File "C:\Users\varap\Desktop\Major Project\venv\lib\site-packages\django\template\base.py", line 200, in compile_nodelist
    return parser.parse()
  File "C:\Users\varap\Desktop\Major Project\venv\lib\site-packages\django\template\base.py", line 513, in parse
    raise self.error(token, e)
  File "C:\Users\varap\Desktop\Major Project\venv\lib\site-packages\django\template\base.py", line 511, in parse
    compiled_result = compile_func(self, token)
  File "C:\Users\varap\Desktop\Major Project\venv\lib\site-packages\django\template\loader_tags.py", line 293, in do_extends
    nodelist = parser.parse()
  File "C:\Users\varap\Desktop\Major Project\venv\lib\site-packages\django\template\base.py", line 507, in parse
    self.invalid_block_tag(token, command, parse_until)
  File "C:\Users\varap\Desktop\Major Project\venv\lib\site-packages\django\template\base.py", line 568, in invalid_block_tag
    raise self.error(
django.template.exceptions.TemplateSyntaxError: Invalid block tag on line 83: 'endblock'. Did you forget to register or load this tag?
"GET /super/admins/ HTTP/1.1" 500 173997
"GET /super/dashboard/ HTTP/1.1" 200 13196
"GET /super/dashboard/ HTTP/1.1" 200 13196
"GET /super/dashboard/ HTTP/1.1" 200 13196
"GET /super/dashboard/ HTTP/1.1" 200 13196
"GET /super/dashboard/ HTTP/1.1" 200 13196
"GET /super/dashboard/ HTTP/1.1" 200 13196
Internal Server Error: /super/admins/
Traceback (most recent call last):
  File "C:\Users\varap\Desktop\Major Project\venv\lib\site-packages\django\template\base.py", line 505, in parse
    compile_func = self.tags[command]
KeyError: 'endblock'

During handling of the above exception, another exception occurred:

Traceback (most recent call last):
  File "C:\Users\varap\Desktop\Major Project\venv\lib\site-packages\django\core\handlers\exception.py", line 55, in inner
    response = get_response(request)
  File "C:\Users\varap\Desktop\Major Project\venv\lib\site-packages\django\core\handlers\base.py", line 197, in _get_response
    response = wrapped_callback(request, *callback_args, **callback_kwargs)
  File "C:\Users\varap\Desktop\Major Project\venv\lib\site-packages\django\contrib\auth\decorators.py", line 23, in _wrapper_view
    return view_func(request, *args, **kwargs)
  File "C:\Users\varap\Desktop\Major Project\venv\lib\site-packages\django\contrib\auth\decorators.py", line 23, in _wrapper_view
    return view_func(request, *args, **kwargs)
  File "C:\Users\varap\Desktop\Major Project\users\views.py", line 159, in manage_admins
    return render(request, 'super/manage_admins.html', {'admins': admins})
  File "C:\Users\varap\Desktop\Major Project\venv\lib\site-packages\django\shortcuts.py", line 24, in render
    content = loader.render_to_string(template_name, context, request, using=using)
  File "C:\Users\varap\Desktop\Major Project\venv\lib\site-packages\django\template\loader.py", line 61, in render_to_string
    template = get_template(template_name, using=using)
  File "C:\Users\varap\Desktop\Major Project\venv\lib\site-packages\django\template\loader.py", line 15, in get_template
    return engine.get_template(template_name)
  File "C:\Users\varap\Desktop\Major Project\venv\lib\site-packages\django\template\backends\django.py", line 33, in get_template
    return Template(self.engine.get_template(template_name), self)
  File "C:\Users\varap\Desktop\Major Project\venv\lib\site-packages\django\template\engine.py", line 175, in get_template
    template, origin = self.find_template(template_name)
  File "C:\Users\varap\Desktop\Major Project\venv\lib\site-packages\django\template\engine.py", line 157, in find_template
    template = loader.get_template(name, skip=skip)
  File "C:\Users\varap\Desktop\Major Project\venv\lib\site-packages\django\template\loaders\cached.py", line 57, in get_template
    template = super().get_template(template_name, skip)
  File "C:\Users\varap\Desktop\Major Project\venv\lib\site-packages\django\template\loaders\base.py", line 28, in get_template
    return Template(
  File "C:\Users\varap\Desktop\Major Project\venv\lib\site-packages\django\template\base.py", line 154, in __init__
    self.nodelist = self.compile_nodelist()
  File "C:\Users\varap\Desktop\Major Project\venv\lib\site-packages\django\template\base.py", line 200, in compile_nodelist
    return parser.parse()
  File "C:\Users\varap\Desktop\Major Project\venv\lib\site-packages\django\template\base.py", line 513, in parse
    raise self.error(token, e)
  File "C:\Users\varap\Desktop\Major Project\venv\lib\site-packages\django\template\base.py", line 511, in parse
    compiled_result = compile_func(self, token)
  File "C:\Users\varap\Desktop\Major Project\venv\lib\site-packages\django\template\loader_tags.py", line 293, in do_extends
    nodelist = parser.parse()
  File "C:\Users\varap\Desktop\Major Project\venv\lib\site-packages\django\template\base.py", line 507, in parse
    self.invalid_block_tag(token, command, parse_until)
  File "C:\Users\varap\Desktop\Major Project\venv\lib\site-packages\django\template\base.py", line 568, in invalid_block_tag
    raise self.error(
django.template.exceptions.TemplateSyntaxError: Invalid block tag on line 83: 'endblock'. Did you forget to register or load this tag?
"GET /super/admins/ HTTP/1.1" 500 173997
Watching for file changes with StatReloader
"GET / HTTP/1.1" 302 0
"GET /super/dashboard/ HTTP/1.1" 200 13196
Not Found: /favicon.ico
"GET /favicon.ico HTTP/1.1" 404 5683
Internal Server Error: /super/admins/
Traceback (most recent call last):
  File "C:\Users\varap\Desktop\Major Project\venv\lib\site-packages\django\template\base.py", line 505, in parse
    compile_func = self.tags[command]
KeyError: 'endblock'

During handling of the above exception, another exception occurred:

Traceback (most recent call last):
  File "C:\Users\varap\Desktop\Major Project\venv\lib\site-packages\django\core\handlers\exception.py", line 55, in inner
    response = get_response(request)
  File "C:\Users\varap\Desktop\Major Project\venv\lib\site-packages\django\core\handlers\base.py", line 197, in _get_response
    response = wrapped_callback(request, *callback_args, **callback_kwargs)
  File "C:\Users\varap\Desktop\Major Project\venv\lib\site-packages\django\contrib\auth\decorators.py", line 23, in _wrapper_view
    return view_func(request, *args, **kwargs)
  File "C:\Users\varap\Desktop\Major Project\venv\lib\site-packages\django\contrib\auth\decorators.py", line 23, in _wrapper_view
    return view_func(request, *args, **kwargs)
  File "C:\Users\varap\Desktop\Major Project\users\views.py", line 159, in manage_admins
    return render(request, 'super/manage_admins.html', {'admins': admins})
  File "C:\Users\varap\Desktop\Major Project\venv\lib\site-packages\django\shortcuts.py", line 24, in render
    content = loader.render_to_string(template_name, context, request, using=using)
  File "C:\Users\varap\Desktop\Major Project\venv\lib\site-packages\django\template\loader.py", line 61, in render_to_string
    template = get_template(template_name, using=using)
  File "C:\Users\varap\Desktop\Major Project\venv\lib\site-packages\django\template\loader.py", line 15, in get_template
    return engine.get_template(template_name)
  File "C:\Users\varap\Desktop\Major Project\venv\lib\site-packages\django\template\backends\django.py", line 33, in get_template
    return Template(self.engine.get_template(template_name), self)
  File "C:\Users\varap\Desktop\Major Project\venv\lib\site-packages\django\template\engine.py", line 175, in get_template
    template, origin = self.find_template(template_name)
  File "C:\Users\varap\Desktop\Major Project\venv\lib\site-packages\django\template\engine.py", line 157, in find_template
    template = loader.get_template(name, skip=skip)
  File "C:\Users\varap\Desktop\Major Project\venv\lib\site-packages\django\template\loaders\cached.py", line 57, in get_template
    template = super().get_template(template_name, skip)
  File "C:\Users\varap\Desktop\Major Project\venv\lib\site-packages\django\template\loaders\base.py", line 28, in get_template
    return Template(
  File "C:\Users\varap\Desktop\Major Project\venv\lib\site-packages\django\template\base.py", line 154, in __init__
    self.nodelist = self.compile_nodelist()
  File "C:\Users\varap\Desktop\Major Project\venv\lib\site-packages\django\template\base.py", line 200, in compile_nodelist
    return parser.parse()
  File "C:\Users\varap\Desktop\Major Project\venv\lib\site-packages\django\template\base.py", line 513, in parse
    raise self.error(token, e)
  File "C:\Users\varap\Desktop\Major Project\venv\lib\site-packages\django\template\base.py", line 511, in parse
    compiled_result = compile_func(self, token)
  File "C:\Users\varap\Desktop\Major Project\venv\lib\site-packages\django\template\loader_tags.py", line 293, in do_extends
    nodelist = parser.parse()
  File "C:\Users\varap\Desktop\Major Project\venv\lib\site-packages\django\template\base.py", line 507, in parse
    self.invalid_block_tag(token, command, parse_until)
  File "C:\Users\varap\Desktop\Major Project\venv\lib\site-packages\django\template\base.py", line 568, in invalid_block_tag
    raise self.error(
django.template.exceptions.TemplateSyntaxError: Invalid block tag on line 83: 'endblock'. Did you forget to register or load this tag?
"GET /super/admins/ HTTP/1.1" 500 173997
Watching for file changes with StatReloader
"GET / HTTP/1.1" 302 0
"GET /super/dashboard/ HTTP/1.1" 200 13196
Internal Server Error: /super/admins/
Traceback (most recent call last):
  File "C:\Users\varap\Desktop\Major Project\venv\lib\site-packages\django\template\base.py", line 505, in parse
    compile_func = self.tags[command]
KeyError: 'endblock'

During handling of the above exception, another exception occurred:

Traceback (most recent call last):
  File "C:\Users\varap\Desktop\Major Project\venv\lib\site-packages\django\core\handlers\exception.py", line 55, in inner
    response = get_response(request)
  File "C:\Users\varap\Desktop\Major Project\venv\lib\site-packages\django\core\handlers\base.py", line 197, in _get_response
    response = wrapped_callback(request, *callback_args, **callback_kwargs)
  File "C:\Users\varap\Desktop\Major Project\venv\lib\site-packages\django\contrib\auth\decorators.py", line 23, in _wrapper_view
    return view_func(request, *args, **kwargs)
  File "C:\Users\varap\Desktop\Major Project\venv\lib\site-packages\django\contrib\auth\decorators.py", line 23, in _wrapper_view
    return view_func(request, *args, **kwargs)
  File "C:\Users\varap\Desktop\Major Project\users\views.py", line 159, in manage_admins
    return render(request, 'super/manage_admins.html', {'admins': admins})
  File "C:\Users\varap\Desktop\Major Project\venv\lib\site-packages\django\shortcuts.py", line 24, in render
    content = loader.render_to_string(template_name, context, request, using=using)
  File "C:\Users\varap\Desktop\Major Project\venv\lib\site-packages\django\template\loader.py", line 61, in render_to_string
    template = get_template(template_name, using=using)
  File "C:\Users\varap\Desktop\Major Project\venv\lib\site-packages\django\template\loader.py", line 15, in get_template
    return engine.get_template(template_name)
  File "C:\Users\varap\Desktop\Major Project\venv\lib\site-packages\django\template\backends\django.py", line 33, in get_template
    return Template(self.engine.get_template(template_name), self)
  File "C:\Users\varap\Desktop\Major Project\venv\lib\site-packages\django\template\engine.py", line 175, in get_template
    template, origin = self.find_template(template_name)
  File "C:\Users\varap\Desktop\Major Project\venv\lib\site-packages\django\template\engine.py", line 157, in find_template
    template = loader.get_template(name, skip=skip)
  File "C:\Users\varap\Desktop\Major Project\venv\lib\site-packages\django\template\loaders\cached.py", line 57, in get_template
    template = super().get_template(template_name, skip)
  File "C:\Users\varap\Desktop\Major Project\venv\lib\site-packages\django\template\loaders\base.py", line 28, in get_template
    return Template(
  File "C:\Users\varap\Desktop\Major Project\venv\lib\site-packages\django\template\base.py", line 154, in __init__
    self.nodelist = self.compile_nodelist()
  File "C:\Users\varap\Desktop\Major Project\venv\lib\site-packages\django\template\base.py", line 200, in compile_nodelist
    return parser.parse()
  File "C:\Users\varap\Desktop\Major Project\venv\lib\site-packages\django\template\base.py", line 513, in parse
    raise self.error(token, e)
  File "C:\Users\varap\Desktop\Major Project\venv\lib\site-packages\django\template\base.py", line 511, in parse
    compiled_result = compile_func(self, token)
  File "C:\Users\varap\Desktop\Major Project\venv\lib\site-packages\django\template\loader_tags.py", line 293, in do_extends
    nodelist = parser.parse()
  File "C:\Users\varap\Desktop\Major Project\venv\lib\site-packages\django\template\base.py", line 507, in parse
    self.invalid_block_tag(token, command, parse_until)
  File "C:\Users\varap\Desktop\Major Project\venv\lib\site-packages\django\template\base.py", line 568, in invalid_block_tag
    raise self.error(
django.template.exceptions.TemplateSyntaxError: Invalid block tag on line 83: 'endblock'. Did you forget to register or load this tag?
"GET /super/admins/ HTTP/1.1" 500 173997
Watching for file changes with StatReloader
"GET / HTTP/1.1" 302 0
"GET /super/dashboard/ HTTP/1.1" 200 13195
Internal Server Error: /super/admins/
Traceback (most recent call last):
  File "C:\Users\varap\Desktop\Major Project\venv\lib\site-packages\django\template\base.py", line 505, in parse
    compile_func = self.tags[command]
KeyError: 'endblock'

During handling of the above exception, another exception occurred:

Traceback (most recent call last):
  File "C:\Users\varap\Desktop\Major Project\venv\lib\site-packages\django\core\handlers\exception.py", line 55, in inner
    response = get_response(request)
  File "C:\Users\varap\Desktop\Major Project\venv\lib\site-packages\django\core\handlers\base.py", line 197, in _get_response
    response = wrapped_callback(request, *callback_args, **callback_kwargs)
  File "C:\Users\varap\Desktop\Major Project\venv\lib\site-packages\django\contrib\auth\decorators.py", line 23, in _wrapper_view
    return view_func(request, *args, **kwargs)
  File "C:\Users\varap\Desktop\Major Project\venv\lib\site-packages\django\contrib\auth\decorators.py", line 23, in _wrapper_view
    return view_func(request, *args, **kwargs)
  File "C:\Users\varap\Desktop\Major Project\users\views.py", line 159, in manage_admins
    return render(request, 'super/manage_admins.html', {'admins': admins})
  File "C:\Users\varap\Desktop\Major Project\venv\lib\site-packages\django\shortcuts.py", line 24, in render
    content = loader.render_to_string(template_name, context, request, using=using)
  File "C:\Users\varap\Desktop\Major Project\venv\lib\site-packages\django\template\loader.py", line 61, in render_to_string
    template = get_template(template_name, using=using)
  File "C:\Users\varap\Desktop\Major Project\venv\lib\site-packages\django\template\loader.py", line 15, in get_template
    return engine.get_template(template_name)
  File "C:\Users\varap\Desktop\Major Project\venv\lib\site-packages\django\template\backends\django.py", line 33, in get_template
    return Template(self.engine.get_template(template_name), self)
  File "C:\Users\varap\Desktop\Major Project\venv\lib\site-packages\django\template\engine.py", line 175, in get_template
    template, origin = self.find_template(template_name)
  File "C:\Users\varap\Desktop\Major Project\venv\lib\site-packages\django\template\engine.py", line 157, in find_template
    template = loader.get_template(name, skip=skip)
  File "C:\Users\varap\Desktop\Major Project\venv\lib\site-packages\django\template\loaders\cached.py", line 57, in get_template
    template = super().get_template(template_name, skip)
  File "C:\Users\varap\Desktop\Major Project\venv\lib\site-packages\django\template\loaders\base.py", line 28, in get_template
    return Template(
  File "C:\Users\varap\Desktop\Major Project\venv\lib\site-packages\django\template\base.py", line 154, in __init__
    self.nodelist = self.compile_nodelist()
  File "C:\Users\varap\Desktop\Major Project\venv\lib\site-packages\django\template\base.py", line 200, in compile_nodelist
    return parser.parse()
  File "C:\Users\varap\Desktop\Major Project\venv\lib\site-packages\django\template\base.py", line 513, in parse
    raise self.error(token, e)
  File "C:\Users\varap\Desktop\Major Project\venv\lib\site-packages\django\template\base.py", line 511, in parse
    compiled_result = compile_func(self, token)
  File "C:\Users\varap\Desktop\Major Project\venv\lib\site-packages\django\template\loader_tags.py", line 293, in do_extends
    nodelist = parser.parse()
  File "C:\Users\varap\Desktop\Major Project\venv\lib\site-packages\django\template\base.py", line 507, in parse
    self.invalid_block_tag(token, command, parse_until)
  File "C:\Users\varap\Desktop\Major Project\venv\lib\site-packages\django\template\base.py", line 568, in invalid_block_tag
    raise self.error(
django.template.exceptions.TemplateSyntaxError: Invalid block tag on line 83: 'endblock'. Did you forget to register or load this tag?
"GET /super/admins/ HTTP/1.1" 500 173997
Internal Server Error: /super/admins/
Traceback (most recent call last):
  File "C:\Users\varap\Desktop\Major Project\venv\lib\site-packages\django\template\base.py", line 505, in parse
    compile_func = self.tags[command]
KeyError: 'endblock'

During handling of the above exception, another exception occurred:

Traceback (most recent call last):
  File "C:\Users\varap\Desktop\Major Project\venv\lib\site-packages\django\core\handlers\exception.py", line 55, in inner
    response = get_response(request)
  File "C:\Users\varap\Desktop\Major Project\venv\lib\site-packages\django\core\handlers\base.py", line 197, in _get_response
    response = wrapped_callback(request, *callback_args, **callback_kwargs)
  File "C:\Users\varap\Desktop\Major Project\venv\lib\site-packages\django\contrib\auth\decorators.py", line 23, in _wrapper_view
    return view_func(request, *args, **kwargs)
  File "C:\Users\varap\Desktop\Major Project\venv\lib\site-packages\django\contrib\auth\decorators.py", line 23, in _wrapper_view
    return view_func(request, *args, **kwargs)
  File "C:\Users\varap\Desktop\Major Project\users\views.py", line 159, in manage_admins
    return render(request, 'super/manage_admins.html', {'admins': admins})
  File "C:\Users\varap\Desktop\Major Project\venv\lib\site-packages\django\shortcuts.py", line 24, in render
    content = loader.render_to_string(template_name, context, request, using=using)
  File "C:\Users\varap\Desktop\Major Project\venv\lib\site-packages\django\template\loader.py", line 61, in render_to_string
    template = get_template(template_name, using=using)
  File "C:\Users\varap\Desktop\Major Project\venv\lib\site-packages\django\template\loader.py", line 15, in get_template
    return engine.get_template(template_name)
  File "C:\Users\varap\Desktop\Major Project\venv\lib\site-packages\django\template\backends\django.py", line 33, in get_template
    return Template(self.engine.get_template(template_name), self)
  File "C:\Users\varap\Desktop\Major Project\venv\lib\site-packages\django\template\engine.py", line 175, in get_template
    template, origin = self.find_template(template_name)
  File "C:\Users\varap\Desktop\Major Project\venv\lib\site-packages\django\template\engine.py", line 157, in find_template
    template = loader.get_template(name, skip=skip)
  File "C:\Users\varap\Desktop\Major Project\venv\lib\site-packages\django\template\loaders\cached.py", line 57, in get_template
    template = super().get_template(template_name, skip)
  File "C:\Users\varap\Desktop\Major Project\venv\lib\site-packages\django\template\loaders\base.py", line 28, in get_template
    return Template(
  File "C:\Users\varap\Desktop\Major Project\venv\lib\site-packages\django\template\base.py", line 154, in __init__
    self.nodelist = self.compile_nodelist()
  File "C:\Users\varap\Desktop\Major Project\venv\lib\site-packages\django\template\base.py", line 200, in compile_nodelist
    return parser.parse()
  File "C:\Users\varap\Desktop\Major Project\venv\lib\site-packages\django\template\base.py", line 513, in parse
    raise self.error(token, e)
  File "C:\Users\varap\Desktop\Major Project\venv\lib\site-packages\django\template\base.py", line 511, in parse
    compiled_result = compile_func(self, token)
  File "C:\Users\varap\Desktop\Major Project\venv\lib\site-packages\django\template\loader_tags.py", line 293, in do_extends
    nodelist = parser.parse()
  File "C:\Users\varap\Desktop\Major Project\venv\lib\site-packages\django\template\base.py", line 507, in parse
    self.invalid_block_tag(token, command, parse_until)
  File "C:\Users\varap\Desktop\Major Project\venv\lib\site-packages\django\template\base.py", line 568, in invalid_block_tag
    raise self.error(
django.template.exceptions.TemplateSyntaxError: Invalid block tag on line 83: 'endblock'. Did you forget to register or load this tag?
"GET /super/admins/ HTTP/1.1" 500 174134
Watching for file changes with StatReloader
"GET / HTTP/1.1" 302 0
"GET /super/dashboard/ HTTP/1.1" 200 13195
Internal Server Error: /super/admins/
Traceback (most recent call last):
  File "C:\Users\varap\Desktop\Major Project\venv\lib\site-packages\django\template\base.py", line 505, in parse
    compile_func = self.tags[command]
KeyError: 'endblock'

During handling of the above exception, another exception occurred:

Traceback (most recent call last):
  File "C:\Users\varap\Desktop\Major Project\venv\lib\site-packages\django\core\handlers\exception.py", line 55, in inner
    response = get_response(request)
  File "C:\Users\varap\Desktop\Major Project\venv\lib\site-packages\django\core\handlers\base.py", line 197, in _get_response
    response = wrapped_callback(request, *callback_args, **callback_kwargs)
  File "C:\Users\varap\Desktop\Major Project\venv\lib\site-packages\django\contrib\auth\decorators.py", line 23, in _wrapper_view
    return view_func(request, *args, **kwargs)
  File "C:\Users\varap\Desktop\Major Project\venv\lib\site-packages\django\contrib\auth\decorators.py", line 23, in _wrapper_view
    return view_func(request, *args, **kwargs)
  File "C:\Users\varap\Desktop\Major Project\users\views.py", line 159, in manage_admins
    return render(request, 'super/manage_admins.html', {'admins': admins})
  File "C:\Users\varap\Desktop\Major Project\venv\lib\site-packages\django\shortcuts.py", line 24, in render
    content = loader.render_to_string(template_name, context, request, using=using)
  File "C:\Users\varap\Desktop\Major Project\venv\lib\site-packages\django\template\loader.py", line 61, in render_to_string
    template = get_template(template_name, using=using)
  File "C:\Users\varap\Desktop\Major Project\venv\lib\site-packages\django\template\loader.py", line 15, in get_template
    return engine.get_template(template_name)
  File "C:\Users\varap\Desktop\Major Project\venv\lib\site-packages\django\template\backends\django.py", line 33, in get_template
    return Template(self.engine.get_template(template_name), self)
  File "C:\Users\varap\Desktop\Major Project\venv\lib\site-packages\django\template\engine.py", line 175, in get_template
    template, origin = self.find_template(template_name)
  File "C:\Users\varap\Desktop\Major Project\venv\lib\site-packages\django\template\engine.py", line 157, in find_template
    template = loader.get_template(name, skip=skip)
  File "C:\Users\varap\Desktop\Major Project\venv\lib\site-packages\django\template\loaders\cached.py", line 57, in get_template
    template = super().get_template(template_name, skip)
  File "C:\Users\varap\Desktop\Major Project\venv\lib\site-packages\django\template\loaders\base.py", line 28, in get_template
    return Template(
  File "C:\Users\varap\Desktop\Major Project\venv\lib\site-packages\django\template\base.py", line 154, in __init__
    self.nodelist = self.compile_nodelist()
  File "C:\Users\varap\Desktop\Major Project\venv\lib\site-packages\django\template\base.py", line 200, in compile_nodelist
    return parser.parse()
  File "C:\Users\varap\Desktop\Major Project\venv\lib\site-packages\django\template\base.py", line 513, in parse
    raise self.error(token, e)
  File "C:\Users\varap\Desktop\Major Project\venv\lib\site-packages\django\template\base.py", line 511, in parse
    compiled_result = compile_func(self, token)
  File "C:\Users\varap\Desktop\Major Project\venv\lib\site-packages\django\template\loader_tags.py", line 293, in do_extends
    nodelist = parser.parse()
  File "C:\Users\varap\Desktop\Major Project\venv\lib\site-packages\django\template\base.py", line 507, in parse
    self.invalid_block_tag(token, command, parse_until)
  File "C:\Users\varap\Desktop\Major Project\venv\lib\site-packages\django\template\base.py", line 568, in invalid_block_tag
    raise self.error(
django.template.exceptions.TemplateSyntaxError: Invalid block tag on line 83: 'endblock'. Did you forget to register or load this tag?
"GET /super/admins/ HTTP/1.1" 500 173997
Watching for file changes with StatReloader
"GET / HTTP/1.1" 302 0
"GET /super/dashboard/ HTTP/1.1" 200 13195
Internal Server Error: /super/admins/
Traceback (most recent call last):
  File "C:\Users\varap\Desktop\Major Project\venv\lib\site-packages\django\template\base.py", line 505, in parse
    compile_func = self.tags[command]
KeyError: 'endblock'

During handling of the above exception, another exception occurred:

Traceback (most recent call last):
  File "C:\Users\varap\Desktop\Major Project\venv\lib\site-packages\django\core\handlers\exception.py", line 55, in inner
    response = get_response(request)
  File "C:\Users\varap\Desktop\Major Project\venv\lib\site-packages\django\core\handlers\base.py", line 197, in _get_response
    response = wrapped_callback(request, *callback_args, **callback_kwargs)
  File "C:\Users\varap\Desktop\Major Project\venv\lib\site-packages\django\contrib\auth\decorators.py", line 23, in _wrapper_view
    return view_func(request, *args, **kwargs)
  File "C:\Users\varap\Desktop\Major Project\venv\lib\site-packages\django\contrib\auth\decorators.py", line 23, in _wrapper_view
    return view_func(request, *args, **kwargs)
  File "C:\Users\varap\Desktop\Major Project\users\views.py", line 159, in manage_admins
    return render(request, 'super/manage_admins.html', {'admins': admins})
  File "C:\Users\varap\Desktop\Major Project\venv\lib\site-packages\django\shortcuts.py", line 24, in render
    content = loader.render_to_string(template_name, context, request, using=using)
  File "C:\Users\varap\Desktop\Major Project\venv\lib\site-packages\django\template\loader.py", line 61, in render_to_string
    template = get_template(template_name, using=using)
  File "C:\Users\varap\Desktop\Major Project\venv\lib\site-packages\django\template\loader.py", line 15, in get_template
    return engine.get_template(template_name)
  File "C:\Users\varap\Desktop\Major Project\venv\lib\site-packages\django\template\backends\django.py", line 33, in get_template
    return Template(self.engine.get_template(template_name), self)
  File "C:\Users\varap\Desktop\Major Project\venv\lib\site-packages\django\template\engine.py", line 175, in get_template
    template, origin = self.find_template(template_name)
  File "C:\Users\varap\Desktop\Major Project\venv\lib\site-packages\django\template\engine.py", line 157, in find_template
    template = loader.get_template(name, skip=skip)
  File "C:\Users\varap\Desktop\Major Project\venv\lib\site-packages\django\template\loaders\cached.py", line 57, in get_template
    template = super().get_template(template_name, skip)
  File "C:\Users\varap\Desktop\Major Project\venv\lib\site-packages\django\template\loaders\base.py", line 28, in get_template
    return Template(
  File "C:\Users\varap\Desktop\Major Project\venv\lib\site-packages\django\template\base.py", line 154, in __init__
    self.nodelist = self.compile_nodelist()
  File "C:\Users\varap\Desktop\Major Project\venv\lib\site-packages\django\template\base.py", line 200, in compile_nodelist
    return parser.parse()
  File "C:\Users\varap\Desktop\Major Project\venv\lib\site-packages\django\template\base.py", line 513, in parse
    raise self.error(token, e)
  File "C:\Users\varap\Desktop\Major Project\venv\lib\site-packages\django\template\base.py", line 511, in parse
    compiled_result = compile_func(self, token)
  File "C:\Users\varap\Desktop\Major Project\venv\lib\site-packages\django\template\loader_tags.py", line 293, in do_extends
    nodelist = parser.parse()
  File "C:\Users\varap\Desktop\Major Project\venv\lib\site-packages\django\template\base.py", line 507, in parse
    self.invalid_block_tag(token, command, parse_until)
  File "C:\Users\varap\Desktop\Major Project\venv\lib\site-packages\django\template\base.py", line 568, in invalid_block_tag
    raise self.error(
django.template.exceptions.TemplateSyntaxError: Invalid block tag on line 83: 'endblock'. Did you forget to register or load this tag?
"GET /super/admins/ HTTP/1.1" 500 173997
Watching for file changes with StatReloader
"GET / HTTP/1.1" 302 0
"GET /super/dashboard/ HTTP/1.1" 200 13195
Internal Server Error: /super/admins/
Traceback (most recent call last):
  File "C:\Users\varap\Desktop\Major Project\venv\lib\site-packages\django\template\base.py", line 505, in parse
    compile_func = self.tags[command]
KeyError: 'endblock'

During handling of the above exception, another exception occurred:

Traceback (most recent call last):
  File "C:\Users\varap\Desktop\Major Project\venv\lib\site-packages\django\core\handlers\exception.py", line 55, in inner
    response = get_response(request)
  File "C:\Users\varap\Desktop\Major Project\venv\lib\site-packages\django\core\handlers\base.py", line 197, in _get_response
    response = wrapped_callback(request, *callback_args, **callback_kwargs)
  File "C:\Users\varap\Desktop\Major Project\venv\lib\site-packages\django\contrib\auth\decorators.py", line 23, in _wrapper_view
    return view_func(request, *args, **kwargs)
  File "C:\Users\varap\Desktop\Major Project\venv\lib\site-packages\django\contrib\auth\decorators.py", line 23, in _wrapper_view
    return view_func(request, *args, **kwargs)
  File "C:\Users\varap\Desktop\Major Project\users\views.py", line 159, in manage_admins
    return render(request, 'super/manage_admins.html', {'admins': admins})
  File "C:\Users\varap\Desktop\Major Project\venv\lib\site-packages\django\shortcuts.py", line 24, in render
    content = loader.render_to_string(template_name, context, request, using=using)
  File "C:\Users\varap\Desktop\Major Project\venv\lib\site-packages\django\template\loader.py", line 61, in render_to_string
    template = get_template(template_name, using=using)
  File "C:\Users\varap\Desktop\Major Project\venv\lib\site-packages\django\template\loader.py", line 15, in get_template
    return engine.get_template(template_name)
  File "C:\Users\varap\Desktop\Major Project\venv\lib\site-packages\django\template\backends\django.py", line 33, in get_template
    return Template(self.engine.get_template(template_name), self)
  File "C:\Users\varap\Desktop\Major Project\venv\lib\site-packages\django\template\engine.py", line 175, in get_template
    template, origin = self.find_template(template_name)
  File "C:\Users\varap\Desktop\Major Project\venv\lib\site-packages\django\template\engine.py", line 157, in find_template
    template = loader.get_template(name, skip=skip)
  File "C:\Users\varap\Desktop\Major Project\venv\lib\site-packages\django\template\loaders\cached.py", line 57, in get_template
    template = super().get_template(template_name, skip)
  File "C:\Users\varap\Desktop\Major Project\venv\lib\site-packages\django\template\loaders\base.py", line 28, in get_template
    return Template(
  File "C:\Users\varap\Desktop\Major Project\venv\lib\site-packages\django\template\base.py", line 154, in __init__
    self.nodelist = self.compile_nodelist()
  File "C:\Users\varap\Desktop\Major Project\venv\lib\site-packages\django\template\base.py", line 200, in compile_nodelist
    return parser.parse()
  File "C:\Users\varap\Desktop\Major Project\venv\lib\site-packages\django\template\base.py", line 513, in parse
    raise self.error(token, e)
  File "C:\Users\varap\Desktop\Major Project\venv\lib\site-packages\django\template\base.py", line 511, in parse
    compiled_result = compile_func(self, token)
  File "C:\Users\varap\Desktop\Major Project\venv\lib\site-packages\django\template\loader_tags.py", line 293, in do_extends
    nodelist = parser.parse()
  File "C:\Users\varap\Desktop\Major Project\venv\lib\site-packages\django\template\base.py", line 507, in parse
    self.invalid_block_tag(token, command, parse_until)
  File "C:\Users\varap\Desktop\Major Project\venv\lib\site-packages\django\template\base.py", line 568, in invalid_block_tag
    raise self.error(
django.template.exceptions.TemplateSyntaxError: Invalid block tag on line 83: 'endblock'. Did you forget to register or load this tag?
"GET /super/admins/ HTTP/1.1" 500 174061
Watching for file changes with StatReloader
"GET / HTTP/1.1" 302 0
"GET /super/dashboard/ HTTP/1.1" 200 13195
Internal Server Error: /super/settings/
Traceback (most recent call last):
  File "C:\Users\varap\Desktop\Major Project\venv\lib\site-packages\django\core\handlers\exception.py", line 55, in inner
    response = get_response(request)
  File "C:\Users\varap\Desktop\Major Project\venv\lib\site-packages\django\core\handlers\base.py", line 197, in _get_response
    response = wrapped_callback(request, *callback_args, **callback_kwargs)
  File "C:\Users\varap\Desktop\Major Project\venv\lib\site-packages\django\contrib\auth\decorators.py", line 23, in _wrapper_view
    return view_func(request, *args, **kwargs)
  File "C:\Users\varap\Desktop\Major Project\venv\lib\site-packages\django\contrib\auth\decorators.py", line 23, in _wrapper_view
    return view_func(request, *args, **kwargs)
  File "C:\Users\varap\Desktop\Major Project\users\views.py", line 181, in admin_settings
    return render(request, 'super/settings.html', context)
  File "C:\Users\varap\Desktop\Major Project\venv\lib\site-packages\django\shortcuts.py", line 24, in render
    content = loader.render_to_string(template_name, context, request, using=using)
  File "C:\Users\varap\Desktop\Major Project\venv\lib\site-packages\django\template\loader.py", line 61, in render_to_string
    template = get_template(template_name, using=using)
  File "C:\Users\varap\Desktop\Major Project\venv\lib\site-packages\django\template\loader.py", line 19, in get_template
    raise TemplateDoesNotExist(template_name, chain=chain)
django.template.exceptions.TemplateDoesNotExist: super/settings.html
"GET /super/settings/ HTTP/1.1" 500 98267
Internal Server Error: /super/admins/
Traceback (most recent call last):
  File "C:\Users\varap\Desktop\Major Project\venv\lib\site-packages\django\template\base.py", line 505, in parse
    compile_func = self.tags[command]
KeyError: 'endblock'

During handling of the above exception, another exception occurred:

Traceback (most recent call last):
  File "C:\Users\varap\Desktop\Major Project\venv\lib\site-packages\django\core\handlers\exception.py", line 55, in inner
    response = get_response(request)
  File "C:\Users\varap\Desktop\Major Project\venv\lib\site-packages\django\core\handlers\base.py", line 197, in _get_response
    response = wrapped_callback(request, *callback_args, **callback_kwargs)
  File "C:\Users\varap\Desktop\Major Project\venv\lib\site-packages\django\contrib\auth\decorators.py", line 23, in _wrapper_view
    return view_func(request, *args, **kwargs)
  File "C:\Users\varap\Desktop\Major Project\venv\lib\site-packages\django\contrib\auth\decorators.py", line 23, in _wrapper_view
    return view_func(request, *args, **kwargs)
  File "C:\Users\varap\Desktop\Major Project\users\views.py", line 159, in manage_admins
    return render(request, 'super/manage_admins.html', {'admins': admins})
  File "C:\Users\varap\Desktop\Major Project\venv\lib\site-packages\django\shortcuts.py", line 24, in render
    content = loader.render_to_string(template_name, context, request, using=using)
  File "C:\Users\varap\Desktop\Major Project\venv\lib\site-packages\django\template\loader.py", line 61, in render_to_string
    template = get_template(template_name, using=using)
  File "C:\Users\varap\Desktop\Major Project\venv\lib\site-packages\django\template\loader.py", line 15, in get_template
    return engine.get_template(template_name)
  File "C:\Users\varap\Desktop\Major Project\venv\lib\site-packages\django\template\backends\django.py", line 33, in get_template
    return Template(self.engine.get_template(template_name), self)
  File "C:\Users\varap\Desktop\Major Project\venv\lib\site-packages\django\template\engine.py", line 175, in get_template
    template, origin = self.find_template(template_name)
  File "C:\Users\varap\Desktop\Major Project\venv\lib\site-packages\django\template\engine.py", line 157, in find_template
    template = loader.get_template(name, skip=skip)
  File "C:\Users\varap\Desktop\Major Project\venv\lib\site-packages\django\template\loaders\cached.py", line 57, in get_template
    template = super().get_template(template_name, skip)
  File "C:\Users\varap\Desktop\Major Project\venv\lib\site-packages\django\template\loaders\base.py", line 28, in get_template
    return Template(
  File "C:\Users\varap\Desktop\Major Project\venv\lib\site-packages\django\template\base.py", line 154, in __init__
    self.nodelist = self.compile_nodelist()
  File "C:\Users\varap\Desktop\Major Project\venv\lib\site-packages\django\template\base.py", line 200, in compile_nodelist
    return parser.parse()
  File "C:\Users\varap\Desktop\Major Project\venv\lib\site-packages\django\template\base.py", line 513, in parse
    raise self.error(token, e)
  File "C:\Users\varap\Desktop\Major Project\venv\lib\site-packages\django\template\base.py", line 511, in parse
    compiled_result = compile_func(self, token)
  File "C:\Users\varap\Desktop\Major Project\venv\lib\site-packages\django\template\loader_tags.py", line 293, in do_extends
    nodelist = parser.parse()
  File "C:\Users\varap\Desktop\Major Project\venv\lib\site-packages\django\template\base.py", line 507, in parse
    self.invalid_block_tag(token, command, parse_until)
  File "C:\Users\varap\Desktop\Major Project\venv\lib\site-packages\django\template\base.py", line 568, in invalid_block_tag
    raise self.error(
django.template.exceptions.TemplateSyntaxError: Invalid block tag on line 83: 'endblock'. Did you forget to register or load this tag?
"GET /super/admins/ HTTP/1.1" 500 173997
Not Found: /.well-known/appspecific/com.chrome.devtools.json
"GET /.well-known/appspecific/com.chrome.devtools.json HTTP/1.1" 404 5794
"GET /super/dashboard/ HTTP/1.1" 302 0
"GET /login/?next=/super/dashboard/ HTTP/1.1" 200 5832
"GET /super/admins/ HTTP/1.1" 302 0
"GET /login/?next=/super/admins/ HTTP/1.1" 200 5832
"POST /login/?next=/super/dashboard/ HTTP/1.1" 302 0
"GET /super/dashboard/ HTTP/1.1" 200 13556
Internal Server Error: /super/admins/
Traceback (most recent call last):
  File "C:\Users\varap\Desktop\Major Project\venv\lib\site-packages\django\template\base.py", line 505, in parse
    compile_func = self.tags[command]
KeyError: 'endblock'

During handling of the above exception, another exception occurred:

Traceback (most recent call last):
  File "C:\Users\varap\Desktop\Major Project\venv\lib\site-packages\django\core\handlers\exception.py", line 55, in inner
    response = get_response(request)
  File "C:\Users\varap\Desktop\Major Project\venv\lib\site-packages\django\core\handlers\base.py", line 197, in _get_response
    response = wrapped_callback(request, *callback_args, **callback_kwargs)
  File "C:\Users\varap\Desktop\Major Project\venv\lib\site-packages\django\contrib\auth\decorators.py", line 23, in _wrapper_view
    return view_func(request, *args, **kwargs)
  File "C:\Users\varap\Desktop\Major Project\venv\lib\site-packages\django\contrib\auth\decorators.py", line 23, in _wrapper_view
    return view_func(request, *args, **kwargs)
  File "C:\Users\varap\Desktop\Major Project\users\views.py", line 159, in manage_admins
    return render(request, 'super/manage_admins.html', {'admins': admins})
  File "C:\Users\varap\Desktop\Major Project\venv\lib\site-packages\django\shortcuts.py", line 24, in render
    content = loader.render_to_string(template_name, context, request, using=using)
  File "C:\Users\varap\Desktop\Major Project\venv\lib\site-packages\django\template\loader.py", line 61, in render_to_string
    template = get_template(template_name, using=using)
  File "C:\Users\varap\Desktop\Major Project\venv\lib\site-packages\django\template\loader.py", line 15, in get_template
    return engine.get_template(template_name)
  File "C:\Users\varap\Desktop\Major Project\venv\lib\site-packages\django\template\backends\django.py", line 33, in get_template
    return Template(self.engine.get_template(template_name), self)
  File "C:\Users\varap\Desktop\Major Project\venv\lib\site-packages\django\template\engine.py", line 175, in get_template
    template, origin = self.find_template(template_name)
  File "C:\Users\varap\Desktop\Major Project\venv\lib\site-packages\django\template\engine.py", line 157, in find_template
    template = loader.get_template(name, skip=skip)
  File "C:\Users\varap\Desktop\Major Project\venv\lib\site-packages\django\template\loaders\cached.py", line 57, in get_template
    template = super().get_template(template_name, skip)
  File "C:\Users\varap\Desktop\Major Project\venv\lib\site-packages\django\template\loaders\base.py", line 28, in get_template
    return Template(
  File "C:\Users\varap\Desktop\Major Project\venv\lib\site-packages\django\template\base.py", line 154, in __init__
    self.nodelist = self.compile_nodelist()
  File "C:\Users\varap\Desktop\Major Project\venv\lib\site-packages\django\template\base.py", line 200, in compile_nodelist
    return parser.parse()
  File "C:\Users\varap\Desktop\Major Project\venv\lib\site-packages\django\template\base.py", line 513, in parse
    raise self.error(token, e)
  File "C:\Users\varap\Desktop\Major Project\venv\lib\site-packages\django\template\base.py", line 511, in parse
    compiled_result = compile_func(self, token)
  File "C:\Users\varap\Desktop\Major Project\venv\lib\site-packages\django\template\loader_tags.py", line 293, in do_extends
    nodelist = parser.parse()
  File "C:\Users\varap\Desktop\Major Project\venv\lib\site-packages\django\template\base.py", line 507, in parse
    self.invalid_block_tag(token, command, parse_until)
  File "C:\Users\varap\Desktop\Major Project\venv\lib\site-packages\django\template\base.py", line 568, in invalid_block_tag
    raise self.error(
django.template.exceptions.TemplateSyntaxError: Invalid block tag on line 83: 'endblock'. Did you forget to register or load this tag?
"GET /super/admins/ HTTP/1.1" 500 173997
Watching for file changes with StatReloader
"GET / HTTP/1.1" 302 0
"GET /super/dashboard/ HTTP/1.1" 200 13195
"GET /super/admins/ HTTP/1.1" 200 6749
"POST /super/admins/ HTTP/1.1" 200 7243
"GET /super/dashboard/ HTTP/1.1" 200 13195
"GET /super/dashboard/ HTTP/1.1" 200 13195
"GET /super/dashboard/ HTTP/1.1" 200 13195
"GET /super/dashboard/ HTTP/1.1" 200 13195
"GET /super/admins/ HTTP/1.1" 200 6749
"GET /super/admins/ HTTP/1.1" 200 6750
"POST /super/admins/ HTTP/1.1" 200 7244
Watching for file changes with StatReloader
"GET / HTTP/1.1" 302 0
"GET /super/dashboard/ HTTP/1.1" 200 13195
"GET /super/admins/ HTTP/1.1" 200 6898
- Broken pipe from ('127.0.0.1', 49670)
Internal Server Error: /logout/
Traceback (most recent call last):
  File "c:\Users\varap\Desktop\Major Project\venv\lib\site-packages\django\core\handlers\exception.py", line 55, in inner
    response = get_response(request)
  File "c:\Users\varap\Desktop\Major Project\venv\lib\site-packages\django\core\handlers\base.py", line 197, in _get_response
    response = wrapped_callback(request, *callback_args, **callback_kwargs)
  File "C:\Users\varap\Desktop\Major Project\users\views.py", line 81, in logout_view
    return redirect('login')
  File "c:\Users\varap\Desktop\Major Project\venv\lib\site-packages\django\shortcuts.py", line 48, in redirect
    return redirect_class(resolve_url(to, *args, **kwargs))
  File "c:\Users\varap\Desktop\Major Project\venv\lib\site-packages\django\shortcuts.py", line 145, in resolve_url
    return reverse(to, args=args, kwargs=kwargs)
  File "c:\Users\varap\Desktop\Major Project\venv\lib\site-packages\django\urls\base.py", line 88, in reverse
    return resolver._reverse_with_prefix(view, prefix, *args, **kwargs)
  File "c:\Users\varap\Desktop\Major Project\venv\lib\site-packages\django\urls\resolvers.py", line 828, in _reverse_with_prefix
    raise NoReverseMatch(msg)
django.urls.exceptions.NoReverseMatch: Reverse for 'login' not found. 'login' is not a valid view function or pattern name.
"GET /logout/ HTTP/1.1" 500 88682
C:\Users\varap\Desktop\Major Project\users\views.py changed, reloading.
Watching for file changes with StatReloader
"GET /logout/ HTTP/1.1" 302 0
"GET /login/ HTTP/1.1" 200 6526
"POST /login/ HTTP/1.1" 200 6202
"POST /login/ HTTP/1.1" 302 0
"GET /super/dashboard/ HTTP/1.1" 200 13556
"GET /super/admins/ HTTP/1.1" 200 6898
C:\Users\varap\Desktop\Major Project\users\views.py changed, reloading.
Watching for file changes with StatReloader
"GET /super/dashboard/ HTTP/1.1" 200 13195
"GET /admin/ HTTP/1.1" 200 9226
"GET /static/admin/css/dark_mode.css HTTP/1.1" 304 0
"GET /static/admin/css/base.css HTTP/1.1" 304 0
"GET /static/admin/css/dashboard.css HTTP/1.1" 304 0
"GET /static/admin/css/nav_sidebar.css HTTP/1.1" 304 0
"GET /static/admin/css/responsive.css HTTP/1.1" 304 0
"GET /static/admin/js/nav_sidebar.js HTTP/1.1" 304 0
"GET /static/admin/js/theme.js HTTP/1.1" 304 0
"GET /static/admin/img/icon-addlink.svg HTTP/1.1" 304 0
"GET /static/admin/img/icon-changelink.svg HTTP/1.1" 304 0
"GET /static/admin/img/icon-viewlink.svg HTTP/1.1" 304 0
C:\Users\varap\Desktop\Major Project\users\views.py changed, reloading.
Watching for file changes with StatReloader
C:\Users\varap\Desktop\Major Project\users\views.py changed, reloading.
Watching for file changes with StatReloader
"GET /admin/users/admininvite/ HTTP/1.1" 200 11927
"GET /admin/jsi18n/ HTTP/1.1" 200 3343
"GET /static/admin/css/changelists.css HTTP/1.1" 200 6566
"GET /static/admin/js/actions.js HTTP/1.1" 200 7872
"GET /static/admin/js/urlify.js HTTP/1.1" 200 7887
"GET /static/admin/js/prepopulate.js HTTP/1.1" 200 1531
"GET /static/admin/js/vendor/xregexp/xregexp.js HTTP/1.1" 200 232381
"GET /static/admin/img/search.svg HTTP/1.1" 200 458
"GET /static/admin/js/vendor/jquery/jquery.js HTTP/1.1" 200 292458
"GET /static/admin/js/admin/RelatedObjectLookups.js HTTP/1.1" 200 8943
"GET /static/admin/js/core.js HTTP/1.1" 200 5682
"GET /static/admin/js/jquery.init.js HTTP/1.1" 200 347
"GET /static/admin/js/filters.js HTTP/1.1" 200 978
"GET /static/admin/img/tooltag-add.svg HTTP/1.1" 200 331
C:\Users\varap\Desktop\Major Project\users\urls.py changed, reloading.
Watching for file changes with StatReloader
"GET /admin/ HTTP/1.1" 200 9226
C:\Users\varap\Desktop\Major Project\users\urls.py changed, reloading.
Watching for file changes with StatReloader
"GET /super/admins/ HTTP/1.1" 200 6898
Watching for file changes with StatReloader
"GET /super/admins/ HTTP/1.1" 200 6898
"GET / HTTP/1.1" 302 0
"GET /super/dashboard/ HTTP/1.1" 200 13195
"GET /super/admins/ HTTP/1.1" 200 6898
"POST /super/admins/ HTTP/1.1" 200 8081
"GET /logout/ HTTP/1.1" 302 0
"GET /login/ HTTP/1.1" 200 6202
"POST /login/ HTTP/1.1" 200 6202
"POST /login/ HTTP/1.1" 302 0
"GET /password-change/ HTTP/1.1" 200 6406
"POST /password-change/ HTTP/1.1" 302 0
"GET /login/ HTTP/1.1" 200 6215
"POST /login/ HTTP/1.1" 302 0
"GET /admin/dashboard/ HTTP/1.1" 302 0
"GET /admin/login/?next=/admin/dashboard/ HTTP/1.1" 200 3876
"GET /static/admin/css/login.css HTTP/1.1" 200 958
"GET /static/admin/img/icon-yes.svg HTTP/1.1" 200 436
Forbidden (CSRF token from POST incorrect.): /login/
"POST /login/ HTTP/1.1" 403 2518
Internal Server Error: /login/
Traceback (most recent call last):
  File "c:\Users\varap\Desktop\Major Project\venv\lib\site-packages\django\core\handlers\exception.py", line 55, in inner
    response = get_response(request)
  File "c:\Users\varap\Desktop\Major Project\venv\lib\site-packages\django\core\handlers\base.py", line 197, in _get_response
    response = wrapped_callback(request, *callback_args, **callback_kwargs)
  File "C:\Users\varap\Desktop\Major Project\users\views.py", line 51, in login_view
    return redirect('dashboard')
  File "c:\Users\varap\Desktop\Major Project\venv\lib\site-packages\django\shortcuts.py", line 48, in redirect
    return redirect_class(resolve_url(to, *args, **kwargs))
  File "c:\Users\varap\Desktop\Major Project\venv\lib\site-packages\django\shortcuts.py", line 145, in resolve_url
    return reverse(to, args=args, kwargs=kwargs)
  File "c:\Users\varap\Desktop\Major Project\venv\lib\site-packages\django\urls\base.py", line 88, in reverse
    return resolver._reverse_with_prefix(view, prefix, *args, **kwargs)
  File "c:\Users\varap\Desktop\Major Project\venv\lib\site-packages\django\urls\resolvers.py", line 828, in _reverse_with_prefix
    raise NoReverseMatch(msg)
django.urls.exceptions.NoReverseMatch: Reverse for 'dashboard' not found. 'dashboard' is not a valid view function or pattern name.
"GET /login/ HTTP/1.1" 500 88588
"GET /super/admins/ HTTP/1.1" 302 0
Internal Server Error: /login/
Traceback (most recent call last):
  File "c:\Users\varap\Desktop\Major Project\venv\lib\site-packages\django\core\handlers\exception.py", line 55, in inner
    response = get_response(request)
  File "c:\Users\varap\Desktop\Major Project\venv\lib\site-packages\django\core\handlers\base.py", line 197, in _get_response
    response = wrapped_callback(request, *callback_args, **callback_kwargs)
  File "C:\Users\varap\Desktop\Major Project\users\views.py", line 51, in login_view
    return redirect('dashboard')
  File "c:\Users\varap\Desktop\Major Project\venv\lib\site-packages\django\shortcuts.py", line 48, in redirect
    return redirect_class(resolve_url(to, *args, **kwargs))
  File "c:\Users\varap\Desktop\Major Project\venv\lib\site-packages\django\shortcuts.py", line 145, in resolve_url
    return reverse(to, args=args, kwargs=kwargs)
  File "c:\Users\varap\Desktop\Major Project\venv\lib\site-packages\django\urls\base.py", line 88, in reverse
    return resolver._reverse_with_prefix(view, prefix, *args, **kwargs)
  File "c:\Users\varap\Desktop\Major Project\venv\lib\site-packages\django\urls\resolvers.py", line 828, in _reverse_with_prefix
    raise NoReverseMatch(msg)
django.urls.exceptions.NoReverseMatch: Reverse for 'dashboard' not found. 'dashboard' is not a valid view function or pattern name.
"GET /login/?next=/super/admins/ HTTP/1.1" 500 89009
C:\Users\varap\Desktop\Major Project\users\views.py changed, reloading.
Watching for file changes with StatReloader
C:\Users\varap\Desktop\Major Project\users\views.py changed, reloading.
Watching for file changes with StatReloader
"GET /super/admins/ HTTP/1.1" 302 0
Internal Server Error: /login/
Traceback (most recent call last):
  File "c:\Users\varap\Desktop\Major Project\venv\lib\site-packages\django\core\handlers\exception.py", line 55, in inner
    response = get_response(request)
  File "c:\Users\varap\Desktop\Major Project\venv\lib\site-packages\django\core\handlers\base.py", line 197, in _get_response
    response = wrapped_callback(request, *callback_args, **callback_kwargs)
  File "C:\Users\varap\Desktop\Major Project\users\views.py", line 51, in login_view
    return redirect('dashboard')
  File "c:\Users\varap\Desktop\Major Project\venv\lib\site-packages\django\shortcuts.py", line 48, in redirect
    return redirect_class(resolve_url(to, *args, **kwargs))
  File "c:\Users\varap\Desktop\Major Project\venv\lib\site-packages\django\shortcuts.py", line 145, in resolve_url
    return reverse(to, args=args, kwargs=kwargs)
  File "c:\Users\varap\Desktop\Major Project\venv\lib\site-packages\django\urls\base.py", line 88, in reverse
    return resolver._reverse_with_prefix(view, prefix, *args, **kwargs)
  File "c:\Users\varap\Desktop\Major Project\venv\lib\site-packages\django\urls\resolvers.py", line 828, in _reverse_with_prefix
    raise NoReverseMatch(msg)
django.urls.exceptions.NoReverseMatch: Reverse for 'dashboard' not found. 'dashboard' is not a valid view function or pattern name.
"GET /login/?next=/super/admins/ HTTP/1.1" 500 89140
Watching for file changes with StatReloader
"GET / HTTP/1.1" 302 0
"GET /admin/dashboard/ HTTP/1.1" 302 0
"GET /admin/login/?next=/admin/dashboard/ HTTP/1.1" 200 3736
"POST /admin/login/?next=/admin/dashboard/ HTTP/1.1" 200 3910
"GET /admin/login HTTP/1.1" 302 0
"GET /admin/login/?next=/admin/login HTTP/1.1" 200 3726
"GET /admin/login/?next=/admin/login HTTP/1.1" 200 3726
"GET /admin/login/?next=/admin/dashboard/ HTTP/1.1" 200 3736
"GET /admin/login/ HTTP/1.1" 200 3703
"GET /admin/ HTTP/1.1" 302 0
"GET /admin/login/?next=/admin/ HTTP/1.1" 200 3716
"GET / HTTP/1.1" 302 0
"GET /admin/dashboard/ HTTP/1.1" 302 0
"GET /admin/login/?next=/admin/dashboard/ HTTP/1.1" 200 3736
C:\Users\varap\Desktop\Major Project\users\urls.py changed, reloading.
Watching for file changes with StatReloader
Watching for file changes with StatReloader
"GET / HTTP/1.1" 302 0
"GET /admin/dashboard/ HTTP/1.1" 302 0
"GET /admin/login/?next=/admin/dashboard/ HTTP/1.1" 200 3736
"GET /admin/ HTTP/1.1" 302 0
"GET /admin/login/?next=/admin/ HTTP/1.1" 200 3716
"GET / HTTP/1.1" 302 0
"GET /admin/dashboard/ HTTP/1.1" 302 0
"GET /admin/login/?next=/admin/dashboard/ HTTP/1.1" 200 3736
"GET /admin/ HTTP/1.1" 302 0
"GET /admin/login/?next=/admin/ HTTP/1.1" 200 3716
C:\Users\varap\Desktop\Major Project\users\views.py changed, reloading.
Watching for file changes with StatReloader
C:\Users\varap\Desktop\Major Project\users\urls.py changed, reloading.
Watching for file changes with StatReloader
C:\Users\varap\Desktop\Major Project\users\urls.py changed, reloading.
Watching for file changes with StatReloader
"POST /admin/login/?next=/admin/ HTTP/1.1" 200 3892
"POST /admin/login/?next=/admin/ HTTP/1.1" 200 3892
"POST /admin/login/?next=/admin/ HTTP/1.1" 200 3892
Not Found: /.well-known/appspecific/com.chrome.devtools.json
"GET /.well-known/appspecific/com.chrome.devtools.json HTTP/1.1" 404 5981
Forbidden (CSRF cookie not set.): /admin/login/
"POST /admin/login/?next=/admin/ HTTP/1.1" 403 2870
Not Found: /.well-known/appspecific/com.chrome.devtools.json
"GET /.well-known/appspecific/com.chrome.devtools.json HTTP/1.1" 404 5981
"GET /admin/login/?next=/admin/ HTTP/1.1" 200 4178
Not Found: /.well-known/appspecific/com.chrome.devtools.json
"GET /.well-known/appspecific/com.chrome.devtools.json HTTP/1.1" 404 5981
"GET /admin/login/?next=/admin/dashboard/ HTTP/1.1" 200 4198
Not Found: /.well-known/appspecific/com.chrome.devtools.json
"GET /.well-known/appspecific/com.chrome.devtools.json HTTP/1.1" 404 5981
"GET /admin/login/?next=/admin/ HTTP/1.1" 200 4178
Not Found: /.well-known/appspecific/com.chrome.devtools.json
"GET /.well-known/appspecific/com.chrome.devtools.json HTTP/1.1" 404 5981
"GET /admin/login/?next=/admin/dashboard/ HTTP/1.1" 200 4198
Not Found: /.well-known/appspecific/com.chrome.devtools.json
"GET /.well-known/appspecific/com.chrome.devtools.json HTTP/1.1" 404 5981
"GET /admin/login/?next=/admin/dashboard/ HTTP/1.1" 200 4198
"POST /admin/login/?next=/admin/dashboard/ HTTP/1.1" 200 4372
"GET /admin/login/?next=/admin/dashboard/ HTTP/1.1" 200 4198
"POST /admin/login/?next=/admin/dashboard/ HTTP/1.1" 200 4369
"POST /admin/login/?next=/admin/dashboard/ HTTP/1.1" 200 4369
C:\Users\varap\Desktop\Major Project\users\urls.py changed, reloading.
Watching for file changes with StatReloader
C:\Users\varap\Desktop\Major Project\users\views.py changed, reloading.
Watching for file changes with StatReloader
C:\Users\varap\Desktop\Major Project\users\views.py changed, reloading.
Watching for file changes with StatReloader
"POST /admin/login/?next=/admin/dashboard/ HTTP/1.1" 200 4369
"GET /static/admin/css/base.css HTTP/1.1" 304 0
"GET /static/admin/css/dark_mode.css HTTP/1.1" 304 0
"GET /static/admin/css/nav_sidebar.css HTTP/1.1" 304 0
"GET /static/admin/css/responsive.css HTTP/1.1" 304 0
"GET /static/admin/js/theme.js HTTP/1.1" 304 0
"GET /static/admin/js/nav_sidebar.js HTTP/1.1" 304 0
"GET /admin/login/?next=/admin/dashboard/ HTTP/1.1" 200 4198
"GET /admin/login/?next=/admin/dashboard/ HTTP/1.1" 200 4198
"POST /admin/login/?next=/admin/dashboard/ HTTP/1.1" 200 4372
"GET /admin/login/?next=/admin/dashboard/ HTTP/1.1" 200 4198
C:\Users\varap\Desktop\Major Project\users\views.py changed, reloading.
Watching for file changes with StatReloader
Not Found: /.well-known/appspecific/com.chrome.devtools.json
"GET /.well-known/appspecific/com.chrome.devtools.json HTTP/1.1" 404 5794
"GET /admin/login/?next=/admin/dashboard/ HTTP/1.1" 200 4198
Not Found: /.well-known/appspecific/com.chrome.devtools.json
"GET /.well-known/appspecific/com.chrome.devtools.json HTTP/1.1" 404 5794
"GET /admin/login/?next=/admin/dashboard/ HTTP/1.1" 200 4198
Not Found: /.well-known/appspecific/com.chrome.devtools.json
"GET /.well-known/appspecific/com.chrome.devtools.json HTTP/1.1" 404 5794
C:\Users\varap\Desktop\Major Project\users\views.py changed, reloading.
Watching for file changes with StatReloader
Watching for file changes with StatReloader
C:\Users\varap\Desktop\Major Project\attendance\views.py changed, reloading.
Watching for file changes with StatReloader
Watching for file changes with StatReloader
Watching for file changes with StatReloader
C:\Users\varap\Desktop\Major Project\attendance\views.py changed, reloading.
C:\Users\varap\Desktop\Major Project\attendance\views.py changed, reloading.
Watching for file changes with StatReloader
Watching for file changes with StatReloader
C:\Users\varap\Desktop\Major Project\attendance\views.py changed, reloading.
C:\Users\varap\Desktop\Major Project\attendance\views.py changed, reloading.
Watching for file changes with StatReloader
Watching for file changes with StatReloader
C:\Users\varap\Desktop\Major Project\users\urls.py changed, reloading.
C:\Users\varap\Desktop\Major Project\users\urls.py changed, reloading.
Watching for file changes with StatReloader
Watching for file changes with StatReloader
"GET / HTTP/1.1" 302 0
"GET /login/ HTTP/1.1" 200 5832
Watching for file changes with StatReloader
C:\Users\varap\Desktop\Major Project\users\urls.py changed, reloading.
C:\Users\varap\Desktop\Major Project\users\urls.py changed, reloading.
C:\Users\varap\Desktop\Major Project\users\urls.py changed, reloading.
Watching for file changes with StatReloader
Watching for file changes with StatReloader
Watching for file changes with StatReloader
Method Not Allowed (POST): /login/
Method Not Allowed: /login/
"POST /login/ HTTP/1.1" 405 0
Method Not Allowed (POST): /login/
Method Not Allowed: /login/
"POST /login/ HTTP/1.1" 405 0
Forbidden (CSRF cookie not set.): /login/
"POST /login/ HTTP/1.1" 403 2870
Not Found: /.well-known/appspecific/com.chrome.devtools.json
"GET /.well-known/appspecific/com.chrome.devtools.json HTTP/1.1" 404 3187
Watching for file changes with StatReloader
"GET / HTTP/1.1" 302 0
"GET /login/ HTTP/1.1" 200 5832
Not Found: /favicon.ico
"GET /favicon.ico HTTP/1.1" 404 3076
Method Not Allowed (POST): /login/
Method Not Allowed: /login/
"POST /login/ HTTP/1.1" 405 0
C:\Users\varap\Desktop\Major Project\users\urls.py changed, reloading.
C:\Users\varap\Desktop\Major Project\users\urls.py changed, reloading.
C:\Users\varap\Desktop\Major Project\users\urls.py changed, reloading.
Watching for file changes with StatReloader
Watching for file changes with StatReloader
Watching for file changes with StatReloader
C:\Users\varap\Desktop\Major Project\users\views.py changed, reloading.
Watching for file changes with StatReloader
"GET / HTTP/1.1" 302 0
"GET /login/ HTTP/1.1" 200 5832
C:\Users\varap\Desktop\Major Project\users\views.py changed, reloading.
Watching for file changes with StatReloader
"GET / HTTP/1.1" 302 0
"GET /login/ HTTP/1.1" 200 5832
"POST /login/ HTTP/1.1" 302 0
"GET / HTTP/1.1" 302 0
Internal Server Error: /super/dashboard/
Traceback (most recent call last):
  File "C:\Users\varap\Desktop\Major Project\venv\lib\site-packages\django\core\handlers\exception.py", line 55, in inner
    response = get_response(request)
  File "C:\Users\varap\Desktop\Major Project\venv\lib\site-packages\django\core\handlers\base.py", line 197, in _get_response
    response = wrapped_callback(request, *callback_args, **callback_kwargs)
  File "C:\Users\varap\Desktop\Major Project\venv\lib\site-packages\django\contrib\auth\decorators.py", line 23, in _wrapper_view
    return view_func(request, *args, **kwargs)
  File "C:\Users\varap\Desktop\Major Project\users\views.py", line 39, in super_dashboard
    return render(request, 'super/dashboard.html')
  File "C:\Users\varap\Desktop\Major Project\venv\lib\site-packages\django\shortcuts.py", line 24, in render
    content = loader.render_to_string(template_name, context, request, using=using)
  File "C:\Users\varap\Desktop\Major Project\venv\lib\site-packages\django\template\loader.py", line 62, in render_to_string
    return template.render(context, request)
  File "C:\Users\varap\Desktop\Major Project\venv\lib\site-packages\django\template\backends\django.py", line 61, in render
    return self.template.render(context)
  File "C:\Users\varap\Desktop\Major Project\venv\lib\site-packages\django\template\base.py", line 175, in render
    return self._render(context)
  File "C:\Users\varap\Desktop\Major Project\venv\lib\site-packages\django\template\base.py", line 167, in _render
    return self.nodelist.render(context)
  File "C:\Users\varap\Desktop\Major Project\venv\lib\site-packages\django\template\base.py", line 1005, in render
    return SafeString("".join([node.render_annotated(context) for node in self]))
  File "C:\Users\varap\Desktop\Major Project\venv\lib\site-packages\django\template\base.py", line 1005, in <listcomp>
    return SafeString("".join([node.render_annotated(context) for node in self]))
  File "C:\Users\varap\Desktop\Major Project\venv\lib\site-packages\django\template\base.py", line 966, in render_annotated
    return self.render(context)
  File "C:\Users\varap\Desktop\Major Project\venv\lib\site-packages\django\template\loader_tags.py", line 157, in render
    return compiled_parent._render(context)
  File "C:\Users\varap\Desktop\Major Project\venv\lib\site-packages\django\template\base.py", line 167, in _render
    return self.nodelist.render(context)
  File "C:\Users\varap\Desktop\Major Project\venv\lib\site-packages\django\template\base.py", line 1005, in render
    return SafeString("".join([node.render_annotated(context) for node in self]))
  File "C:\Users\varap\Desktop\Major Project\venv\lib\site-packages\django\template\base.py", line 1005, in <listcomp>
    return SafeString("".join([node.render_annotated(context) for node in self]))
  File "C:\Users\varap\Desktop\Major Project\venv\lib\site-packages\django\template\base.py", line 966, in render_annotated
    return self.render(context)
  File "C:\Users\varap\Desktop\Major Project\venv\lib\site-packages\django\template\defaulttags.py", line 321, in render
    return nodelist.render(context)
  File "C:\Users\varap\Desktop\Major Project\venv\lib\site-packages\django\template\base.py", line 1005, in render
    return SafeString("".join([node.render_annotated(context) for node in self]))
  File "C:\Users\varap\Desktop\Major Project\venv\lib\site-packages\django\template\base.py", line 1005, in <listcomp>
    return SafeString("".join([node.render_annotated(context) for node in self]))
  File "C:\Users\varap\Desktop\Major Project\venv\lib\site-packages\django\template\base.py", line 966, in render_annotated
    return self.render(context)
  File "C:\Users\varap\Desktop\Major Project\venv\lib\site-packages\django\template\defaulttags.py", line 321, in render
    return nodelist.render(context)
  File "C:\Users\varap\Desktop\Major Project\venv\lib\site-packages\django\template\base.py", line 1005, in render
    return SafeString("".join([node.render_annotated(context) for node in self]))
  File "C:\Users\varap\Desktop\Major Project\venv\lib\site-packages\django\template\base.py", line 1005, in <listcomp>
    return SafeString("".join([node.render_annotated(context) for node in self]))
  File "C:\Users\varap\Desktop\Major Project\venv\lib\site-packages\django\template\base.py", line 966, in render_annotated
    return self.render(context)
  File "C:\Users\varap\Desktop\Major Project\venv\lib\site-packages\django\template\defaulttags.py", line 471, in render
    url = reverse(view_name, args=args, kwargs=kwargs, current_app=current_app)
  File "C:\Users\varap\Desktop\Major Project\venv\lib\site-packages\django\urls\base.py", line 88, in reverse
    return resolver._reverse_with_prefix(view, prefix, *args, **kwargs)
  File "C:\Users\varap\Desktop\Major Project\venv\lib\site-packages\django\urls\resolvers.py", line 828, in _reverse_with_prefix
    raise NoReverseMatch(msg)
django.urls.exceptions.NoReverseMatch: Reverse for 'manage_admins' not found. 'manage_admins' is not a valid view function or pattern name.
"GET /super/dashboard/ HTTP/1.1" 500 189041
"GET / HTTP/1.1" 302 0
Internal Server Error: /super/dashboard/
Traceback (most recent call last):
  File "C:\Users\varap\Desktop\Major Project\venv\lib\site-packages\django\core\handlers\exception.py", line 55, in inner
    response = get_response(request)
  File "C:\Users\varap\Desktop\Major Project\venv\lib\site-packages\django\core\handlers\base.py", line 197, in _get_response
    response = wrapped_callback(request, *callback_args, **callback_kwargs)
  File "C:\Users\varap\Desktop\Major Project\venv\lib\site-packages\django\contrib\auth\decorators.py", line 23, in _wrapper_view
    return view_func(request, *args, **kwargs)
  File "C:\Users\varap\Desktop\Major Project\users\views.py", line 39, in super_dashboard
    return render(request, 'super/dashboard.html')
  File "C:\Users\varap\Desktop\Major Project\venv\lib\site-packages\django\shortcuts.py", line 24, in render
    content = loader.render_to_string(template_name, context, request, using=using)
  File "C:\Users\varap\Desktop\Major Project\venv\lib\site-packages\django\template\loader.py", line 62, in render_to_string
    return template.render(context, request)
  File "C:\Users\varap\Desktop\Major Project\venv\lib\site-packages\django\template\backends\django.py", line 61, in render
    return self.template.render(context)
  File "C:\Users\varap\Desktop\Major Project\venv\lib\site-packages\django\template\base.py", line 175, in render
    return self._render(context)
  File "C:\Users\varap\Desktop\Major Project\venv\lib\site-packages\django\template\base.py", line 167, in _render
    return self.nodelist.render(context)
  File "C:\Users\varap\Desktop\Major Project\venv\lib\site-packages\django\template\base.py", line 1005, in render
    return SafeString("".join([node.render_annotated(context) for node in self]))
  File "C:\Users\varap\Desktop\Major Project\venv\lib\site-packages\django\template\base.py", line 1005, in <listcomp>
    return SafeString("".join([node.render_annotated(context) for node in self]))
  File "C:\Users\varap\Desktop\Major Project\venv\lib\site-packages\django\template\base.py", line 966, in render_annotated
    return self.render(context)
  File "C:\Users\varap\Desktop\Major Project\venv\lib\site-packages\django\template\loader_tags.py", line 157, in render
    return compiled_parent._render(context)
  File "C:\Users\varap\Desktop\Major Project\venv\lib\site-packages\django\template\base.py", line 167, in _render
    return self.nodelist.render(context)
  File "C:\Users\varap\Desktop\Major Project\venv\lib\site-packages\django\template\base.py", line 1005, in render
    return SafeString("".join([node.render_annotated(context) for node in self]))
  File "C:\Users\varap\Desktop\Major Project\venv\lib\site-packages\django\template\base.py", line 1005, in <listcomp>
    return SafeString("".join([node.render_annotated(context) for node in self]))
  File "C:\Users\varap\Desktop\Major Project\venv\lib\site-packages\django\template\base.py", line 966, in render_annotated
    return self.render(context)
  File "C:\Users\varap\Desktop\Major Project\venv\lib\site-packages\django\template\defaulttags.py", line 321, in render
    return nodelist.render(context)
  File "C:\Users\varap\Desktop\Major Project\venv\lib\site-packages\django\template\base.py", line 1005, in render
    return SafeString("".join([node.render_annotated(context) for node in self]))
  File "C:\Users\varap\Desktop\Major Project\venv\lib\site-packages\django\template\base.py", line 1005, in <listcomp>
    return SafeString("".join([node.render_annotated(context) for node in self]))
  File "C:\Users\varap\Desktop\Major Project\venv\lib\site-packages\django\template\base.py", line 966, in render_annotated
    return self.render(context)
  File "C:\Users\varap\Desktop\Major Project\venv\lib\site-packages\django\template\defaulttags.py", line 321, in render
    return nodelist.render(context)
  File "C:\Users\varap\Desktop\Major Project\venv\lib\site-packages\django\template\base.py", line 1005, in render
    return SafeString("".join([node.render_annotated(context) for node in self]))
  File "C:\Users\varap\Desktop\Major Project\venv\lib\site-packages\django\template\base.py", line 1005, in <listcomp>
    return SafeString("".join([node.render_annotated(context) for node in self]))
  File "C:\Users\varap\Desktop\Major Project\venv\lib\site-packages\django\template\base.py", line 966, in render_annotated
    return self.render(context)
  File "C:\Users\varap\Desktop\Major Project\venv\lib\site-packages\django\template\defaulttags.py", line 471, in render
    url = reverse(view_name, args=args, kwargs=kwargs, current_app=current_app)
  File "C:\Users\varap\Desktop\Major Project\venv\lib\site-packages\django\urls\base.py", line 88, in reverse
    return resolver._reverse_with_prefix(view, prefix, *args, **kwargs)
  File "C:\Users\varap\Desktop\Major Project\venv\lib\site-packages\django\urls\resolvers.py", line 828, in _reverse_with_prefix
    raise NoReverseMatch(msg)
django.urls.exceptions.NoReverseMatch: Reverse for 'manage_admins' not found. 'manage_admins' is not a valid view function or pattern name.
"GET /super/dashboard/ HTTP/1.1" 500 188747
"GET / HTTP/1.1" 302 0
Internal Server Error: /super/dashboard/
Traceback (most recent call last):
  File "C:\Users\varap\Desktop\Major Project\venv\lib\site-packages\django\core\handlers\exception.py", line 55, in inner
    response = get_response(request)
  File "C:\Users\varap\Desktop\Major Project\venv\lib\site-packages\django\core\handlers\base.py", line 197, in _get_response
    response = wrapped_callback(request, *callback_args, **callback_kwargs)
  File "C:\Users\varap\Desktop\Major Project\venv\lib\site-packages\django\contrib\auth\decorators.py", line 23, in _wrapper_view
    return view_func(request, *args, **kwargs)
  File "C:\Users\varap\Desktop\Major Project\users\views.py", line 39, in super_dashboard
    return render(request, 'super/dashboard.html')
  File "C:\Users\varap\Desktop\Major Project\venv\lib\site-packages\django\shortcuts.py", line 24, in render
    content = loader.render_to_string(template_name, context, request, using=using)
  File "C:\Users\varap\Desktop\Major Project\venv\lib\site-packages\django\template\loader.py", line 62, in render_to_string
    return template.render(context, request)
  File "C:\Users\varap\Desktop\Major Project\venv\lib\site-packages\django\template\backends\django.py", line 61, in render
    return self.template.render(context)
  File "C:\Users\varap\Desktop\Major Project\venv\lib\site-packages\django\template\base.py", line 175, in render
    return self._render(context)
  File "C:\Users\varap\Desktop\Major Project\venv\lib\site-packages\django\template\base.py", line 167, in _render
    return self.nodelist.render(context)
  File "C:\Users\varap\Desktop\Major Project\venv\lib\site-packages\django\template\base.py", line 1005, in render
    return SafeString("".join([node.render_annotated(context) for node in self]))
  File "C:\Users\varap\Desktop\Major Project\venv\lib\site-packages\django\template\base.py", line 1005, in <listcomp>
    return SafeString("".join([node.render_annotated(context) for node in self]))
  File "C:\Users\varap\Desktop\Major Project\venv\lib\site-packages\django\template\base.py", line 966, in render_annotated
    return self.render(context)
  File "C:\Users\varap\Desktop\Major Project\venv\lib\site-packages\django\template\loader_tags.py", line 157, in render
    return compiled_parent._render(context)
  File "C:\Users\varap\Desktop\Major Project\venv\lib\site-packages\django\template\base.py", line 167, in _render
    return self.nodelist.render(context)
  File "C:\Users\varap\Desktop\Major Project\venv\lib\site-packages\django\template\base.py", line 1005, in render
    return SafeString("".join([node.render_annotated(context) for node in self]))
  File "C:\Users\varap\Desktop\Major Project\venv\lib\site-packages\django\template\base.py", line 1005, in <listcomp>
    return SafeString("".join([node.render_annotated(context) for node in self]))
  File "C:\Users\varap\Desktop\Major Project\venv\lib\site-packages\django\template\base.py", line 966, in render_annotated
    return self.render(context)
  File "C:\Users\varap\Desktop\Major Project\venv\lib\site-packages\django\template\defaulttags.py", line 321, in render
    return nodelist.render(context)
  File "C:\Users\varap\Desktop\Major Project\venv\lib\site-packages\django\template\base.py", line 1005, in render
    return SafeString("".join([node.render_annotated(context) for node in self]))
  File "C:\Users\varap\Desktop\Major Project\venv\lib\site-packages\django\template\base.py", line 1005, in <listcomp>
    return SafeString("".join([node.render_annotated(context) for node in self]))
  File "C:\Users\varap\Desktop\Major Project\venv\lib\site-packages\django\template\base.py", line 966, in render_annotated
    return self.render(context)
  File "C:\Users\varap\Desktop\Major Project\venv\lib\site-packages\django\template\defaulttags.py", line 321, in render
    return nodelist.render(context)
  File "C:\Users\varap\Desktop\Major Project\venv\lib\site-packages\django\template\base.py", line 1005, in render
    return SafeString("".join([node.render_annotated(context) for node in self]))
  File "C:\Users\varap\Desktop\Major Project\venv\lib\site-packages\django\template\base.py", line 1005, in <listcomp>
    return SafeString("".join([node.render_annotated(context) for node in self]))
  File "C:\Users\varap\Desktop\Major Project\venv\lib\site-packages\django\template\base.py", line 966, in render_annotated
    return self.render(context)
  File "C:\Users\varap\Desktop\Major Project\venv\lib\site-packages\django\template\defaulttags.py", line 471, in render
    url = reverse(view_name, args=args, kwargs=kwargs, current_app=current_app)
  File "C:\Users\varap\Desktop\Major Project\venv\lib\site-packages\django\urls\base.py", line 88, in reverse
    return resolver._reverse_with_prefix(view, prefix, *args, **kwargs)
  File "C:\Users\varap\Desktop\Major Project\venv\lib\site-packages\django\urls\resolvers.py", line 828, in _reverse_with_prefix
    raise NoReverseMatch(msg)
django.urls.exceptions.NoReverseMatch: Reverse for 'manage_admins' not found. 'manage_admins' is not a valid view function or pattern name.
"GET /super/dashboard/ HTTP/1.1" 500 188747
Not Found: /favicon.ico
"GET /favicon.ico HTTP/1.1" 404 3810
Not Found: /.well-known/appspecific/com.chrome.devtools.json
"GET /.well-known/appspecific/com.chrome.devtools.json HTTP/1.1" 404 3921
"GET /super/dashboard/ HTTP/1.1" 302 0
"GET /login/?next=/super/dashboard/ HTTP/1.1" 200 5832
Not Found: /.well-known/appspecific/com.chrome.devtools.json
"GET /.well-known/appspecific/com.chrome.devtools.json HTTP/1.1" 404 3921
"POST /login/?next=/super/dashboard/ HTTP/1.1" 302 0
"GET / HTTP/1.1" 302 0
Internal Server Error: /super/dashboard/
Traceback (most recent call last):
  File "C:\Users\varap\Desktop\Major Project\venv\lib\site-packages\django\core\handlers\exception.py", line 55, in inner
    response = get_response(request)
  File "C:\Users\varap\Desktop\Major Project\venv\lib\site-packages\django\core\handlers\base.py", line 197, in _get_response
    response = wrapped_callback(request, *callback_args, **callback_kwargs)
  File "C:\Users\varap\Desktop\Major Project\venv\lib\site-packages\django\contrib\auth\decorators.py", line 23, in _wrapper_view
    return view_func(request, *args, **kwargs)
  File "C:\Users\varap\Desktop\Major Project\users\views.py", line 39, in super_dashboard
    return render(request, 'super/dashboard.html')
  File "C:\Users\varap\Desktop\Major Project\venv\lib\site-packages\django\shortcuts.py", line 24, in render
    content = loader.render_to_string(template_name, context, request, using=using)
  File "C:\Users\varap\Desktop\Major Project\venv\lib\site-packages\django\template\loader.py", line 62, in render_to_string
    return template.render(context, request)
  File "C:\Users\varap\Desktop\Major Project\venv\lib\site-packages\django\template\backends\django.py", line 61, in render
    return self.template.render(context)
  File "C:\Users\varap\Desktop\Major Project\venv\lib\site-packages\django\template\base.py", line 175, in render
    return self._render(context)
  File "C:\Users\varap\Desktop\Major Project\venv\lib\site-packages\django\template\base.py", line 167, in _render
    return self.nodelist.render(context)
  File "C:\Users\varap\Desktop\Major Project\venv\lib\site-packages\django\template\base.py", line 1005, in render
    return SafeString("".join([node.render_annotated(context) for node in self]))
  File "C:\Users\varap\Desktop\Major Project\venv\lib\site-packages\django\template\base.py", line 1005, in <listcomp>
    return SafeString("".join([node.render_annotated(context) for node in self]))
  File "C:\Users\varap\Desktop\Major Project\venv\lib\site-packages\django\template\base.py", line 966, in render_annotated
    return self.render(context)
  File "C:\Users\varap\Desktop\Major Project\venv\lib\site-packages\django\template\loader_tags.py", line 157, in render
    return compiled_parent._render(context)
  File "C:\Users\varap\Desktop\Major Project\venv\lib\site-packages\django\template\base.py", line 167, in _render
    return self.nodelist.render(context)
  File "C:\Users\varap\Desktop\Major Project\venv\lib\site-packages\django\template\base.py", line 1005, in render
    return SafeString("".join([node.render_annotated(context) for node in self]))
  File "C:\Users\varap\Desktop\Major Project\venv\lib\site-packages\django\template\base.py", line 1005, in <listcomp>
    return SafeString("".join([node.render_annotated(context) for node in self]))
  File "C:\Users\varap\Desktop\Major Project\venv\lib\site-packages\django\template\base.py", line 966, in render_annotated
    return self.render(context)
  File "C:\Users\varap\Desktop\Major Project\venv\lib\site-packages\django\template\defaulttags.py", line 321, in render
    return nodelist.render(context)
  File "C:\Users\varap\Desktop\Major Project\venv\lib\site-packages\django\template\base.py", line 1005, in render
    return SafeString("".join([node.render_annotated(context) for node in self]))
  File "C:\Users\varap\Desktop\Major Project\venv\lib\site-packages\django\template\base.py", line 1005, in <listcomp>
    return SafeString("".join([node.render_annotated(context) for node in self]))
  File "C:\Users\varap\Desktop\Major Project\venv\lib\site-packages\django\template\base.py", line 966, in render_annotated
    return self.render(context)
  File "C:\Users\varap\Desktop\Major Project\venv\lib\site-packages\django\template\defaulttags.py", line 321, in render
    return nodelist.render(context)
  File "C:\Users\varap\Desktop\Major Project\venv\lib\site-packages\django\template\base.py", line 1005, in render
    return SafeString("".join([node.render_annotated(context) for node in self]))
  File "C:\Users\varap\Desktop\Major Project\venv\lib\site-packages\django\template\base.py", line 1005, in <listcomp>
    return SafeString("".join([node.render_annotated(context) for node in self]))
  File "C:\Users\varap\Desktop\Major Project\venv\lib\site-packages\django\template\base.py", line 966, in render_annotated
    return self.render(context)
  File "C:\Users\varap\Desktop\Major Project\venv\lib\site-packages\django\template\defaulttags.py", line 471, in render
    url = reverse(view_name, args=args, kwargs=kwargs, current_app=current_app)
  File "C:\Users\varap\Desktop\Major Project\venv\lib\site-packages\django\urls\base.py", line 88, in reverse
    return resolver._reverse_with_prefix(view, prefix, *args, **kwargs)
  File "C:\Users\varap\Desktop\Major Project\venv\lib\site-packages\django\urls\resolvers.py", line 828, in _reverse_with_prefix
    raise NoReverseMatch(msg)
django.urls.exceptions.NoReverseMatch: Reverse for 'manage_admins' not found. 'manage_admins' is not a valid view function or pattern name.
"GET /super/dashboard/ HTTP/1.1" 500 189064
C:\Users\varap\Desktop\Major Project\users\views.py changed, reloading.
Watching for file changes with StatReloader
C:\Users\varap\Desktop\Major Project\users\views.py changed, reloading.
Watching for file changes with StatReloader
C:\Users\varap\Desktop\Major Project\users\urls.py changed, reloading.
Watching for file changes with StatReloader
C:\Users\varap\Desktop\Major Project\users\views.py changed, reloading.
Watching for file changes with StatReloader
"GET / HTTP/1.1" 302 0
"GET /super/dashboard/ HTTP/1.1" 200 13191
"GET /super/admins/ HTTP/1.1" 200 6750
"POST /super/admins/ HTTP/1.1" 200 6750
"GET /super/dashboard/ HTTP/1.1" 200 13191
"GET /super/dashboard/ HTTP/1.1" 200 13191
"GET /super/dashboard/ HTTP/1.1" 200 13191
"GET /super/dashboard/ HTTP/1.1" 200 13191
"GET /super/dashboard/ HTTP/1.1" 200 13191
"GET /super/dashboard/ HTTP/1.1" 200 13191
"GET /super/dashboard/ HTTP/1.1" 200 13191
"GET /super/dashboard/ HTTP/1.1" 200 13191
"GET /super/admins/ HTTP/1.1" 200 6750
"GET /super/admins/ HTTP/1.1" 200 6750
"GET /super/admins/ HTTP/1.1" 200 6750
"POST /super/admins/ HTTP/1.1" 200 6750
"GET /super/dashboard/ HTTP/1.1" 200 13191
"GET /super/dashboard/ HTTP/1.1" 200 13191
"GET /super/dashboard/ HTTP/1.1" 200 13191
"GET /super/dashboard/ HTTP/1.1" 200 13191
Watching for file changes with StatReloader
"GET / HTTP/1.1" 302 0
"GET /super/dashboard/ HTTP/1.1" 200 13191
Not Found: /favicon.ico
"GET /favicon.ico HTTP/1.1" 404 4177
"GET /super/admins/ HTTP/1.1" 200 6750
C:\Users\varap\Desktop\Major Project\users\views.py changed, reloading.
Watching for file changes with StatReloader
"GET /super/dashboard/ HTTP/1.1" 200 13196
"GET /super/admins/ HTTP/1.1" 200 12848
Watching for file changes with StatReloader
"GET / HTTP/1.1" 302 0
"GET /super/dashboard/ HTTP/1.1" 200 13196
"GET /logout/ HTTP/1.1" 302 0
"GET /login/ HTTP/1.1" 200 5832
"POST /login/ HTTP/1.1" 302 0
"GET / HTTP/1.1" 302 0
"GET /super/dashboard/ HTTP/1.1" 200 13196
"GET /super/admins/ HTTP/1.1" 200 12848
Watching for file changes with StatReloader
"GET / HTTP/1.1" 302 0
"GET /login/ HTTP/1.1" 200 5832
Not Found: /favicon.ico
"GET /favicon.ico HTTP/1.1" 404 4177
"POST /login/ HTTP/1.1" 200 5832
"POST /login/ HTTP/1.1" 302 0
"GET / HTTP/1.1" 302 0
"GET /super/dashboard/ HTTP/1.1" 200 13196
"GET /super/admins/ HTTP/1.1" 200 12848
Watching for file changes with StatReloader
"GET /super/admins/ HTTP/1.1" 200 12848
"GET /super/admins/ HTTP/1.1" 200 12848
C:\Users\krishna babu laveti\OneDrive\Desktop\Major Project\project-web app\users\views.py changed, reloading.
Watching for file changes with StatReloader
C:\Users\krishna babu laveti\OneDrive\Desktop\Major Project\project-web app\users\urls.py changed, reloading.
Watching for file changes with StatReloader
C:\Users\krishna babu laveti\OneDrive\Desktop\Major Project\project-web app\users\urls.py changed, reloading.
Watching for file changes with StatReloader
"GET /super/admins/ HTTP/1.1" 200 12918
"GET /super/admins/ HTTP/1.1" 200 12918
"GET /super/admins/d6ebd314-7136-4adc-8bc7-0c1959dd9c69/edit/ HTTP/1.1" 200 7801
"POST /super/admins/d6ebd314-7136-4adc-8bc7-0c1959dd9c69/edit/ HTTP/1.1" 302 0
"GET /super/admins/ HTTP/1.1" 200 13545
"GET /super/admins/ff57bf7e-752d-4ac6-900a-095acdfea92b/edit/ HTTP/1.1" 200 7800
"POST /super/admins/ff57bf7e-752d-4ac6-900a-095acdfea92b/edit/ HTTP/1.1" 302 0
"GET /super/admins/ HTTP/1.1" 200 13545
"GET /logout/ HTTP/1.1" 302 0
"GET /login/ HTTP/1.1" 200 5832
"POST /login/ HTTP/1.1" 200 5832
"POST /login/ HTTP/1.1" 302 0
"GET / HTTP/1.1" 302 0
"GET /admin/dashboard/ HTTP/1.1" 302 0
"GET /admin/login/?next=/admin/dashboard/ HTTP/1.1" 200 3736
"GET /static/admin/css/login.css HTTP/1.1" 200 958
"GET /static/admin/css/dark_mode.css HTTP/1.1" 200 2929
"GET /static/admin/css/nav_sidebar.css HTTP/1.1" 200 2694
"GET /static/admin/css/base.css HTTP/1.1" 200 21207
"GET /static/admin/css/responsive.css HTTP/1.1" 200 18533
"GET /static/admin/js/theme.js HTTP/1.1" 200 1943
"GET /static/admin/js/nav_sidebar.js HTTP/1.1" 200 3063
C:\Users\krishna babu laveti\OneDrive\Desktop\Major Project\project-web app\attendance_system\settings.py changed, reloading.
Watching for file changes with StatReloader
"GET / HTTP/1.1" 302 0
"GET /admin/dashboard/ HTTP/1.1" 302 0
"GET /admin/dashboard/ HTTP/1.1" 302 0
"GET /admin/dashboard/ HTTP/1.1" 302 0
"GET /admin/dashboard/ HTTP/1.1" 302 0
"GET /admin/dashboard/ HTTP/1.1" 302 0
"GET /admin/dashboard/ HTTP/1.1" 302 0
"GET /admin/dashboard/ HTTP/1.1" 302 0
"GET /admin/dashboard/ HTTP/1.1" 302 0
"GET /admin/dashboard/ HTTP/1.1" 302 0
"GET /admin/dashboard/ HTTP/1.1" 302 0
"GET /admin/dashboard/ HTTP/1.1" 302 0
"GET /admin/dashboard/ HTTP/1.1" 302 0
"GET /admin/dashboard/ HTTP/1.1" 302 0
"GET /admin/dashboard/ HTTP/1.1" 302 0
"GET /admin/dashboard/ HTTP/1.1" 302 0
"GET /admin/dashboard/ HTTP/1.1" 302 0
"GET /admin/dashboard/ HTTP/1.1" 302 0
"GET /admin/dashboard/ HTTP/1.1" 302 0
"GET /admin/dashboard/ HTTP/1.1" 302 0
"GET /admin/dashboard/ HTTP/1.1" 302 0
"GET /admin/dashboard/ HTTP/1.1" 302 0
"GET /admin/dashboard/ HTTP/1.1" 302 0
"GET /admin/dashboard/ HTTP/1.1" 302 0
"GET /admin/dashboard/ HTTP/1.1" 302 0
"GET /admin/dashboard/ HTTP/1.1" 302 0
"GET /admin/dashboard/ HTTP/1.1" 302 0
"GET /admin/dashboard/ HTTP/1.1" 302 0
"GET /admin/dashboard/ HTTP/1.1" 302 0
"GET /admin/dashboard/ HTTP/1.1" 302 0
"GET /admin/dashboard/ HTTP/1.1" 302 0
"GET /admin/dashboard/ HTTP/1.1" 302 0
"GET /admin/dashboard/ HTTP/1.1" 302 0
"GET /admin/dashboard/ HTTP/1.1" 302 0
"GET /admin/dashboard/ HTTP/1.1" 302 0
"GET /admin/dashboard/ HTTP/1.1" 302 0
"GET /admin/dashboard/ HTTP/1.1" 302 0
"GET /admin/dashboard/ HTTP/1.1" 302 0
"GET /admin/dashboard/ HTTP/1.1" 302 0
"GET /admin/dashboard/ HTTP/1.1" 302 0
"GET /admin/login/?next=/admin/dashboard/ HTTP/1.1" 302 0
"GET /admin/dashboard/ HTTP/1.1" 302 0
"GET /admin/dashboard/ HTTP/1.1" 302 0
"GET /admin/dashboard/ HTTP/1.1" 302 0
"GET /admin/dashboard/ HTTP/1.1" 302 0
"GET /admin/dashboard/ HTTP/1.1" 302 0
"GET /admin/dashboard/ HTTP/1.1" 302 0
"GET /admin/dashboard/ HTTP/1.1" 302 0
"GET /admin/dashboard/ HTTP/1.1" 302 0
"GET /admin/dashboard/ HTTP/1.1" 302 0
"GET /admin/dashboard/ HTTP/1.1" 302 0
"GET /admin/dashboard/ HTTP/1.1" 302 0
"GET /admin/dashboard/ HTTP/1.1" 302 0
"GET /admin/dashboard/ HTTP/1.1" 302 0
"GET /admin/dashboard/ HTTP/1.1" 302 0
"GET /admin/dashboard/ HTTP/1.1" 302 0
"GET /admin/dashboard/ HTTP/1.1" 302 0
"GET /admin/dashboard/ HTTP/1.1" 302 0
"GET /admin/dashboard/ HTTP/1.1" 302 0
"GET /admin/dashboard/ HTTP/1.1" 302 0
"GET /admin/dashboard/ HTTP/1.1" 302 0
"GET /admin/dashboard/ HTTP/1.1" 302 0
"GET /admin/dashboard/ HTTP/1.1" 302 0
"GET /admin/dashboard/ HTTP/1.1" 302 0
"GET /admin/dashboard/ HTTP/1.1" 302 0
"GET /admin/dashboard/ HTTP/1.1" 302 0
"GET /admin/dashboard/ HTTP/1.1" 302 0
"GET /admin/dashboard/ HTTP/1.1" 302 0
"GET /admin/dashboard/ HTTP/1.1" 302 0
"GET /admin/dashboard/ HTTP/1.1" 302 0
"GET /admin/dashboard/ HTTP/1.1" 302 0
"GET /admin/dashboard/ HTTP/1.1" 302 0
"GET /admin/dashboard/ HTTP/1.1" 302 0
"GET /admin/dashboard/ HTTP/1.1" 302 0
"GET /admin/dashboard/ HTTP/1.1" 302 0
"GET /admin/dashboard/ HTTP/1.1" 302 0
"GET /admin/dashboard/ HTTP/1.1" 302 0
"GET /admin/dashboard/ HTTP/1.1" 302 0
"GET /admin/dashboard/ HTTP/1.1" 302 0
"GET /admin/dashboard/ HTTP/1.1" 302 0
Watching for file changes with StatReloader
"GET / HTTP/1.1" 302 0
"GET /admin/dashboard/ HTTP/1.1" 302 0
"GET /admin/dashboard/ HTTP/1.1" 302 0
"GET /admin/dashboard/ HTTP/1.1" 302 0
"GET /admin/dashboard/ HTTP/1.1" 302 0
"GET /admin/dashboard/ HTTP/1.1" 302 0
"GET /admin/dashboard/ HTTP/1.1" 302 0
"GET /admin/dashboard/ HTTP/1.1" 302 0
"GET /admin/dashboard/ HTTP/1.1" 302 0
"GET /admin/dashboard/ HTTP/1.1" 302 0
"GET /admin/dashboard/ HTTP/1.1" 302 0
"GET /admin/dashboard/ HTTP/1.1" 302 0
"GET /admin/dashboard/ HTTP/1.1" 302 0
"GET /admin/dashboard/ HTTP/1.1" 302 0
"GET /admin/dashboard/ HTTP/1.1" 302 0
"GET /admin/dashboard/ HTTP/1.1" 302 0
"GET /admin/dashboard/ HTTP/1.1" 302 0
"GET /admin/dashboard/ HTTP/1.1" 302 0
"GET /admin/dashboard/ HTTP/1.1" 302 0
"GET /admin/dashboard/ HTTP/1.1" 302 0
"GET /admin/dashboard/ HTTP/1.1" 302 0
"GET /admin/dashboard/ HTTP/1.1" 302 0
"GET /admin/dashboard/ HTTP/1.1" 302 0
"GET /admin/dashboard/ HTTP/1.1" 302 0
"GET /admin/dashboard/ HTTP/1.1" 302 0
"GET /admin/dashboard/ HTTP/1.1" 302 0
"GET /admin/dashboard/ HTTP/1.1" 302 0
"GET /admin/dashboard/ HTTP/1.1" 302 0
"GET /admin/dashboard/ HTTP/1.1" 302 0
"GET /admin/dashboard/ HTTP/1.1" 302 0
"GET /admin/dashboard/ HTTP/1.1" 302 0
"GET /admin/dashboard/ HTTP/1.1" 302 0
"GET /admin/dashboard/ HTTP/1.1" 302 0
"GET /admin/dashboard/ HTTP/1.1" 302 0
"GET /admin/dashboard/ HTTP/1.1" 302 0
"GET /admin/dashboard/ HTTP/1.1" 302 0
"GET /admin/dashboard/ HTTP/1.1" 302 0
"GET /admin/dashboard/ HTTP/1.1" 302 0
"GET /admin/dashboard/ HTTP/1.1" 302 0
"GET /admin/dashboard/ HTTP/1.1" 302 0
"GET /admin/dashboard/ HTTP/1.1" 302 0
"GET /admin/dashboard/ HTTP/1.1" 302 0
"GET /admin/dashboard/ HTTP/1.1" 302 0
"GET /admin/dashboard/ HTTP/1.1" 302 0
"GET /admin/dashboard/ HTTP/1.1" 302 0
"GET /admin/dashboard/ HTTP/1.1" 302 0
"GET /admin/dashboard/ HTTP/1.1" 302 0
"GET /admin/dashboard/ HTTP/1.1" 302 0
"GET /admin/dashboard/ HTTP/1.1" 302 0
"GET /admin/dashboard/ HTTP/1.1" 302 0
"GET /admin/dashboard/ HTTP/1.1" 302 0
"GET /admin/dashboard/ HTTP/1.1" 302 0
"GET /admin/dashboard/ HTTP/1.1" 302 0
"GET /admin/dashboard/ HTTP/1.1" 302 0
"GET /admin/dashboard/ HTTP/1.1" 302 0
"GET /admin/dashboard/ HTTP/1.1" 302 0
"GET /admin/dashboard/ HTTP/1.1" 302 0
"GET /admin/dashboard/ HTTP/1.1" 302 0
"GET /admin/dashboard/ HTTP/1.1" 302 0
"GET /admin/dashboard/ HTTP/1.1" 302 0
"GET /admin/dashboard/ HTTP/1.1" 302 0
"GET /admin/dashboard/ HTTP/1.1" 302 0
"GET /admin/dashboard/ HTTP/1.1" 302 0
"GET /admin/dashboard/ HTTP/1.1" 302 0
"GET /admin/dashboard/ HTTP/1.1" 302 0
"GET /admin/dashboard/ HTTP/1.1" 302 0
"GET /admin/dashboard/ HTTP/1.1" 302 0
"GET /admin/dashboard/ HTTP/1.1" 302 0
"GET /admin/dashboard/ HTTP/1.1" 302 0
"GET /admin/dashboard/ HTTP/1.1" 302 0
"GET /admin/dashboard/ HTTP/1.1" 302 0
"GET /admin/dashboard/ HTTP/1.1" 302 0
"GET /admin/dashboard/ HTTP/1.1" 302 0
"GET /admin/dashboard/ HTTP/1.1" 302 0
"GET /admin/dashboard/ HTTP/1.1" 302 0
"GET /admin/dashboard/ HTTP/1.1" 302 0
"GET /admin/dashboard/ HTTP/1.1" 302 0
"GET /admin/dashboard/ HTTP/1.1" 302 0
"GET /admin/dashboard/ HTTP/1.1" 302 0
"GET /admin/dashboard/ HTTP/1.1" 302 0
"GET /admin/dashboard/ HTTP/1.1" 302 0
"GET /admin/dashboard/ HTTP/1.1" 302 0
"GET /admin/dashboard/ HTTP/1.1" 302 0
"GET /admin/dashboard/ HTTP/1.1" 302 0
"GET /admin/dashboard/ HTTP/1.1" 302 0
"GET /admin/dashboard/ HTTP/1.1" 302 0
"GET /admin/dashboard/ HTTP/1.1" 302 0
"GET /admin/dashboard/ HTTP/1.1" 302 0
"GET /admin/dashboard/ HTTP/1.1" 302 0
"GET /admin/dashboard/ HTTP/1.1" 302 0
"GET /admin/dashboard/ HTTP/1.1" 302 0
"GET /admin/dashboard/ HTTP/1.1" 302 0
"GET /admin/dashboard/ HTTP/1.1" 302 0
"GET /admin/dashboard/ HTTP/1.1" 302 0
"GET /admin/dashboard/ HTTP/1.1" 302 0
"GET /admin/dashboard/ HTTP/1.1" 302 0
"GET /admin/dashboard/ HTTP/1.1" 302 0
"GET /admin/dashboard/ HTTP/1.1" 302 0
"GET /admin/dashboard/ HTTP/1.1" 302 0
"GET /admin/dashboard/ HTTP/1.1" 302 0
"GET /admin/dashboard/ HTTP/1.1" 302 0
"GET /admin/dashboard/ HTTP/1.1" 302 0
"GET /admin/dashboard/ HTTP/1.1" 302 0
"GET /admin/dashboard/ HTTP/1.1" 302 0
"GET /admin/dashboard/ HTTP/1.1" 302 0
"GET /admin/dashboard/ HTTP/1.1" 302 0
"GET /admin/dashboard/ HTTP/1.1" 302 0
"GET /admin/dashboard/ HTTP/1.1" 302 0
"GET /admin/dashboard/ HTTP/1.1" 302 0
"GET /admin/dashboard/ HTTP/1.1" 302 0
"GET /admin/dashboard/ HTTP/1.1" 302 0
"GET /admin/dashboard/ HTTP/1.1" 302 0
"GET /admin/dashboard/ HTTP/1.1" 302 0
"GET /admin/dashboard/ HTTP/1.1" 302 0
"GET /admin/dashboard/ HTTP/1.1" 302 0
"GET /admin/dashboard/ HTTP/1.1" 302 0
"GET /admin/dashboard/ HTTP/1.1" 302 0
"GET /admin/dashboard/ HTTP/1.1" 302 0
"GET /admin/dashboard/ HTTP/1.1" 302 0
"GET /admin/dashboard/ HTTP/1.1" 302 0
"GET /admin/dashboard/ HTTP/1.1" 302 0
"GET /admin/dashboard/ HTTP/1.1" 302 0
"GET /admin/dashboard/ HTTP/1.1" 302 0
"GET /admin/dashboard/ HTTP/1.1" 302 0
"GET /admin/dashboard/ HTTP/1.1" 302 0
"GET /admin/dashboard/ HTTP/1.1" 302 0
"GET /admin/dashboard/ HTTP/1.1" 302 0
"GET /admin/dashboard/ HTTP/1.1" 302 0
"GET /admin/dashboard/ HTTP/1.1" 302 0
"GET /admin/dashboard/ HTTP/1.1" 302 0
"GET /admin/dashboard/ HTTP/1.1" 302 0
"GET /admin/dashboard/ HTTP/1.1" 302 0
"GET /admin/dashboard/ HTTP/1.1" 302 0
"GET /admin/dashboard/ HTTP/1.1" 302 0
"GET /admin/dashboard/ HTTP/1.1" 302 0
"GET /admin/dashboard/ HTTP/1.1" 302 0
"GET /admin/dashboard/ HTTP/1.1" 302 0
"GET /admin/dashboard/ HTTP/1.1" 302 0
"GET /admin/dashboard/ HTTP/1.1" 302 0
"GET /admin/dashboard/ HTTP/1.1" 302 0
"GET / HTTP/1.1" 302 0
"GET /admin/dashboard/ HTTP/1.1" 302 0
"GET /admin/dashboard/ HTTP/1.1" 302 0
"GET /admin/dashboard/ HTTP/1.1" 302 0
"GET /admin/dashboard/ HTTP/1.1" 302 0
"GET /admin/dashboard/ HTTP/1.1" 302 0
"GET /admin/dashboard/ HTTP/1.1" 302 0
"GET /admin/dashboard/ HTTP/1.1" 302 0
"GET /admin/dashboard/ HTTP/1.1" 302 0
"GET /admin/dashboard/ HTTP/1.1" 302 0
"GET /admin/dashboard/ HTTP/1.1" 302 0
"GET /admin/dashboard/ HTTP/1.1" 302 0
"GET /admin/dashboard/ HTTP/1.1" 302 0
"GET /admin/dashboard/ HTTP/1.1" 302 0
"GET /admin/dashboard/ HTTP/1.1" 302 0
"GET /admin/dashboard/ HTTP/1.1" 302 0
"GET /admin/dashboard/ HTTP/1.1" 302 0
"GET /admin/dashboard/ HTTP/1.1" 302 0
"GET /admin/dashboard/ HTTP/1.1" 302 0
"GET /admin/dashboard/ HTTP/1.1" 302 0
"GET /admin/dashboard/ HTTP/1.1" 302 0
"GET /admin/dashboard/ HTTP/1.1" 302 0
"GET /admin/dashboard/ HTTP/1.1" 302 0
"GET /admin/dashboard/ HTTP/1.1" 302 0
"GET /admin/dashboard/ HTTP/1.1" 302 0
"GET /admin/dashboard/ HTTP/1.1" 302 0
"GET /admin/dashboard/ HTTP/1.1" 302 0
"GET /admin/dashboard/ HTTP/1.1" 302 0
"GET /admin/dashboard/ HTTP/1.1" 302 0
"GET /admin/dashboard/ HTTP/1.1" 302 0
"GET /admin/dashboard/ HTTP/1.1" 302 0
"GET /admin/dashboard/ HTTP/1.1" 302 0
"GET /admin/dashboard/ HTTP/1.1" 302 0
"GET /admin/dashboard/ HTTP/1.1" 302 0
"GET /admin/dashboard/ HTTP/1.1" 302 0
"GET /admin/dashboard/ HTTP/1.1" 302 0
"GET /admin/dashboard/ HTTP/1.1" 302 0
"GET /admin/dashboard/ HTTP/1.1" 302 0
"GET /admin/dashboard/ HTTP/1.1" 302 0
"GET /admin/dashboard/ HTTP/1.1" 302 0
"GET /admin/dashboard/ HTTP/1.1" 302 0
"GET /admin/dashboard/ HTTP/1.1" 302 0
"GET /admin/dashboard/ HTTP/1.1" 302 0
"GET /admin/dashboard/ HTTP/1.1" 302 0
"GET /admin/dashboard/ HTTP/1.1" 302 0
"GET /admin/dashboard/ HTTP/1.1" 302 0
"GET /admin/dashboard/ HTTP/1.1" 302 0
"GET /admin/dashboard/ HTTP/1.1" 302 0
"GET /admin/dashboard/ HTTP/1.1" 302 0
"GET /admin/dashboard/ HTTP/1.1" 302 0
"GET /admin/dashboard/ HTTP/1.1" 302 0
"GET /admin/dashboard/ HTTP/1.1" 302 0
"GET /admin/dashboard/ HTTP/1.1" 302 0
"GET /admin/dashboard/ HTTP/1.1" 302 0
"GET /admin/dashboard/ HTTP/1.1" 302 0
"GET /admin/dashboard/ HTTP/1.1" 302 0
"GET /admin/dashboard/ HTTP/1.1" 302 0
"GET /admin/dashboard/ HTTP/1.1" 302 0
"GET /admin/dashboard/ HTTP/1.1" 302 0
"GET /admin/dashboard/ HTTP/1.1" 302 0
"GET /admin HTTP/1.1" 301 0
"GET /admin/ HTTP/1.1" 302 0
"GET /admin/dashboard/ HTTP/1.1" 302 0
"GET /admin/dashboard/ HTTP/1.1" 302 0
"GET /admin/dashboard/ HTTP/1.1" 302 0
"GET /admin/dashboard/ HTTP/1.1" 302 0
"GET /admin/dashboard/ HTTP/1.1" 302 0
"GET /admin/dashboard/ HTTP/1.1" 302 0
"GET /admin/dashboard/ HTTP/1.1" 302 0
"GET /admin/dashboard/ HTTP/1.1" 302 0
"GET /admin/dashboard/ HTTP/1.1" 302 0
"GET /admin/dashboard/ HTTP/1.1" 302 0
"GET /admin/dashboard/ HTTP/1.1" 302 0
"GET /admin/dashboard/ HTTP/1.1" 302 0
"GET /admin/dashboard/ HTTP/1.1" 302 0
"GET /admin/dashboard/ HTTP/1.1" 302 0
"GET /admin/dashboard/ HTTP/1.1" 302 0
"GET /admin/dashboard/ HTTP/1.1" 302 0
"GET /admin/dashboard/ HTTP/1.1" 302 0
"GET /admin/dashboard/ HTTP/1.1" 302 0
"GET /admin/dashboard/ HTTP/1.1" 302 0
"GET /admin/dashboard/ HTTP/1.1" 302 0
"GET /admin/dashboard/ HTTP/1.1" 302 0
"GET /admin/dashboard/ HTTP/1.1" 302 0
"GET /admin/dashboard/ HTTP/1.1" 302 0
"GET /admin/dashboard/ HTTP/1.1" 302 0
"GET /admin/dashboard/ HTTP/1.1" 302 0
"GET /admin/dashboard/ HTTP/1.1" 302 0
"GET /admin/dashboard/ HTTP/1.1" 302 0
"GET /admin/dashboard/ HTTP/1.1" 302 0
"GET /admin/dashboard/ HTTP/1.1" 302 0
"GET /admin/dashboard/ HTTP/1.1" 302 0
"GET /admin/dashboard/ HTTP/1.1" 302 0
"GET /admin/dashboard/ HTTP/1.1" 302 0
"GET /admin/dashboard/ HTTP/1.1" 302 0
"GET /admin/dashboard/ HTTP/1.1" 302 0
"GET /admin/dashboard/ HTTP/1.1" 302 0
"GET /admin/dashboard/ HTTP/1.1" 302 0
"GET /admin/dashboard/ HTTP/1.1" 302 0
"GET /admin/dashboard/ HTTP/1.1" 302 0
"GET /admin/dashboard/ HTTP/1.1" 302 0
"GET /admin/dashboard/ HTTP/1.1" 302 0
"GET /admin/dashboard/ HTTP/1.1" 302 0
"GET /admin/dashboard/ HTTP/1.1" 302 0
"GET /admin/dashboard/ HTTP/1.1" 302 0
"GET /admin/dashboard/ HTTP/1.1" 302 0
"GET /admin/dashboard/ HTTP/1.1" 302 0
"GET /admin/dashboard/ HTTP/1.1" 302 0
"GET /admin/dashboard/ HTTP/1.1" 302 0
"GET /admin/dashboard/ HTTP/1.1" 302 0
"GET /admin/dashboard/ HTTP/1.1" 302 0
"GET /admin/dashboard/ HTTP/1.1" 302 0
"GET /admin/dashboard/ HTTP/1.1" 302 0
"GET /admin/dashboard/ HTTP/1.1" 302 0
"GET /admin/dashboard/ HTTP/1.1" 302 0
"GET /admin/dashboard/ HTTP/1.1" 302 0
"GET /admin/dashboard/ HTTP/1.1" 302 0
"GET /admin/dashboard/ HTTP/1.1" 302 0
"GET /admin/dashboard/ HTTP/1.1" 302 0
"GET /admin/dashboard/ HTTP/1.1" 302 0
C:\Users\krishna babu laveti\OneDrive\Desktop\Major Project\project-web app\users\middleware.py changed, reloading.
Watching for file changes with StatReloader
"GET /admin/dashboard/ HTTP/1.1" 302 0
"GET /admin/login/?next=/admin/dashboard/ HTTP/1.1" 200 3736
Not Found: /.well-known/appspecific/com.chrome.devtools.json
"GET /.well-known/appspecific/com.chrome.devtools.json HTTP/1.1" 404 4494
"GET /admin/login/?next=/admin/dashboard/ HTTP/1.1" 200 4198
Not Found: /.well-known/appspecific/com.chrome.devtools.json
"GET /.well-known/appspecific/com.chrome.devtools.json HTTP/1.1" 404 4494
"GET /admin/login/?next=/admin/dashboard/ HTTP/1.1" 200 4198
Not Found: /.well-known/appspecific/com.chrome.devtools.json
"GET /.well-known/appspecific/com.chrome.devtools.json HTTP/1.1" 404 4494
Watching for file changes with StatReloader
"GET / HTTP/1.1" 302 0
"GET /login/ HTTP/1.1" 200 5832
"POST /login/ HTTP/1.1" 302 0
"GET / HTTP/1.1" 302 0
"GET /admin/dashboard/ HTTP/1.1" 302 0
"GET /admin/login/?next=/admin/dashboard/ HTTP/1.1" 200 3736
Not Found: /.well-known/appspecific/com.chrome.devtools.json
"GET /.well-known/appspecific/com.chrome.devtools.json HTTP/1.1" 404 4494
"GET /admin/login/?next=/admin/dashboard/ HTTP/1.1" 200 4198
Not Found: /.well-known/appspecific/com.chrome.devtools.json
"GET /.well-known/appspecific/com.chrome.devtools.json HTTP/1.1" 404 4494
Watching for file changes with StatReloader
Watching for file changes with StatReloader
"GET / HTTP/1.1" 302 0
"GET /login/ HTTP/1.1" 200 5832
"POST /login/ HTTP/1.1" 302 0
"GET / HTTP/1.1" 302 0
"GET /super/dashboard/ HTTP/1.1" 200 13196
"GET /super/admins/ HTTP/1.1" 200 12918
C:\Users\krishna babu laveti\OneDrive\Desktop\Major Project\project-web app\users\views.py changed, reloading.
Watching for file changes with StatReloader
C:\Users\krishna babu laveti\OneDrive\Desktop\Major Project\project-web app\users\urls.py changed, reloading.
Watching for file changes with StatReloader
"GET /super/admins/ HTTP/1.1" 200 13628
"POST /super/admins/d6ebd314-7136-4adc-8bc7-0c1959dd9c69/delete/ HTTP/1.1" 302 0
"GET /super/admins/ HTTP/1.1" 200 11821
"POST /super/admins/ff57bf7e-752d-4ac6-900a-095acdfea92b/delete/ HTTP/1.1" 302 0
"GET /super/admins/ HTTP/1.1" 200 9014
"GET /super/dashboard/ HTTP/1.1" 200 13196
"GET /super/admins/ HTTP/1.1" 200 8387
"GET /super/dashboard/ HTTP/1.1" 200 13196
"GET /super/admins/ HTTP/1.1" 200 8387
"POST /super/admins/ HTTP/1.1" 302 0
"GET /super/admins/ HTTP/1.1" 200 11895
"GET /logout/ HTTP/1.1" 302 0
"GET /login/ HTTP/1.1" 200 5832
"POST /login/ HTTP/1.1" 302 0
"GET / HTTP/1.1" 302 0
Not Found: /admin/dashboard/
"GET /admin/dashboard/ HTTP/1.1" 404 5593
C:\Users\krishna babu laveti\OneDrive\Desktop\Major Project\project-web app\attendance_system\urls.py changed, reloading.
Watching for file changes with StatReloader
Internal Server Error: /admin/dashboard/
Traceback (most recent call last):
  File "C:\Users\krishna babu laveti\AppData\Roaming\Python\Python313\site-packages\django\core\handlers\exception.py", line 55, in inner
    response = get_response(request)
  File "C:\Users\krishna babu laveti\AppData\Roaming\Python\Python313\site-packages\django\core\handlers\base.py", line 197, in _get_response
    response = wrapped_callback(request, *callback_args, **callback_kwargs)
  File "C:\Users\krishna babu laveti\AppData\Roaming\Python\Python313\site-packages\django\contrib\auth\decorators.py", line 23, in _wrapper_view
    return view_func(request, *args, **kwargs)
  File "C:\Users\krishna babu laveti\OneDrive\Desktop\Major Project\project-web app\users\views.py", line 71, in admin_dashboard
    return render(request, 'admin/dashboard.html')
  File "C:\Users\krishna babu laveti\AppData\Roaming\Python\Python313\site-packages\django\shortcuts.py", line 24, in render
    content = loader.render_to_string(template_name, context, request, using=using)
  File "C:\Users\krishna babu laveti\AppData\Roaming\Python\Python313\site-packages\django\template\loader.py", line 61, in render_to_string
    template = get_template(template_name, using=using)
  File "C:\Users\krishna babu laveti\AppData\Roaming\Python\Python313\site-packages\django\template\loader.py", line 19, in get_template
    raise TemplateDoesNotExist(template_name, chain=chain)
django.template.exceptions.TemplateDoesNotExist: admin/dashboard.html
"GET /admin/dashboard/ HTTP/1.1" 500 92316
Internal Server Error: /admin/dashboard/
Traceback (most recent call last):
  File "C:\Users\krishna babu laveti\AppData\Roaming\Python\Python313\site-packages\django\core\handlers\exception.py", line 55, in inner
    response = get_response(request)
  File "C:\Users\krishna babu laveti\AppData\Roaming\Python\Python313\site-packages\django\core\handlers\base.py", line 197, in _get_response
    response = wrapped_callback(request, *callback_args, **callback_kwargs)
  File "C:\Users\krishna babu laveti\AppData\Roaming\Python\Python313\site-packages\django\contrib\auth\decorators.py", line 23, in _wrapper_view
    return view_func(request, *args, **kwargs)
  File "C:\Users\krishna babu laveti\OneDrive\Desktop\Major Project\project-web app\users\views.py", line 71, in admin_dashboard
    return render(request, 'admin/dashboard.html')
  File "C:\Users\krishna babu laveti\AppData\Roaming\Python\Python313\site-packages\django\shortcuts.py", line 24, in render
    content = loader.render_to_string(template_name, context, request, using=using)
  File "C:\Users\krishna babu laveti\AppData\Roaming\Python\Python313\site-packages\django\template\loader.py", line 61, in render_to_string
    template = get_template(template_name, using=using)
  File "C:\Users\krishna babu laveti\AppData\Roaming\Python\Python313\site-packages\django\template\loader.py", line 19, in get_template
    raise TemplateDoesNotExist(template_name, chain=chain)
django.template.exceptions.TemplateDoesNotExist: admin/dashboard.html
"GET /admin/dashboard/ HTTP/1.1" 500 92316
Internal Server Error: /admin/dashboard/
Traceback (most recent call last):
  File "C:\Users\krishna babu laveti\AppData\Roaming\Python\Python313\site-packages\django\core\handlers\exception.py", line 55, in inner
    response = get_response(request)
  File "C:\Users\krishna babu laveti\AppData\Roaming\Python\Python313\site-packages\django\core\handlers\base.py", line 197, in _get_response
    response = wrapped_callback(request, *callback_args, **callback_kwargs)
  File "C:\Users\krishna babu laveti\AppData\Roaming\Python\Python313\site-packages\django\contrib\auth\decorators.py", line 23, in _wrapper_view
    return view_func(request, *args, **kwargs)
  File "C:\Users\krishna babu laveti\OneDrive\Desktop\Major Project\project-web app\users\views.py", line 71, in admin_dashboard
    return render(request, 'admin/dashboard.html')
  File "C:\Users\krishna babu laveti\AppData\Roaming\Python\Python313\site-packages\django\shortcuts.py", line 24, in render
    content = loader.render_to_string(template_name, context, request, using=using)
  File "C:\Users\krishna babu laveti\AppData\Roaming\Python\Python313\site-packages\django\template\loader.py", line 61, in render_to_string
    template = get_template(template_name, using=using)
  File "C:\Users\krishna babu laveti\AppData\Roaming\Python\Python313\site-packages\django\template\loader.py", line 19, in get_template
    raise TemplateDoesNotExist(template_name, chain=chain)
django.template.exceptions.TemplateDoesNotExist: admin/dashboard.html
"GET /admin/dashboard/ HTTP/1.1" 500 92316
Internal Server Error: /admin/dashboard/
Traceback (most recent call last):
  File "C:\Users\krishna babu laveti\AppData\Roaming\Python\Python313\site-packages\django\core\handlers\exception.py", line 55, in inner
    response = get_response(request)
  File "C:\Users\krishna babu laveti\AppData\Roaming\Python\Python313\site-packages\django\core\handlers\base.py", line 197, in _get_response
    response = wrapped_callback(request, *callback_args, **callback_kwargs)
  File "C:\Users\krishna babu laveti\AppData\Roaming\Python\Python313\site-packages\django\contrib\auth\decorators.py", line 23, in _wrapper_view
    return view_func(request, *args, **kwargs)
  File "C:\Users\krishna babu laveti\OneDrive\Desktop\Major Project\project-web app\users\views.py", line 71, in admin_dashboard
    return render(request, 'admin/dashboard.html')
  File "C:\Users\krishna babu laveti\AppData\Roaming\Python\Python313\site-packages\django\shortcuts.py", line 24, in render
    content = loader.render_to_string(template_name, context, request, using=using)
  File "C:\Users\krishna babu laveti\AppData\Roaming\Python\Python313\site-packages\django\template\loader.py", line 61, in render_to_string
    template = get_template(template_name, using=using)
  File "C:\Users\krishna babu laveti\AppData\Roaming\Python\Python313\site-packages\django\template\loader.py", line 19, in get_template
    raise TemplateDoesNotExist(template_name, chain=chain)
django.template.exceptions.TemplateDoesNotExist: admin/dashboard.html
"GET /admin/dashboard/ HTTP/1.1" 500 92316
Internal Server Error: /admin/dashboard/
Traceback (most recent call last):
  File "C:\Users\krishna babu laveti\AppData\Roaming\Python\Python313\site-packages\django\core\handlers\exception.py", line 55, in inner
    response = get_response(request)
  File "C:\Users\krishna babu laveti\AppData\Roaming\Python\Python313\site-packages\django\core\handlers\base.py", line 197, in _get_response
    response = wrapped_callback(request, *callback_args, **callback_kwargs)
  File "C:\Users\krishna babu laveti\AppData\Roaming\Python\Python313\site-packages\django\contrib\auth\decorators.py", line 23, in _wrapper_view
    return view_func(request, *args, **kwargs)
  File "C:\Users\krishna babu laveti\OneDrive\Desktop\Major Project\project-web app\users\views.py", line 71, in admin_dashboard
    return render(request, 'admin/dashboard.html')
  File "C:\Users\krishna babu laveti\AppData\Roaming\Python\Python313\site-packages\django\shortcuts.py", line 24, in render
    content = loader.render_to_string(template_name, context, request, using=using)
  File "C:\Users\krishna babu laveti\AppData\Roaming\Python\Python313\site-packages\django\template\loader.py", line 61, in render_to_string
    template = get_template(template_name, using=using)
  File "C:\Users\krishna babu laveti\AppData\Roaming\Python\Python313\site-packages\django\template\loader.py", line 19, in get_template
    raise TemplateDoesNotExist(template_name, chain=chain)
django.template.exceptions.TemplateDoesNotExist: admin/dashboard.html
"GET /admin/dashboard/ HTTP/1.1" 500 92316
Internal Server Error: /admin/dashboard/
Traceback (most recent call last):
  File "C:\Users\krishna babu laveti\AppData\Roaming\Python\Python313\site-packages\django\core\handlers\exception.py", line 55, in inner
    response = get_response(request)
  File "C:\Users\krishna babu laveti\AppData\Roaming\Python\Python313\site-packages\django\core\handlers\base.py", line 197, in _get_response
    response = wrapped_callback(request, *callback_args, **callback_kwargs)
  File "C:\Users\krishna babu laveti\AppData\Roaming\Python\Python313\site-packages\django\contrib\auth\decorators.py", line 23, in _wrapper_view
    return view_func(request, *args, **kwargs)
  File "C:\Users\krishna babu laveti\OneDrive\Desktop\Major Project\project-web app\users\views.py", line 71, in admin_dashboard
    return render(request, 'admin/dashboard.html')
  File "C:\Users\krishna babu laveti\AppData\Roaming\Python\Python313\site-packages\django\shortcuts.py", line 24, in render
    content = loader.render_to_string(template_name, context, request, using=using)
  File "C:\Users\krishna babu laveti\AppData\Roaming\Python\Python313\site-packages\django\template\loader.py", line 61, in render_to_string
    template = get_template(template_name, using=using)
  File "C:\Users\krishna babu laveti\AppData\Roaming\Python\Python313\site-packages\django\template\loader.py", line 19, in get_template
    raise TemplateDoesNotExist(template_name, chain=chain)
django.template.exceptions.TemplateDoesNotExist: admin/dashboard.html
"GET /admin/dashboard/ HTTP/1.1" 500 92316
"GET /admin/dashboard/ HTTP/1.1" 200 6823
"GET /super/admins/ HTTP/1.1" 200 11682
"GET /super/admins/ HTTP/1.1" 200 11682
Internal Server Error: /api/admin/students/upload/
Traceback (most recent call last):
  File "C:\Users\krishna babu laveti\AppData\Roaming\Python\Python313\site-packages\django\core\handlers\exception.py", line 55, in inner
    response = get_response(request)
  File "C:\Users\krishna babu laveti\AppData\Roaming\Python\Python313\site-packages\django\core\handlers\base.py", line 197, in _get_response
    response = wrapped_callback(request, *callback_args, **callback_kwargs)
  File "C:\Users\krishna babu laveti\AppData\Roaming\Python\Python313\site-packages\django\contrib\auth\decorators.py", line 23, in _wrapper_view
    return view_func(request, *args, **kwargs)
  File "C:\Users\krishna babu laveti\AppData\Roaming\Python\Python313\site-packages\django\contrib\auth\decorators.py", line 23, in _wrapper_view
    return view_func(request, *args, **kwargs)
  File "C:\Users\krishna babu laveti\OneDrive\Desktop\Major Project\project-web app\attendance\views.py", line 102, in upload_students
    return render(request, 'admin/upload_students.html')
  File "C:\Users\krishna babu laveti\AppData\Roaming\Python\Python313\site-packages\django\shortcuts.py", line 24, in render
    content = loader.render_to_string(template_name, context, request, using=using)
  File "C:\Users\krishna babu laveti\AppData\Roaming\Python\Python313\site-packages\django\template\loader.py", line 61, in render_to_string
    template = get_template(template_name, using=using)
  File "C:\Users\krishna babu laveti\AppData\Roaming\Python\Python313\site-packages\django\template\loader.py", line 19, in get_template
    raise TemplateDoesNotExist(template_name, chain=chain)
django.template.exceptions.TemplateDoesNotExist: admin/upload_students.html
"GET /api/admin/students/upload/ HTTP/1.1" 500 97779
Internal Server Error: /api/admin/analytics/
Traceback (most recent call last):
  File "C:\Users\krishna babu laveti\AppData\Roaming\Python\Python313\site-packages\django\core\handlers\exception.py", line 55, in inner
    response = get_response(request)
  File "C:\Users\krishna babu laveti\AppData\Roaming\Python\Python313\site-packages\django\core\handlers\base.py", line 197, in _get_response
    response = wrapped_callback(request, *callback_args, **callback_kwargs)
  File "C:\Users\krishna babu laveti\AppData\Roaming\Python\Python313\site-packages\django\contrib\auth\decorators.py", line 23, in _wrapper_view
    return view_func(request, *args, **kwargs)
  File "C:\Users\krishna babu laveti\AppData\Roaming\Python\Python313\site-packages\django\contrib\auth\decorators.py", line 23, in _wrapper_view
    return view_func(request, *args, **kwargs)
  File "C:\Users\krishna babu laveti\OneDrive\Desktop\Major Project\project-web app\attendance\views.py", line 196, in attendance_analytics
    return render(request, 'admin/analytics.html', context)
  File "C:\Users\krishna babu laveti\AppData\Roaming\Python\Python313\site-packages\django\shortcuts.py", line 24, in render
    content = loader.render_to_string(template_name, context, request, using=using)
  File "C:\Users\krishna babu laveti\AppData\Roaming\Python\Python313\site-packages\django\template\loader.py", line 61, in render_to_string
    template = get_template(template_name, using=using)
  File "C:\Users\krishna babu laveti\AppData\Roaming\Python\Python313\site-packages\django\template\loader.py", line 19, in get_template
    raise TemplateDoesNotExist(template_name, chain=chain)
django.template.exceptions.TemplateDoesNotExist: admin/analytics.html
"GET /api/admin/analytics/ HTTP/1.1" 500 100513
Internal Server Error: /api/admin/contact-messages/
Traceback (most recent call last):
  File "C:\Users\krishna babu laveti\AppData\Roaming\Python\Python313\site-packages\django\core\handlers\exception.py", line 55, in inner
    response = get_response(request)
  File "C:\Users\krishna babu laveti\AppData\Roaming\Python\Python313\site-packages\django\core\handlers\base.py", line 197, in _get_response
    response = wrapped_callback(request, *callback_args, **callback_kwargs)
  File "C:\Users\krishna babu laveti\AppData\Roaming\Python\Python313\site-packages\django\contrib\auth\decorators.py", line 23, in _wrapper_view
    return view_func(request, *args, **kwargs)
  File "C:\Users\krishna babu laveti\AppData\Roaming\Python\Python313\site-packages\django\contrib\auth\decorators.py", line 23, in _wrapper_view
    return view_func(request, *args, **kwargs)
  File "C:\Users\krishna babu laveti\OneDrive\Desktop\Major Project\project-web app\attendance\views.py", line 259, in contact_messages
    return render(request, 'admin/contact_messages.html', context)
  File "C:\Users\krishna babu laveti\AppData\Roaming\Python\Python313\site-packages\django\shortcuts.py", line 24, in render
    content = loader.render_to_string(template_name, context, request, using=using)
  File "C:\Users\krishna babu laveti\AppData\Roaming\Python\Python313\site-packages\django\template\loader.py", line 61, in render_to_string
    template = get_template(template_name, using=using)
  File "C:\Users\krishna babu laveti\AppData\Roaming\Python\Python313\site-packages\django\template\loader.py", line 19, in get_template
    raise TemplateDoesNotExist(template_name, chain=chain)
django.template.exceptions.TemplateDoesNotExist: admin/contact_messages.html
"GET /api/admin/contact-messages/ HTTP/1.1" 500 98678
Internal Server Error: /api/admin/students/upload/
Traceback (most recent call last):
  File "C:\Users\krishna babu laveti\AppData\Roaming\Python\Python313\site-packages\django\core\handlers\exception.py", line 55, in inner
    response = get_response(request)
  File "C:\Users\krishna babu laveti\AppData\Roaming\Python\Python313\site-packages\django\core\handlers\base.py", line 197, in _get_response
    response = wrapped_callback(request, *callback_args, **callback_kwargs)
  File "C:\Users\krishna babu laveti\AppData\Roaming\Python\Python313\site-packages\django\contrib\auth\decorators.py", line 23, in _wrapper_view
    return view_func(request, *args, **kwargs)
  File "C:\Users\krishna babu laveti\AppData\Roaming\Python\Python313\site-packages\django\contrib\auth\decorators.py", line 23, in _wrapper_view
    return view_func(request, *args, **kwargs)
  File "C:\Users\krishna babu laveti\OneDrive\Desktop\Major Project\project-web app\attendance\views.py", line 102, in upload_students
    return render(request, 'admin/upload_students.html')
  File "C:\Users\krishna babu laveti\AppData\Roaming\Python\Python313\site-packages\django\shortcuts.py", line 24, in render
    content = loader.render_to_string(template_name, context, request, using=using)
  File "C:\Users\krishna babu laveti\AppData\Roaming\Python\Python313\site-packages\django\template\loader.py", line 61, in render_to_string
    template = get_template(template_name, using=using)
  File "C:\Users\krishna babu laveti\AppData\Roaming\Python\Python313\site-packages\django\template\loader.py", line 19, in get_template
    raise TemplateDoesNotExist(template_name, chain=chain)
django.template.exceptions.TemplateDoesNotExist: admin/upload_students.html
"GET /api/admin/students/upload/ HTTP/1.1" 500 97779
C:\Users\krishna babu laveti\OneDrive\Desktop\Major Project\project-web app\users\views.py changed, reloading.
Watching for file changes with StatReloader
"GET /super/admins/ HTTP/1.1" 302 0
"GET /admin/dashboard/ HTTP/1.1" 200 7188
"GET /super/admins/ HTTP/1.1" 302 0
"GET /admin/dashboard/ HTTP/1.1" 200 7188
"GET /super/admins/ HTTP/1.1" 302 0
"GET /admin/dashboard/ HTTP/1.1" 200 7188
"GET /super/admins/ HTTP/1.1" 302 0
"GET /admin/dashboard/ HTTP/1.1" 200 7188
"GET /super/admins/ HTTP/1.1" 302 0
"GET /admin/dashboard/ HTTP/1.1" 200 7188
"GET /super/settings/ HTTP/1.1" 302 0
"GET /admin/dashboard/ HTTP/1.1" 200 7197
Internal Server Error: /api/admin/students/upload/
Traceback (most recent call last):
  File "C:\Users\krishna babu laveti\AppData\Roaming\Python\Python313\site-packages\django\core\handlers\exception.py", line 55, in inner
    response = get_response(request)
  File "C:\Users\krishna babu laveti\AppData\Roaming\Python\Python313\site-packages\django\core\handlers\base.py", line 197, in _get_response
    response = wrapped_callback(request, *callback_args, **callback_kwargs)
  File "C:\Users\krishna babu laveti\AppData\Roaming\Python\Python313\site-packages\django\contrib\auth\decorators.py", line 23, in _wrapper_view
    return view_func(request, *args, **kwargs)
  File "C:\Users\krishna babu laveti\AppData\Roaming\Python\Python313\site-packages\django\contrib\auth\decorators.py", line 23, in _wrapper_view
    return view_func(request, *args, **kwargs)
  File "C:\Users\krishna babu laveti\OneDrive\Desktop\Major Project\project-web app\attendance\views.py", line 102, in upload_students
    return render(request, 'admin/upload_students.html')
  File "C:\Users\krishna babu laveti\AppData\Roaming\Python\Python313\site-packages\django\shortcuts.py", line 24, in render
    content = loader.render_to_string(template_name, context, request, using=using)
  File "C:\Users\krishna babu laveti\AppData\Roaming\Python\Python313\site-packages\django\template\loader.py", line 61, in render_to_string
    template = get_template(template_name, using=using)
  File "C:\Users\krishna babu laveti\AppData\Roaming\Python\Python313\site-packages\django\template\loader.py", line 19, in get_template
    raise TemplateDoesNotExist(template_name, chain=chain)
django.template.exceptions.TemplateDoesNotExist: admin/upload_students.html
"GET /api/admin/students/upload/ HTTP/1.1" 500 97782
"GET /admin/dashboard/ HTTP/1.1" 200 7183
Internal Server Error: /api/admin/students/upload/
Traceback (most recent call last):
  File "C:\Users\krishna babu laveti\AppData\Roaming\Python\Python313\site-packages\django\core\handlers\exception.py", line 55, in inner
    response = get_response(request)
  File "C:\Users\krishna babu laveti\AppData\Roaming\Python\Python313\site-packages\django\core\handlers\base.py", line 197, in _get_response
    response = wrapped_callback(request, *callback_args, **callback_kwargs)
  File "C:\Users\krishna babu laveti\AppData\Roaming\Python\Python313\site-packages\django\contrib\auth\decorators.py", line 23, in _wrapper_view
    return view_func(request, *args, **kwargs)
  File "C:\Users\krishna babu laveti\AppData\Roaming\Python\Python313\site-packages\django\contrib\auth\decorators.py", line 23, in _wrapper_view
    return view_func(request, *args, **kwargs)
  File "C:\Users\krishna babu laveti\OneDrive\Desktop\Major Project\project-web app\attendance\views.py", line 102, in upload_students
    return render(request, 'admin/upload_students.html')
  File "C:\Users\krishna babu laveti\AppData\Roaming\Python\Python313\site-packages\django\shortcuts.py", line 24, in render
    content = loader.render_to_string(template_name, context, request, using=using)
  File "C:\Users\krishna babu laveti\AppData\Roaming\Python\Python313\site-packages\django\template\loader.py", line 61, in render_to_string
    template = get_template(template_name, using=using)
  File "C:\Users\krishna babu laveti\AppData\Roaming\Python\Python313\site-packages\django\template\loader.py", line 19, in get_template
    raise TemplateDoesNotExist(template_name, chain=chain)
django.template.exceptions.TemplateDoesNotExist: admin/upload_students.html
"GET /api/admin/students/upload/ HTTP/1.1" 500 97782
"GET /super/admins/ HTTP/1.1" 302 0
"GET /admin/dashboard/ HTTP/1.1" 200 7548
Internal Server Error: /api/admin/students/upload/
Traceback (most recent call last):
  File "C:\Users\krishna babu laveti\AppData\Roaming\Python\Python313\site-packages\django\core\handlers\exception.py", line 55, in inner
    response = get_response(request)
  File "C:\Users\krishna babu laveti\AppData\Roaming\Python\Python313\site-packages\django\core\handlers\base.py", line 197, in _get_response
    response = wrapped_callback(request, *callback_args, **callback_kwargs)
  File "C:\Users\krishna babu laveti\AppData\Roaming\Python\Python313\site-packages\django\contrib\auth\decorators.py", line 23, in _wrapper_view
    return view_func(request, *args, **kwargs)
  File "C:\Users\krishna babu laveti\AppData\Roaming\Python\Python313\site-packages\django\contrib\auth\decorators.py", line 23, in _wrapper_view
    return view_func(request, *args, **kwargs)
  File "C:\Users\krishna babu laveti\OneDrive\Desktop\Major Project\project-web app\attendance\views.py", line 102, in upload_students
    return render(request, 'admin/upload_students.html')
  File "C:\Users\krishna babu laveti\AppData\Roaming\Python\Python313\site-packages\django\shortcuts.py", line 24, in render
    content = loader.render_to_string(template_name, context, request, using=using)
  File "C:\Users\krishna babu laveti\AppData\Roaming\Python\Python313\site-packages\django\template\loader.py", line 61, in render_to_string
    template = get_template(template_name, using=using)
  File "C:\Users\krishna babu laveti\AppData\Roaming\Python\Python313\site-packages\django\template\loader.py", line 19, in get_template
    raise TemplateDoesNotExist(template_name, chain=chain)
django.template.exceptions.TemplateDoesNotExist: admin/upload_students.html
"GET /api/admin/students/upload/ HTTP/1.1" 500 97782
"GET /api/admin/students/upload/ HTTP/1.1" 200 6346
"GET /admin/dashboard/ HTTP/1.1" 200 7183
"GET /api/admin/students/upload/ HTTP/1.1" 200 6346
"GET /api/admin/students/manage/ HTTP/1.1" 200 6834
"GET /api/admin/students/manage/ HTTP/1.1" 200 6834
"GET /api/admin/analytics/ HTTP/1.1" 200 7627
"GET /admin/dashboard/ HTTP/1.1" 200 7183
"GET /api/admin/students/upload/ HTTP/1.1" 200 6346
"GET /api/admin/students/manage/ HTTP/1.1" 200 6834
"GET /api/admin/students/manage/ HTTP/1.1" 200 6834
"GET /api/admin/analytics/ HTTP/1.1" 200 7627
"GET /api/admin/contact-messages/ HTTP/1.1" 200 5913
"GET /api/admin/students/manage/ HTTP/1.1" 200 6834
"GET /api/admin/students/upload/ HTTP/1.1" 200 6346
C:\Users\krishna babu laveti\OneDrive\Desktop\Major Project\project-web app\attendance\urls.py changed, reloading.
Watching for file changes with StatReloader
C:\Users\krishna babu laveti\OneDrive\Desktop\Major Project\project-web app\attendance\views.py changed, reloading.
Watching for file changes with StatReloader
C:\Users\krishna babu laveti\OneDrive\Desktop\Major Project\project-web app\attendance\models.py changed, reloading.
Watching for file changes with StatReloader
C:\Users\krishna babu laveti\OneDrive\Desktop\Major Project\project-web app\attendance\views.py changed, reloading.
Watching for file changes with StatReloader
C:\Users\krishna babu laveti\OneDrive\Desktop\Major Project\project-web app\attendance\urls.py changed, reloading.
Watching for file changes with StatReloader
C:\Users\krishna babu laveti\OneDrive\Desktop\Major Project\project-web app\attendance\views.py changed, reloading.
Watching for file changes with StatReloader
C:\Users\krishna babu laveti\OneDrive\Desktop\Major Project\project-web app\attendance\views.py changed, reloading.
Watching for file changes with StatReloader
C:\Users\krishna babu laveti\OneDrive\Desktop\Major Project\project-web app\attendance\views.py changed, reloading.
Watching for file changes with StatReloader
Watching for file changes with StatReloader
Watching for file changes with StatReloader
"GET / HTTP/1.1" 302 0
"GET /admin/dashboard/ HTTP/1.1" 200 7183
"GET /admin/dashboard/ HTTP/1.1" 200 7183
"GET /api/admin/students/upload/ HTTP/1.1" 200 6330
"GET /api/admin/students/manage/ HTTP/1.1" 200 6834
"GET /api/admin/students/manage/ HTTP/1.1" 200 6834
"GET /api/admin/analytics/ HTTP/1.1" 200 7627
"GET /api/admin/contact-messages/ HTTP/1.1" 200 5913
"GET /api/admin/students/upload/ HTTP/1.1" 200 6330
"GET /admin/dashboard/ HTTP/1.1" 200 7183
"GET /api/admin/contact-messages/ HTTP/1.1" 200 5913
"GET /api/admin/analytics/ HTTP/1.1" 200 7627
"GET /api/admin/students/manage/ HTTP/1.1" 200 6834
"GET /api/admin/students/upload/ HTTP/1.1" 200 6330
"GET /api/admin/students/upload/ HTTP/1.1" 200 6590
Internal Server Error: /api/admin/companies/
Traceback (most recent call last):
  File "C:\Users\krishna babu laveti\AppData\Roaming\Python\Python313\site-packages\django\db\backends\utils.py", line 89, in _execute
    return self.cursor.execute(sql, params)
           ~~~~~~~~~~~~~~~~~~~^^^^^^^^^^^^^
  File "C:\Users\krishna babu laveti\AppData\Roaming\Python\Python313\site-packages\django\db\backends\sqlite3\base.py", line 328, in execute
    return super().execute(query, params)
           ~~~~~~~~~~~~~~~^^^^^^^^^^^^^^^
sqlite3.OperationalError: no such table: companies

The above exception was the direct cause of the following exception:

Traceback (most recent call last):
  File "C:\Users\krishna babu laveti\AppData\Roaming\Python\Python313\site-packages\django\core\handlers\exception.py", line 55, in inner
    response = get_response(request)
  File "C:\Users\krishna babu laveti\AppData\Roaming\Python\Python313\site-packages\django\core\handlers\base.py", line 197, in _get_response
    response = wrapped_callback(request, *callback_args, **callback_kwargs)
  File "C:\Users\krishna babu laveti\AppData\Roaming\Python\Python313\site-packages\django\contrib\auth\decorators.py", line 23, in _wrapper_view
    return view_func(request, *args, **kwargs)
  File "C:\Users\krishna babu laveti\AppData\Roaming\Python\Python313\site-packages\django\contrib\auth\decorators.py", line 23, in _wrapper_view
    return view_func(request, *args, **kwargs)
  File "C:\Users\krishna babu laveti\OneDrive\Desktop\Major Project\project-web app\attendance\views.py", line 292, in manage_companies
    return render(request, 'admin/companies.html', {'companies': companies})
  File "C:\Users\krishna babu laveti\AppData\Roaming\Python\Python313\site-packages\django\shortcuts.py", line 24, in render
    content = loader.render_to_string(template_name, context, request, using=using)
  File "C:\Users\krishna babu laveti\AppData\Roaming\Python\Python313\site-packages\django\template\loader.py", line 62, in render_to_string
    return template.render(context, request)
           ~~~~~~~~~~~~~~~^^^^^^^^^^^^^^^^^^
  File "C:\Users\krishna babu laveti\AppData\Roaming\Python\Python313\site-packages\django\template\backends\django.py", line 61, in render
    return self.template.render(context)
           ~~~~~~~~~~~~~~~~~~~~^^^^^^^^^
  File "C:\Users\krishna babu laveti\AppData\Roaming\Python\Python313\site-packages\django\template\base.py", line 175, in render
    return self._render(context)
           ~~~~~~~~~~~~^^^^^^^^^
  File "C:\Users\krishna babu laveti\AppData\Roaming\Python\Python313\site-packages\django\template\base.py", line 167, in _render
    return self.nodelist.render(context)
           ~~~~~~~~~~~~~~~~~~~~^^^^^^^^^
  File "C:\Users\krishna babu laveti\AppData\Roaming\Python\Python313\site-packages\django\template\base.py", line 1005, in render
    return SafeString("".join([node.render_annotated(context) for node in self]))
                               ~~~~~~~~~~~~~~~~~~~~~^^^^^^^^^
  File "C:\Users\krishna babu laveti\AppData\Roaming\Python\Python313\site-packages\django\template\base.py", line 966, in render_annotated
    return self.render(context)
           ~~~~~~~~~~~^^^^^^^^^
  File "C:\Users\krishna babu laveti\AppData\Roaming\Python\Python313\site-packages\django\template\loader_tags.py", line 157, in render
    return compiled_parent._render(context)
           ~~~~~~~~~~~~~~~~~~~~~~~^^^^^^^^^
  File "C:\Users\krishna babu laveti\AppData\Roaming\Python\Python313\site-packages\django\template\base.py", line 167, in _render
    return self.nodelist.render(context)
           ~~~~~~~~~~~~~~~~~~~~^^^^^^^^^
  File "C:\Users\krishna babu laveti\AppData\Roaming\Python\Python313\site-packages\django\template\base.py", line 1005, in render
    return SafeString("".join([node.render_annotated(context) for node in self]))
                               ~~~~~~~~~~~~~~~~~~~~~^^^^^^^^^
  File "C:\Users\krishna babu laveti\AppData\Roaming\Python\Python313\site-packages\django\template\base.py", line 966, in render_annotated
    return self.render(context)
           ~~~~~~~~~~~^^^^^^^^^
  File "C:\Users\krishna babu laveti\AppData\Roaming\Python\Python313\site-packages\django\template\loader_tags.py", line 63, in render
    result = block.nodelist.render(context)
  File "C:\Users\krishna babu laveti\AppData\Roaming\Python\Python313\site-packages\django\template\base.py", line 1005, in render
    return SafeString("".join([node.render_annotated(context) for node in self]))
                               ~~~~~~~~~~~~~~~~~~~~~^^^^^^^^^
  File "C:\Users\krishna babu laveti\AppData\Roaming\Python\Python313\site-packages\django\template\base.py", line 966, in render_annotated
    return self.render(context)
           ~~~~~~~~~~~^^^^^^^^^
  File "C:\Users\krishna babu laveti\AppData\Roaming\Python\Python313\site-packages\django\template\defaulttags.py", line 194, in render
    len_values = len(values)
  File "C:\Users\krishna babu laveti\AppData\Roaming\Python\Python313\site-packages\django\db\models\query.py", line 380, in __len__
    self._fetch_all()
    ~~~~~~~~~~~~~~~^^
  File "C:\Users\krishna babu laveti\AppData\Roaming\Python\Python313\site-packages\django\db\models\query.py", line 1881, in _fetch_all
    self._result_cache = list(self._iterable_class(self))
                         ~~~~^^^^^^^^^^^^^^^^^^^^^^^^^^^^
  File "C:\Users\krishna babu laveti\AppData\Roaming\Python\Python313\site-packages\django\db\models\query.py", line 91, in __iter__
    results = compiler.execute_sql(
        chunked_fetch=self.chunked_fetch, chunk_size=self.chunk_size
    )
  File "C:\Users\krishna babu laveti\AppData\Roaming\Python\Python313\site-packages\django\db\models\sql\compiler.py", line 1562, in execute_sql
    cursor.execute(sql, params)
    ~~~~~~~~~~~~~~^^^^^^^^^^^^^
  File "C:\Users\krishna babu laveti\AppData\Roaming\Python\Python313\site-packages\django\db\backends\utils.py", line 102, in execute
    return super().execute(sql, params)
           ~~~~~~~~~~~~~~~^^^^^^^^^^^^^
  File "C:\Users\krishna babu laveti\AppData\Roaming\Python\Python313\site-packages\django\db\backends\utils.py", line 67, in execute
    return self._execute_with_wrappers(
           ~~~~~~~~~~~~~~~~~~~~~~~~~~~^
        sql, params, many=False, executor=self._execute
        ^^^^^^^^^^^^^^^^^^^^^^^^^^^^^^^^^^^^^^^^^^^^^^^
    )
    ^
  File "C:\Users\krishna babu laveti\AppData\Roaming\Python\Python313\site-packages\django\db\backends\utils.py", line 80, in _execute_with_wrappers
    return executor(sql, params, many, context)
  File "C:\Users\krishna babu laveti\AppData\Roaming\Python\Python313\site-packages\django\db\backends\utils.py", line 84, in _execute
    with self.db.wrap_database_errors:
         ^^^^^^^^^^^^^^^^^^^^^^^^^^^^
  File "C:\Users\krishna babu laveti\AppData\Roaming\Python\Python313\site-packages\django\db\utils.py", line 91, in __exit__
    raise dj_exc_value.with_traceback(traceback) from exc_value
  File "C:\Users\krishna babu laveti\AppData\Roaming\Python\Python313\site-packages\django\db\backends\utils.py", line 89, in _execute
    return self.cursor.execute(sql, params)
           ~~~~~~~~~~~~~~~~~~~^^^^^^^^^^^^^
  File "C:\Users\krishna babu laveti\AppData\Roaming\Python\Python313\site-packages\django\db\backends\sqlite3\base.py", line 328, in execute
    return super().execute(query, params)
           ~~~~~~~~~~~~~~~^^^^^^^^^^^^^^^
django.db.utils.OperationalError: no such table: companies
"GET /api/admin/companies/ HTTP/1.1" 500 214978
Watching for file changes with StatReloader
"GET /api/admin/companies/ HTTP/1.1" 200 7685
"GET /api/admin/companies/ HTTP/1.1" 200 7685
"GET /api/admin/students/upload/ HTTP/1.1" 200 6590
"GET /api/admin/students/manage/ HTTP/1.1" 200 7094
"GET /api/admin/analytics/ HTTP/1.1" 200 7887
"GET /api/admin/contact-messages/ HTTP/1.1" 200 6173
"GET /api/admin/students/upload/ HTTP/1.1" 200 6590
"GET /api/admin/companies/ HTTP/1.1" 200 7685
"POST /api/admin/companies/ HTTP/1.1" 200 8105
C:\Users\krishna babu laveti\OneDrive\Desktop\Major Project\project-web app\attendance\views.py changed, reloading.
Watching for file changes with StatReloader
C:\Users\krishna babu laveti\OneDrive\Desktop\Major Project\project-web app\attendance\views.py changed, reloading.
Watching for file changes with StatReloader
"POST /api/admin/companies/ HTTP/1.1" 200 8063
"POST /api/admin/companies/ HTTP/1.1" 200 8137
"POST /api/admin/companies/ HTTP/1.1" 200 8325
"POST /api/admin/companies/ HTTP/1.1" 200 8511
Watching for file changes with StatReloader
"GET / HTTP/1.1" 302 0
"GET /admin/dashboard/ HTTP/1.1" 200 7572
Not Found: /favicon.ico
"GET /favicon.ico HTTP/1.1" 404 4593
"GET /api/admin/companies/ HTTP/1.1" 200 8147
"GET /logout/ HTTP/1.1" 302 0
"GET /login/ HTTP/1.1" 200 5832
"POST /login/ HTTP/1.1" 302 0
"GET / HTTP/1.1" 302 0
"GET /super/dashboard/ HTTP/1.1" 200 13196
"GET /super/admins/ HTTP/1.1" 200 11194
"GET /logout/ HTTP/1.1" 302 0
"GET /login/ HTTP/1.1" 200 5832
"POST /login/ HTTP/1.1" 302 0
"GET / HTTP/1.1" 302 0
"GET /admin/dashboard/ HTTP/1.1" 200 7572
"GET /api/admin/companies/ HTTP/1.1" 200 8147
"GET /api/admin/students/upload/ HTTP/1.1" 200 6590
"POST /api/admin/students/upload/ HTTP/1.1" 200 6965
"GET /api/admin/students/upload/ HTTP/1.1" 200 6590
"GET /api/admin/students/manage/ HTTP/1.1" 200 27184
"GET /api/admin/students/manage/?page=2 HTTP/1.1" 200 27227
"GET /api/admin/students/manage/?company=Top+Notch HTTP/1.1" 200 27192
"GET /api/admin/students/manage/?company=GMRIT HTTP/1.1" 200 8181
"GET /api/admin/analytics/ HTTP/1.1" 200 8076
"GET /api/admin/students/manage/ HTTP/1.1" 200 27184
"GET /admin/dashboard/ HTTP/1.1" 200 7572
"GET /api/admin/students/manage/ HTTP/1.1" 200 27184
"GET /admin/dashboard/ HTTP/1.1" 200 7572
"GET /super/admins/ HTTP/1.1" 302 0
"GET /admin/dashboard/ HTTP/1.1" 200 7937
"GET /logout/ HTTP/1.1" 302 0
"GET /login/ HTTP/1.1" 200 5832
"POST /login/ HTTP/1.1" 200 5832
"POST /login/ HTTP/1.1" 200 5832
C:\Users\krishna babu laveti\OneDrive\Desktop\Major Project\project-web app\attendance\views.py changed, reloading.
Watching for file changes with StatReloader
"POST /login/ HTTP/1.1" 200 5832
"POST /login/ HTTP/1.1" 200 5832
"POST /login/ HTTP/1.1" 302 0
"GET / HTTP/1.1" 302 0
"GET /admin/dashboard/ HTTP/1.1" 200 7572
"GET /api/admin/students/manage/ HTTP/1.1" 200 27184
Internal Server Error: /api/admin/students/manage/
Traceback (most recent call last):
  File "C:\Users\krishna babu laveti\AppData\Roaming\Python\Python313\site-packages\django\db\models\fields\__init__.py", line 1741, in to_python
    decimal_value = decimal.Decimal(value)
decimal.InvalidOperation: [<class 'decimal.ConversionSyntax'>]

During handling of the above exception, another exception occurred:

Traceback (most recent call last):
  File "C:\Users\krishna babu laveti\AppData\Roaming\Python\Python313\site-packages\django\core\handlers\exception.py", line 55, in inner
    response = get_response(request)
  File "C:\Users\krishna babu laveti\AppData\Roaming\Python\Python313\site-packages\django\core\handlers\base.py", line 197, in _get_response
    response = wrapped_callback(request, *callback_args, **callback_kwargs)
  File "C:\Users\krishna babu laveti\AppData\Roaming\Python\Python313\site-packages\django\contrib\auth\decorators.py", line 23, in _wrapper_view
    return view_func(request, *args, **kwargs)
  File "C:\Users\krishna babu laveti\AppData\Roaming\Python\Python313\site-packages\django\contrib\auth\decorators.py", line 23, in _wrapper_view
    return view_func(request, *args, **kwargs)
  File "C:\Users\krishna babu laveti\OneDrive\Desktop\Major Project\project-web app\attendance\views.py", line 138, in manage_students
    student.save()
    ~~~~~~~~~~~~^^
  File "C:\Users\krishna babu laveti\AppData\Roaming\Python\Python313\site-packages\django\db\models\base.py", line 814, in save
    self.save_base(
    ~~~~~~~~~~~~~~^
        using=using,
        ^^^^^^^^^^^^
    ...<2 lines>...
        update_fields=update_fields,
        ^^^^^^^^^^^^^^^^^^^^^^^^^^^^
    )
    ^
  File "C:\Users\krishna babu laveti\AppData\Roaming\Python\Python313\site-packages\django\db\models\base.py", line 877, in save_base
    updated = self._save_table(
        raw,
    ...<4 lines>...
        update_fields,
    )
  File "C:\Users\krishna babu laveti\AppData\Roaming\Python\Python313\site-packages\django\db\models\base.py", line 990, in _save_table
    updated = self._do_update(
        base_qs, using, pk_val, values, update_fields, forced_update
    )
  File "C:\Users\krishna babu laveti\AppData\Roaming\Python\Python313\site-packages\django\db\models\base.py", line 1054, in _do_update
    return filtered._update(values) > 0
           ~~~~~~~~~~~~~~~~^^^^^^^^
  File "C:\Users\krishna babu laveti\AppData\Roaming\Python\Python313\site-packages\django\db\models\query.py", line 1231, in _update
    return query.get_compiler(self.db).execute_sql(CURSOR)
           ~~~~~~~~~~~~~~~~~~~~~~~~~~~~~~~~~~~~~~~^^^^^^^^
  File "C:\Users\krishna babu laveti\AppData\Roaming\Python\Python313\site-packages\django\db\models\sql\compiler.py", line 1984, in execute_sql
    cursor = super().execute_sql(result_type)
  File "C:\Users\krishna babu laveti\AppData\Roaming\Python\Python313\site-packages\django\db\models\sql\compiler.py", line 1549, in execute_sql
    sql, params = self.as_sql()
                  ~~~~~~~~~~~^^
  File "C:\Users\krishna babu laveti\AppData\Roaming\Python\Python313\site-packages\django\db\models\sql\compiler.py", line 1947, in as_sql
    val = field.get_db_prep_save(val, connection=self.connection)
  File "C:\Users\krishna babu laveti\AppData\Roaming\Python\Python313\site-packages\django\db\models\fields\__init__.py", line 1760, in get_db_prep_save
    self.to_python(value), self.max_digits, self.decimal_places
    ~~~~~~~~~~~~~~^^^^^^^
  File "C:\Users\krishna babu laveti\AppData\Roaming\Python\Python313\site-packages\django\db\models\fields\__init__.py", line 1743, in to_python
    raise exceptions.ValidationError(
    ...<3 lines>...
    )
django.core.exceptions.ValidationError: ['“” value must be a decimal number.']
"POST /api/admin/students/manage/ HTTP/1.1" 500 144004
Watching for file changes with StatReloader
"GET / HTTP/1.1" 302 0
"GET /admin/dashboard/ HTTP/1.1" 200 7572
Not Found: /favicon.ico
"GET /favicon.ico HTTP/1.1" 404 4786
"GET /logout/ HTTP/1.1" 302 0
"GET /login/ HTTP/1.1" 200 5832
"POST /login/ HTTP/1.1" 302 0
"GET / HTTP/1.1" 302 0
"GET /super/dashboard/ HTTP/1.1" 200 13197
"GET /super/admins/ HTTP/1.1" 200 11194
"GET /super/admins/084750b2-8f29-4b3c-9de4-529e4966db62/edit/ HTTP/1.1" 200 7801
"GET /super/dashboard/ HTTP/1.1" 200 13197
"GET /logout/ HTTP/1.1" 302 0
"GET /login/ HTTP/1.1" 200 5832
"POST /login/ HTTP/1.1" 302 0
"GET / HTTP/1.1" 302 0
"GET /admin/dashboard/ HTTP/1.1" 200 7572
"GET /api/admin/students/upload/ HTTP/1.1" 200 6590
"GET /api/admin/companies/ HTTP/1.1" 200 8147
"GET /api/admin/students/manage/ HTTP/1.1" 200 30863
"GET /api/admin/companies/ HTTP/1.1" 200 8147
Watching for file changes with StatReloader
"GET / HTTP/1.1" 302 0
"GET /login/ HTTP/1.1" 200 5832
Not Found: /favicon.ico
"GET /favicon.ico HTTP/1.1" 404 4786
"POST /login/ HTTP/1.1" 302 0
"GET / HTTP/1.1" 302 0
"GET /admin/dashboard/ HTTP/1.1" 200 7572
"GET /api/admin/students/manage/ HTTP/1.1" 200 30863
"GET /logout/ HTTP/1.1" 302 0
"GET /login/ HTTP/1.1" 200 5832
"POST /login/ HTTP/1.1" 200 5832
"POST /login/ HTTP/1.1" 200 5832
"POST /login/ HTTP/1.1" 200 5832
"POST /login/ HTTP/1.1" 200 5832
"POST /login/ HTTP/1.1" 200 5832
"POST /login/ HTTP/1.1" 200 5832
Watching for file changes with StatReloader
"GET / HTTP/1.1" 302 0
"GET /login/ HTTP/1.1" 200 5832
"POST /login/ HTTP/1.1" 302 0
"GET / HTTP/1.1" 302 0
"GET /admin/dashboard/ HTTP/1.1" 200 7572
"GET /api/admin/students/manage/ HTTP/1.1" 200 30863
"GET /api/admin/students/manage/ HTTP/1.1" 200 30863
"GET /api/admin/students/manage/ HTTP/1.1" 200 30863
"GET /logout/ HTTP/1.1" 302 0
"GET /login/ HTTP/1.1" 200 5832
"POST /login/ HTTP/1.1" 200 5832
"POST /login/ HTTP/1.1" 200 5832
"POST /login/ HTTP/1.1" 302 0
"GET / HTTP/1.1" 302 0
"GET /admin/dashboard/ HTTP/1.1" 200 7572
"GET /api/admin/students/manage/ HTTP/1.1" 200 30863
"POST /api/admin/students/manage/ HTTP/1.1" 200 8555
"GET /api/admin/students/manage/ HTTP/1.1" 200 8193
"GET /api/admin/students/upload/ HTTP/1.1" 200 6590
Watching for file changes with StatReloader
"POST /api/admin/students/upload/ HTTP/1.1" 200 6965
"GET /api/admin/students/manage/ HTTP/1.1" 200 8193
"POST /api/admin/students/manage/ HTTP/1.1" 200 8554
"GET /api/admin/companies/ HTTP/1.1" 200 8147
"GET /api/admin/students/upload/ HTTP/1.1" 200 6590
"POST /api/admin/students/upload/ HTTP/1.1" 200 6965
"GET /api/admin/students/manage/ HTTP/1.1" 200 8193
"GET /api/admin/analytics/ HTTP/1.1" 200 7887
"GET /api/admin/students/upload/ HTTP/1.1" 200 6590
"GET /api/admin/students/manage/ HTTP/1.1" 200 8193
"GET /api/admin/students/upload/ HTTP/1.1" 200 6590
"GET /admin/dashboard/ HTTP/1.1" 200 7572
"GET /api/admin/students/upload/ HTTP/1.1" 200 6590
"GET /api/admin/companies/ HTTP/1.1" 200 8147
"GET /api/admin/students/manage/ HTTP/1.1" 200 8193
"GET /api/admin/students/upload/ HTTP/1.1" 200 6590
"GET /api/admin/students/manage/ HTTP/1.1" 200 8193
C:\Users\krishna babu laveti\OneDrive\Desktop\Major Project\project-web app\attendance\views.py changed, reloading.
Watching for file changes with StatReloader
C:\Users\krishna babu laveti\OneDrive\Desktop\Major Project\project-web app\attendance\views.py changed, reloading.
Watching for file changes with StatReloader
"POST /api/admin/students/manage/ HTTP/1.1" 200 8610
"GET /api/admin/students/manage/ HTTP/1.1" 200 8193
"GET /api/admin/students/upload/ HTTP/1.1" 200 6590
"POST /api/admin/students/upload/ HTTP/1.1" 200 6965
"GET /api/admin/students/manage/ HTTP/1.1" 200 30872
Watching for file changes with StatReloader
"GET / HTTP/1.1" 302 0
"GET /admin/dashboard/ HTTP/1.1" 200 7572
Not Found: /favicon.ico
"GET /favicon.ico HTTP/1.1" 404 4786
"GET /api/admin/students/upload/ HTTP/1.1" 200 6590
"GET /api/admin/students/manage/ HTTP/1.1" 200 30872
"GET /logout/ HTTP/1.1" 302 0
"GET /login/ HTTP/1.1" 200 5832
"POST /login/ HTTP/1.1" 302 0
Internal Server Error: /student/onboarding/
Traceback (most recent call last):
  File "C:\Users\krishna babu laveti\AppData\Roaming\Python\Python313\site-packages\django\core\handlers\exception.py", line 55, in inner
    response = get_response(request)
  File "C:\Users\krishna babu laveti\AppData\Roaming\Python\Python313\site-packages\django\core\handlers\base.py", line 197, in _get_response
    response = wrapped_callback(request, *callback_args, **callback_kwargs)
  File "C:\Users\krishna babu laveti\AppData\Roaming\Python\Python313\site-packages\django\contrib\auth\decorators.py", line 23, in _wrapper_view
    return view_func(request, *args, **kwargs)
  File "C:\Users\krishna babu laveti\AppData\Roaming\Python\Python313\site-packages\django\views\decorators\http.py", line 43, in inner
    return func(request, *args, **kwargs)
  File "C:\Users\krishna babu laveti\OneDrive\Desktop\Major Project\project-web app\users\views.py", line 142, in student_onboarding
    return render(request, 'student/onboarding.html', {'error': error})
  File "C:\Users\krishna babu laveti\AppData\Roaming\Python\Python313\site-packages\django\shortcuts.py", line 24, in render
    content = loader.render_to_string(template_name, context, request, using=using)
  File "C:\Users\krishna babu laveti\AppData\Roaming\Python\Python313\site-packages\django\template\loader.py", line 62, in render_to_string
    return template.render(context, request)
           ~~~~~~~~~~~~~~~^^^^^^^^^^^^^^^^^^
  File "C:\Users\krishna babu laveti\AppData\Roaming\Python\Python313\site-packages\django\template\backends\django.py", line 61, in render
    return self.template.render(context)
           ~~~~~~~~~~~~~~~~~~~~^^^^^^^^^
  File "C:\Users\krishna babu laveti\AppData\Roaming\Python\Python313\site-packages\django\template\base.py", line 175, in render
    return self._render(context)
           ~~~~~~~~~~~~^^^^^^^^^
  File "C:\Users\krishna babu laveti\AppData\Roaming\Python\Python313\site-packages\django\template\base.py", line 167, in _render
    return self.nodelist.render(context)
           ~~~~~~~~~~~~~~~~~~~~^^^^^^^^^
  File "C:\Users\krishna babu laveti\AppData\Roaming\Python\Python313\site-packages\django\template\base.py", line 1005, in render
    return SafeString("".join([node.render_annotated(context) for node in self]))
                               ~~~~~~~~~~~~~~~~~~~~~^^^^^^^^^
  File "C:\Users\krishna babu laveti\AppData\Roaming\Python\Python313\site-packages\django\template\base.py", line 966, in render_annotated
    return self.render(context)
           ~~~~~~~~~~~^^^^^^^^^
  File "C:\Users\krishna babu laveti\AppData\Roaming\Python\Python313\site-packages\django\template\loader_tags.py", line 157, in render
    return compiled_parent._render(context)
           ~~~~~~~~~~~~~~~~~~~~~~~^^^^^^^^^
  File "C:\Users\krishna babu laveti\AppData\Roaming\Python\Python313\site-packages\django\template\base.py", line 167, in _render
    return self.nodelist.render(context)
           ~~~~~~~~~~~~~~~~~~~~^^^^^^^^^
  File "C:\Users\krishna babu laveti\AppData\Roaming\Python\Python313\site-packages\django\template\base.py", line 1005, in render
    return SafeString("".join([node.render_annotated(context) for node in self]))
                               ~~~~~~~~~~~~~~~~~~~~~^^^^^^^^^
  File "C:\Users\krishna babu laveti\AppData\Roaming\Python\Python313\site-packages\django\template\base.py", line 966, in render_annotated
    return self.render(context)
           ~~~~~~~~~~~^^^^^^^^^
  File "C:\Users\krishna babu laveti\AppData\Roaming\Python\Python313\site-packages\django\template\defaulttags.py", line 321, in render
    return nodelist.render(context)
           ~~~~~~~~~~~~~~~^^^^^^^^^
  File "C:\Users\krishna babu laveti\AppData\Roaming\Python\Python313\site-packages\django\template\base.py", line 1005, in render
    return SafeString("".join([node.render_annotated(context) for node in self]))
                               ~~~~~~~~~~~~~~~~~~~~~^^^^^^^^^
  File "C:\Users\krishna babu laveti\AppData\Roaming\Python\Python313\site-packages\django\template\base.py", line 966, in render_annotated
    return self.render(context)
           ~~~~~~~~~~~^^^^^^^^^
  File "C:\Users\krishna babu laveti\AppData\Roaming\Python\Python313\site-packages\django\template\defaulttags.py", line 321, in render
    return nodelist.render(context)
           ~~~~~~~~~~~~~~~^^^^^^^^^
  File "C:\Users\krishna babu laveti\AppData\Roaming\Python\Python313\site-packages\django\template\base.py", line 1005, in render
    return SafeString("".join([node.render_annotated(context) for node in self]))
                               ~~~~~~~~~~~~~~~~~~~~~^^^^^^^^^
  File "C:\Users\krishna babu laveti\AppData\Roaming\Python\Python313\site-packages\django\template\base.py", line 966, in render_annotated
    return self.render(context)
           ~~~~~~~~~~~^^^^^^^^^
  File "C:\Users\krishna babu laveti\AppData\Roaming\Python\Python313\site-packages\django\template\defaulttags.py", line 471, in render
    url = reverse(view_name, args=args, kwargs=kwargs, current_app=current_app)
  File "C:\Users\krishna babu laveti\AppData\Roaming\Python\Python313\site-packages\django\urls\base.py", line 88, in reverse
    return resolver._reverse_with_prefix(view, prefix, *args, **kwargs)
           ~~~~~~~~~~~~~~~~~~~~~~~~~~~~~^^^^^^^^^^^^^^^^^^^^^^^^^^^^^^^
  File "C:\Users\krishna babu laveti\AppData\Roaming\Python\Python313\site-packages\django\urls\resolvers.py", line 828, in _reverse_with_prefix
    raise NoReverseMatch(msg)
django.urls.exceptions.NoReverseMatch: Reverse for 'student_profile' not found. 'student_profile' is not a valid view function or pattern name.
"GET /student/onboarding/ HTTP/1.1" 500 179090
C:\Users\krishna babu laveti\OneDrive\Desktop\Major Project\project-web app\users\views.py changed, reloading.
Watching for file changes with StatReloader
C:\Users\krishna babu laveti\OneDrive\Desktop\Major Project\project-web app\users\urls.py changed, reloading.
Watching for file changes with StatReloader
"GET /student/onboarding/ HTTP/1.1" 200 6510
"POST /student/onboarding/ HTTP/1.1" 302 0
"GET /login/ HTTP/1.1" 200 6229
"POST /login/ HTTP/1.1" 200 5832
"POST /login/ HTTP/1.1" 302 0
"GET / HTTP/1.1" 302 0
"GET /student/dashboard/ HTTP/1.1" 200 9163
"GET /student/profile/ HTTP/1.1" 302 0
"GET /student/dashboard/ HTTP/1.1" 200 9163
"GET /student/profile/ HTTP/1.1" 302 0
"GET /student/dashboard/ HTTP/1.1" 200 9163
C:\Users\krishna babu laveti\OneDrive\Desktop\Major Project\project-web app\users\views.py changed, reloading.
Watching for file changes with StatReloader
C:\Users\krishna babu laveti\OneDrive\Desktop\Major Project\project-web app\users\views.py changed, reloading.
Watching for file changes with StatReloader
"GET /student/dashboard/ HTTP/1.1" 200 10029
"GET /student/dashboard/ HTTP/1.1" 200 10029
"GET /student/profile/ HTTP/1.1" 200 7896
"GET /student/dashboard/ HTTP/1.1" 200 10029
Internal Server Error: /api/student/attendance/mark/
Traceback (most recent call last):
  File "C:\Users\krishna babu laveti\AppData\Roaming\Python\Python313\site-packages\django\core\handlers\exception.py", line 55, in inner
    response = get_response(request)
  File "C:\Users\krishna babu laveti\AppData\Roaming\Python\Python313\site-packages\django\core\handlers\base.py", line 197, in _get_response
    response = wrapped_callback(request, *callback_args, **callback_kwargs)
  File "C:\Users\krishna babu laveti\AppData\Roaming\Python\Python313\site-packages\django\contrib\auth\decorators.py", line 23, in _wrapper_view
    return view_func(request, *args, **kwargs)
  File "C:\Users\krishna babu laveti\AppData\Roaming\Python\Python313\site-packages\django\contrib\auth\decorators.py", line 23, in _wrapper_view
    return view_func(request, *args, **kwargs)
  File "C:\Users\krishna babu laveti\OneDrive\Desktop\Major Project\project-web app\attendance\views.py", line 409, in mark_attendance_view
    return render(request, 'student/mark_attendance.html')
  File "C:\Users\krishna babu laveti\AppData\Roaming\Python\Python313\site-packages\django\shortcuts.py", line 24, in render
    content = loader.render_to_string(template_name, context, request, using=using)
  File "C:\Users\krishna babu laveti\AppData\Roaming\Python\Python313\site-packages\django\template\loader.py", line 61, in render_to_string
    template = get_template(template_name, using=using)
  File "C:\Users\krishna babu laveti\AppData\Roaming\Python\Python313\site-packages\django\template\loader.py", line 19, in get_template
    raise TemplateDoesNotExist(template_name, chain=chain)
django.template.exceptions.TemplateDoesNotExist: student/mark_attendance.html
"GET /api/student/attendance/mark/ HTTP/1.1" 500 97444
"GET /student/profile/ HTTP/1.1" 200 7896
"GET /student/dashboard/ HTTP/1.1" 200 10029
"GET /student/profile/ HTTP/1.1" 200 7896
Internal Server Error: /api/student/attendance/mark/
Traceback (most recent call last):
  File "C:\Users\krishna babu laveti\AppData\Roaming\Python\Python313\site-packages\django\core\handlers\exception.py", line 55, in inner
    response = get_response(request)
  File "C:\Users\krishna babu laveti\AppData\Roaming\Python\Python313\site-packages\django\core\handlers\base.py", line 197, in _get_response
    response = wrapped_callback(request, *callback_args, **callback_kwargs)
  File "C:\Users\krishna babu laveti\AppData\Roaming\Python\Python313\site-packages\django\contrib\auth\decorators.py", line 23, in _wrapper_view
    return view_func(request, *args, **kwargs)
  File "C:\Users\krishna babu laveti\AppData\Roaming\Python\Python313\site-packages\django\contrib\auth\decorators.py", line 23, in _wrapper_view
    return view_func(request, *args, **kwargs)
  File "C:\Users\krishna babu laveti\OneDrive\Desktop\Major Project\project-web app\attendance\views.py", line 409, in mark_attendance_view
    return render(request, 'student/mark_attendance.html')
  File "C:\Users\krishna babu laveti\AppData\Roaming\Python\Python313\site-packages\django\shortcuts.py", line 24, in render
    content = loader.render_to_string(template_name, context, request, using=using)
  File "C:\Users\krishna babu laveti\AppData\Roaming\Python\Python313\site-packages\django\template\loader.py", line 61, in render_to_string
    template = get_template(template_name, using=using)
  File "C:\Users\krishna babu laveti\AppData\Roaming\Python\Python313\site-packages\django\template\loader.py", line 19, in get_template
    raise TemplateDoesNotExist(template_name, chain=chain)
django.template.exceptions.TemplateDoesNotExist: student/mark_attendance.html
"GET /api/student/attendance/mark/ HTTP/1.1" 500 97442
"GET /student/contact/ HTTP/1.1" 200 7724
Internal Server Error: /api/student/attendance/mark/
Traceback (most recent call last):
  File "C:\Users\krishna babu laveti\AppData\Roaming\Python\Python313\site-packages\django\core\handlers\exception.py", line 55, in inner
    response = get_response(request)
  File "C:\Users\krishna babu laveti\AppData\Roaming\Python\Python313\site-packages\django\core\handlers\base.py", line 197, in _get_response
    response = wrapped_callback(request, *callback_args, **callback_kwargs)
  File "C:\Users\krishna babu laveti\AppData\Roaming\Python\Python313\site-packages\django\contrib\auth\decorators.py", line 23, in _wrapper_view
    return view_func(request, *args, **kwargs)
  File "C:\Users\krishna babu laveti\AppData\Roaming\Python\Python313\site-packages\django\contrib\auth\decorators.py", line 23, in _wrapper_view
    return view_func(request, *args, **kwargs)
  File "C:\Users\krishna babu laveti\OneDrive\Desktop\Major Project\project-web app\attendance\views.py", line 409, in mark_attendance_view
    return render(request, 'student/mark_attendance.html')
  File "C:\Users\krishna babu laveti\AppData\Roaming\Python\Python313\site-packages\django\shortcuts.py", line 24, in render
    content = loader.render_to_string(template_name, context, request, using=using)
  File "C:\Users\krishna babu laveti\AppData\Roaming\Python\Python313\site-packages\django\template\loader.py", line 61, in render_to_string
    template = get_template(template_name, using=using)
  File "C:\Users\krishna babu laveti\AppData\Roaming\Python\Python313\site-packages\django\template\loader.py", line 19, in get_template
    raise TemplateDoesNotExist(template_name, chain=chain)
django.template.exceptions.TemplateDoesNotExist: student/mark_attendance.html
"GET /api/student/attendance/mark/ HTTP/1.1" 500 97442
C:\Users\krishna babu laveti\OneDrive\Desktop\Major Project\project-web app\attendance\views.py changed, reloading.
Watching for file changes with StatReloader
C:\Users\krishna babu laveti\OneDrive\Desktop\Major Project\project-web app\attendance\views.py changed, reloading.
Watching for file changes with StatReloader
"GET /api/student/attendance/mark/ HTTP/1.1" 200 13972
Watching for file changes with StatReloader
"GET / HTTP/1.1" 302 0
"GET /student/dashboard/ HTTP/1.1" 200 10029
"GET /api/student/attendance/mark/ HTTP/1.1" 200 22978
Internal Server Error: /api/student/attendance/mark/
Traceback (most recent call last):
  File "C:\Users\krishna babu laveti\AppData\Roaming\Python\Python313\site-packages\django\core\handlers\exception.py", line 55, in inner
    response = get_response(request)
  File "C:\Users\krishna babu laveti\AppData\Roaming\Python\Python313\site-packages\django\core\handlers\base.py", line 197, in _get_response
    response = wrapped_callback(request, *callback_args, **callback_kwargs)
  File "C:\Users\krishna babu laveti\AppData\Roaming\Python\Python313\site-packages\django\contrib\auth\decorators.py", line 23, in _wrapper_view
    return view_func(request, *args, **kwargs)
  File "C:\Users\krishna babu laveti\AppData\Roaming\Python\Python313\site-packages\django\contrib\auth\decorators.py", line 23, in _wrapper_view
    return view_func(request, *args, **kwargs)
  File "C:\Users\krishna babu laveti\OneDrive\Desktop\Major Project\project-web app\attendance\views.py", line 399, in mark_attendance_view
    serializer = AttendanceMarkSerializer(data=request.POST, files=request.FILES)
  File "C:\Users\krishna babu laveti\AppData\Roaming\Python\Python313\site-packages\rest_framework\serializers.py", line 116, in __init__
    super().__init__(**kwargs)
    ~~~~~~~~~~~~~~~~^^^^^^^^^^
TypeError: Field.__init__() got an unexpected keyword argument 'files'
"POST /api/student/attendance/mark/ HTTP/1.1" 500 88532
Internal Server Error: /api/student/attendance/mark/
Traceback (most recent call last):
  File "C:\Users\krishna babu laveti\AppData\Roaming\Python\Python313\site-packages\django\core\handlers\exception.py", line 55, in inner
    response = get_response(request)
  File "C:\Users\krishna babu laveti\AppData\Roaming\Python\Python313\site-packages\django\core\handlers\base.py", line 197, in _get_response
    response = wrapped_callback(request, *callback_args, **callback_kwargs)
  File "C:\Users\krishna babu laveti\AppData\Roaming\Python\Python313\site-packages\django\contrib\auth\decorators.py", line 23, in _wrapper_view
    return view_func(request, *args, **kwargs)
  File "C:\Users\krishna babu laveti\AppData\Roaming\Python\Python313\site-packages\django\contrib\auth\decorators.py", line 23, in _wrapper_view
    return view_func(request, *args, **kwargs)
  File "C:\Users\krishna babu laveti\OneDrive\Desktop\Major Project\project-web app\attendance\views.py", line 399, in mark_attendance_view
    serializer = AttendanceMarkSerializer(data=request.POST, files=request.FILES)
  File "C:\Users\krishna babu laveti\AppData\Roaming\Python\Python313\site-packages\rest_framework\serializers.py", line 116, in __init__
    super().__init__(**kwargs)
    ~~~~~~~~~~~~~~~~^^^^^^^^^^
TypeError: Field.__init__() got an unexpected keyword argument 'files'
"POST /api/student/attendance/mark/ HTTP/1.1" 500 88532
Internal Server Error: /api/student/attendance/mark/
Traceback (most recent call last):
  File "C:\Users\krishna babu laveti\AppData\Roaming\Python\Python313\site-packages\django\core\handlers\exception.py", line 55, in inner
    response = get_response(request)
  File "C:\Users\krishna babu laveti\AppData\Roaming\Python\Python313\site-packages\django\core\handlers\base.py", line 197, in _get_response
    response = wrapped_callback(request, *callback_args, **callback_kwargs)
  File "C:\Users\krishna babu laveti\AppData\Roaming\Python\Python313\site-packages\django\contrib\auth\decorators.py", line 23, in _wrapper_view
    return view_func(request, *args, **kwargs)
  File "C:\Users\krishna babu laveti\AppData\Roaming\Python\Python313\site-packages\django\contrib\auth\decorators.py", line 23, in _wrapper_view
    return view_func(request, *args, **kwargs)
  File "C:\Users\krishna babu laveti\OneDrive\Desktop\Major Project\project-web app\attendance\views.py", line 399, in mark_attendance_view
    serializer = AttendanceMarkSerializer(data=request.POST, files=request.FILES)
  File "C:\Users\krishna babu laveti\AppData\Roaming\Python\Python313\site-packages\rest_framework\serializers.py", line 116, in __init__
    super().__init__(**kwargs)
    ~~~~~~~~~~~~~~~~^^^^^^^^^^
TypeError: Field.__init__() got an unexpected keyword argument 'files'
"POST /api/student/attendance/mark/ HTTP/1.1" 500 88532
Internal Server Error: /api/student/attendance/mark/
Traceback (most recent call last):
  File "C:\Users\krishna babu laveti\AppData\Roaming\Python\Python313\site-packages\django\core\handlers\exception.py", line 55, in inner
    response = get_response(request)
  File "C:\Users\krishna babu laveti\AppData\Roaming\Python\Python313\site-packages\django\core\handlers\base.py", line 197, in _get_response
    response = wrapped_callback(request, *callback_args, **callback_kwargs)
  File "C:\Users\krishna babu laveti\AppData\Roaming\Python\Python313\site-packages\django\contrib\auth\decorators.py", line 23, in _wrapper_view
    return view_func(request, *args, **kwargs)
  File "C:\Users\krishna babu laveti\AppData\Roaming\Python\Python313\site-packages\django\contrib\auth\decorators.py", line 23, in _wrapper_view
    return view_func(request, *args, **kwargs)
  File "C:\Users\krishna babu laveti\OneDrive\Desktop\Major Project\project-web app\attendance\views.py", line 399, in mark_attendance_view
    serializer = AttendanceMarkSerializer(data=request.POST, files=request.FILES)
  File "C:\Users\krishna babu laveti\AppData\Roaming\Python\Python313\site-packages\rest_framework\serializers.py", line 116, in __init__
    super().__init__(**kwargs)
    ~~~~~~~~~~~~~~~~^^^^^^^^^^
TypeError: Field.__init__() got an unexpected keyword argument 'files'
"POST /api/student/attendance/mark/ HTTP/1.1" 500 88532
Internal Server Error: /api/student/attendance/mark/
Traceback (most recent call last):
  File "C:\Users\krishna babu laveti\AppData\Roaming\Python\Python313\site-packages\django\core\handlers\exception.py", line 55, in inner
    response = get_response(request)
  File "C:\Users\krishna babu laveti\AppData\Roaming\Python\Python313\site-packages\django\core\handlers\base.py", line 197, in _get_response
    response = wrapped_callback(request, *callback_args, **callback_kwargs)
  File "C:\Users\krishna babu laveti\AppData\Roaming\Python\Python313\site-packages\django\contrib\auth\decorators.py", line 23, in _wrapper_view
    return view_func(request, *args, **kwargs)
  File "C:\Users\krishna babu laveti\AppData\Roaming\Python\Python313\site-packages\django\contrib\auth\decorators.py", line 23, in _wrapper_view
    return view_func(request, *args, **kwargs)
  File "C:\Users\krishna babu laveti\OneDrive\Desktop\Major Project\project-web app\attendance\views.py", line 399, in mark_attendance_view
    serializer = AttendanceMarkSerializer(data=request.POST, files=request.FILES)
  File "C:\Users\krishna babu laveti\AppData\Roaming\Python\Python313\site-packages\rest_framework\serializers.py", line 116, in __init__
    super().__init__(**kwargs)
    ~~~~~~~~~~~~~~~~^^^^^^^^^^
TypeError: Field.__init__() got an unexpected keyword argument 'files'
"POST /api/student/attendance/mark/ HTTP/1.1" 500 88532
Internal Server Error: /api/student/attendance/mark/
Traceback (most recent call last):
  File "C:\Users\krishna babu laveti\AppData\Roaming\Python\Python313\site-packages\django\core\handlers\exception.py", line 55, in inner
    response = get_response(request)
  File "C:\Users\krishna babu laveti\AppData\Roaming\Python\Python313\site-packages\django\core\handlers\base.py", line 197, in _get_response
    response = wrapped_callback(request, *callback_args, **callback_kwargs)
  File "C:\Users\krishna babu laveti\AppData\Roaming\Python\Python313\site-packages\django\contrib\auth\decorators.py", line 23, in _wrapper_view
    return view_func(request, *args, **kwargs)
  File "C:\Users\krishna babu laveti\AppData\Roaming\Python\Python313\site-packages\django\contrib\auth\decorators.py", line 23, in _wrapper_view
    return view_func(request, *args, **kwargs)
  File "C:\Users\krishna babu laveti\OneDrive\Desktop\Major Project\project-web app\attendance\views.py", line 399, in mark_attendance_view
    serializer = AttendanceMarkSerializer(data=request.POST, files=request.FILES)
  File "C:\Users\krishna babu laveti\AppData\Roaming\Python\Python313\site-packages\rest_framework\serializers.py", line 116, in __init__
    super().__init__(**kwargs)
    ~~~~~~~~~~~~~~~~^^^^^^^^^^
TypeError: Field.__init__() got an unexpected keyword argument 'files'
"POST /api/student/attendance/mark/ HTTP/1.1" 500 88523
C:\Users\krishna babu laveti\OneDrive\Desktop\Major Project\project-web app\attendance\views.py changed, reloading.
Watching for file changes with StatReloader
"GET /api/student/attendance/mark/ HTTP/1.1" 200 23811
Internal Server Error: /api/student/attendance/mark/
Traceback (most recent call last):
  File "C:\Users\krishna babu laveti\AppData\Roaming\Python\Python313\site-packages\django\core\handlers\exception.py", line 55, in inner
    response = get_response(request)
  File "C:\Users\krishna babu laveti\AppData\Roaming\Python\Python313\site-packages\django\core\handlers\base.py", line 197, in _get_response
    response = wrapped_callback(request, *callback_args, **callback_kwargs)
  File "C:\Users\krishna babu laveti\AppData\Roaming\Python\Python313\site-packages\django\contrib\auth\decorators.py", line 23, in _wrapper_view
    return view_func(request, *args, **kwargs)
  File "C:\Users\krishna babu laveti\AppData\Roaming\Python\Python313\site-packages\django\contrib\auth\decorators.py", line 23, in _wrapper_view
    return view_func(request, *args, **kwargs)
  File "C:\Users\krishna babu laveti\OneDrive\Desktop\Major Project\project-web app\attendance\views.py", line 399, in mark_attendance_view
    serializer = AttendanceMarkSerializer(data=request.POST, files=request.FILES)
  File "C:\Users\krishna babu laveti\AppData\Roaming\Python\Python313\site-packages\rest_framework\serializers.py", line 116, in __init__
    super().__init__(**kwargs)
    ~~~~~~~~~~~~~~~~^^^^^^^^^^
TypeError: Field.__init__() got an unexpected keyword argument 'files'
"POST /api/student/attendance/mark/ HTTP/1.1" 500 88593
"GET /api/student/attendance/mark/ HTTP/1.1" 200 23811
Watching for file changes with StatReloader
"GET / HTTP/1.1" 302 0
"GET /student/dashboard/ HTTP/1.1" 200 10029
"GET /student/dashboard/ HTTP/1.1" 200 10029
Not Found: /favicon.ico
Not Found: /favicon.ico
"GET /favicon.ico HTTP/1.1" 404 5158
- Broken pipe from ('127.0.0.1', 55161)
"GET /student/profile/ HTTP/1.1" 200 7896
"GET /student/onboarding/ HTTP/1.1" 200 6510
"GET /api/student/attendance/mark/ HTTP/1.1" 200 23811
"GET /api/student/attendance/mark/ HTTP/1.1" 200 23811
"GET /api/student/attendance/mark/ HTTP/1.1" 200 23811
Internal Server Error: /api/student/attendance/mark/
Traceback (most recent call last):
  File "C:\Users\krishna babu laveti\AppData\Roaming\Python\Python313\site-packages\django\core\handlers\exception.py", line 55, in inner
    response = get_response(request)
  File "C:\Users\krishna babu laveti\AppData\Roaming\Python\Python313\site-packages\django\core\handlers\base.py", line 197, in _get_response
    response = wrapped_callback(request, *callback_args, **callback_kwargs)
  File "C:\Users\krishna babu laveti\AppData\Roaming\Python\Python313\site-packages\django\contrib\auth\decorators.py", line 23, in _wrapper_view
    return view_func(request, *args, **kwargs)
  File "C:\Users\krishna babu laveti\AppData\Roaming\Python\Python313\site-packages\django\contrib\auth\decorators.py", line 23, in _wrapper_view
    return view_func(request, *args, **kwargs)
  File "C:\Users\krishna babu laveti\OneDrive\Desktop\Major Project\project-web app\attendance\views.py", line 399, in mark_attendance_view
    serializer = AttendanceMarkSerializer(data=request.POST, files=request.FILES)
  File "C:\Users\krishna babu laveti\AppData\Roaming\Python\Python313\site-packages\rest_framework\serializers.py", line 116, in __init__
    super().__init__(**kwargs)
    ~~~~~~~~~~~~~~~~^^^^^^^^^^
TypeError: Field.__init__() got an unexpected keyword argument 'files'
"POST /api/student/attendance/mark/ HTTP/1.1" 500 87575
"GET /logout/ HTTP/1.1" 302 0
"GET /login/ HTTP/1.1" 200 5832
"POST /login/ HTTP/1.1" 200 5832
"POST /login/ HTTP/1.1" 200 5832
"POST /login/ HTTP/1.1" 200 5832
Watching for file changes with StatReloader
"POST /login/ HTTP/1.1" 302 0
"GET / HTTP/1.1" 302 0
"GET /super/dashboard/ HTTP/1.1" 200 13197
"GET /super/admins/ HTTP/1.1" 200 11194
"GET /super/dashboard/ HTTP/1.1" 200 13197
"GET /logout/ HTTP/1.1" 302 0
"GET /login/ HTTP/1.1" 200 5832
"POST /login/ HTTP/1.1" 302 0
"GET / HTTP/1.1" 302 0
"GET /admin/dashboard/ HTTP/1.1" 200 7572
"GET /api/admin/students/upload/ HTTP/1.1" 200 6590
"GET /logout/ HTTP/1.1" 302 0
"GET /login/ HTTP/1.1" 200 5832
"POST /login/ HTTP/1.1" 200 5832
"POST /login/ HTTP/1.1" 200 5832
"POST /login/ HTTP/1.1" 302 0
"GET / HTTP/1.1" 302 0
"GET /admin/dashboard/ HTTP/1.1" 200 7572
"GET /api/admin/students/upload/ HTTP/1.1" 200 6590
"GET /admin/dashboard/ HTTP/1.1" 200 7572
"GET /api/admin/students/upload/ HTTP/1.1" 200 6590
"GET /api/admin/companies/ HTTP/1.1" 200 8147
"GET /api/admin/students/upload/ HTTP/1.1" 200 6590
"GET /api/admin/companies/ HTTP/1.1" 200 8147
"GET /api/admin/students/manage/ HTTP/1.1" 200 30872
"GET /logout/ HTTP/1.1" 302 0
"GET /login/ HTTP/1.1" 200 5832
"POST /login/ HTTP/1.1" 200 5832
"POST /login/ HTTP/1.1" 302 0
"GET / HTTP/1.1" 302 0
"GET /student/dashboard/ HTTP/1.1" 200 10029
"GET /student/profile/ HTTP/1.1" 200 7896
"GET /api/student/attendance/mark/ HTTP/1.1" 200 23811
Internal Server Error: /api/student/attendance/mark/
Traceback (most recent call last):
  File "C:\Users\krishna babu laveti\AppData\Roaming\Python\Python313\site-packages\django\core\handlers\exception.py", line 55, in inner
    response = get_response(request)
  File "C:\Users\krishna babu laveti\AppData\Roaming\Python\Python313\site-packages\django\core\handlers\base.py", line 197, in _get_response
    response = wrapped_callback(request, *callback_args, **callback_kwargs)
  File "C:\Users\krishna babu laveti\AppData\Roaming\Python\Python313\site-packages\django\contrib\auth\decorators.py", line 23, in _wrapper_view
    return view_func(request, *args, **kwargs)
  File "C:\Users\krishna babu laveti\AppData\Roaming\Python\Python313\site-packages\django\contrib\auth\decorators.py", line 23, in _wrapper_view
    return view_func(request, *args, **kwargs)
  File "C:\Users\krishna babu laveti\OneDrive\Desktop\Major Project\project-web app\attendance\views.py", line 399, in mark_attendance_view
    serializer = AttendanceMarkSerializer(data=request.POST, files=request.FILES)
  File "C:\Users\krishna babu laveti\AppData\Roaming\Python\Python313\site-packages\rest_framework\serializers.py", line 116, in __init__
    super().__init__(**kwargs)
    ~~~~~~~~~~~~~~~~^^^^^^^^^^
TypeError: Field.__init__() got an unexpected keyword argument 'files'
"POST /api/student/attendance/mark/ HTTP/1.1" 500 87575
"GET /student/profile/ HTTP/1.1" 200 7896
"GET /student/dashboard/ HTTP/1.1" 200 10029
"GET /student/dashboard/ HTTP/1.1" 200 10029
Watching for file changes with StatReloader
"GET / HTTP/1.1" 302 0
"GET /student/dashboard/ HTTP/1.1" 200 10029
Not Found: /favicon.ico
"GET /favicon.ico HTTP/1.1" 404 5158
"GET /logout/ HTTP/1.1" 302 0
"GET /login/ HTTP/1.1" 200 5832
"POST /login/ HTTP/1.1" 200 5832
"POST /login/ HTTP/1.1" 200 5832
"POST /login/ HTTP/1.1" 200 5832
"POST /login/ HTTP/1.1" 302 0
"GET / HTTP/1.1" 302 0
"GET /student/dashboard/ HTTP/1.1" 200 10029
"GET /student/profile/ HTTP/1.1" 200 7896
"GET /api/student/attendance/mark/ HTTP/1.1" 200 23811
Internal Server Error: /api/student/attendance/mark/
Traceback (most recent call last):
  File "C:\Users\krishna babu laveti\AppData\Roaming\Python\Python313\site-packages\django\core\handlers\exception.py", line 55, in inner
    response = get_response(request)
  File "C:\Users\krishna babu laveti\AppData\Roaming\Python\Python313\site-packages\django\core\handlers\base.py", line 197, in _get_response
    response = wrapped_callback(request, *callback_args, **callback_kwargs)
  File "C:\Users\krishna babu laveti\AppData\Roaming\Python\Python313\site-packages\django\contrib\auth\decorators.py", line 23, in _wrapper_view
    return view_func(request, *args, **kwargs)
  File "C:\Users\krishna babu laveti\AppData\Roaming\Python\Python313\site-packages\django\contrib\auth\decorators.py", line 23, in _wrapper_view
    return view_func(request, *args, **kwargs)
  File "C:\Users\krishna babu laveti\OneDrive\Desktop\Major Project\project-web app\attendance\views.py", line 399, in mark_attendance_view
    serializer = AttendanceMarkSerializer(data=request.POST, files=request.FILES)
  File "C:\Users\krishna babu laveti\AppData\Roaming\Python\Python313\site-packages\rest_framework\serializers.py", line 116, in __init__
    super().__init__(**kwargs)
    ~~~~~~~~~~~~~~~~^^^^^^^^^^
TypeError: Field.__init__() got an unexpected keyword argument 'files'
"POST /api/student/attendance/mark/ HTTP/1.1" 500 88545
"GET /logout/ HTTP/1.1" 302 0
"GET /login/ HTTP/1.1" 200 5832
"POST /login/ HTTP/1.1" 200 5832
"POST /login/ HTTP/1.1" 302 0
"GET / HTTP/1.1" 302 0
"GET /admin/dashboard/ HTTP/1.1" 200 7572
"GET /api/admin/students/upload/ HTTP/1.1" 200 6590
"GET /api/admin/companies/ HTTP/1.1" 200 8147
"GET /api/admin/students/manage/ HTTP/1.1" 200 30872
Internal Server Error: /api/admin/students/manage/
Traceback (most recent call last):
  File "C:\Users\krishna babu laveti\AppData\Roaming\Python\Python313\site-packages\django\db\models\fields\__init__.py", line 1741, in to_python
    decimal_value = decimal.Decimal(value)
decimal.InvalidOperation: [<class 'decimal.ConversionSyntax'>]

During handling of the above exception, another exception occurred:

Traceback (most recent call last):
  File "C:\Users\krishna babu laveti\AppData\Roaming\Python\Python313\site-packages\django\core\handlers\exception.py", line 55, in inner
    response = get_response(request)
  File "C:\Users\krishna babu laveti\AppData\Roaming\Python\Python313\site-packages\django\core\handlers\base.py", line 197, in _get_response
    response = wrapped_callback(request, *callback_args, **callback_kwargs)
  File "C:\Users\krishna babu laveti\AppData\Roaming\Python\Python313\site-packages\django\contrib\auth\decorators.py", line 23, in _wrapper_view
    return view_func(request, *args, **kwargs)
  File "C:\Users\krishna babu laveti\AppData\Roaming\Python\Python313\site-packages\django\contrib\auth\decorators.py", line 23, in _wrapper_view
    return view_func(request, *args, **kwargs)
  File "C:\Users\krishna babu laveti\OneDrive\Desktop\Major Project\project-web app\attendance\views.py", line 138, in manage_students
    student.save()
    ~~~~~~~~~~~~^^
  File "C:\Users\krishna babu laveti\AppData\Roaming\Python\Python313\site-packages\django\db\models\base.py", line 814, in save
    self.save_base(
    ~~~~~~~~~~~~~~^
        using=using,
        ^^^^^^^^^^^^
    ...<2 lines>...
        update_fields=update_fields,
        ^^^^^^^^^^^^^^^^^^^^^^^^^^^^
    )
    ^
  File "C:\Users\krishna babu laveti\AppData\Roaming\Python\Python313\site-packages\django\db\models\base.py", line 877, in save_base
    updated = self._save_table(
        raw,
    ...<4 lines>...
        update_fields,
    )
  File "C:\Users\krishna babu laveti\AppData\Roaming\Python\Python313\site-packages\django\db\models\base.py", line 990, in _save_table
    updated = self._do_update(
        base_qs, using, pk_val, values, update_fields, forced_update
    )
  File "C:\Users\krishna babu laveti\AppData\Roaming\Python\Python313\site-packages\django\db\models\base.py", line 1054, in _do_update
    return filtered._update(values) > 0
           ~~~~~~~~~~~~~~~~^^^^^^^^
  File "C:\Users\krishna babu laveti\AppData\Roaming\Python\Python313\site-packages\django\db\models\query.py", line 1231, in _update
    return query.get_compiler(self.db).execute_sql(CURSOR)
           ~~~~~~~~~~~~~~~~~~~~~~~~~~~~~~~~~~~~~~~^^^^^^^^
  File "C:\Users\krishna babu laveti\AppData\Roaming\Python\Python313\site-packages\django\db\models\sql\compiler.py", line 1984, in execute_sql
    cursor = super().execute_sql(result_type)
  File "C:\Users\krishna babu laveti\AppData\Roaming\Python\Python313\site-packages\django\db\models\sql\compiler.py", line 1549, in execute_sql
    sql, params = self.as_sql()
                  ~~~~~~~~~~~^^
  File "C:\Users\krishna babu laveti\AppData\Roaming\Python\Python313\site-packages\django\db\models\sql\compiler.py", line 1947, in as_sql
    val = field.get_db_prep_save(val, connection=self.connection)
  File "C:\Users\krishna babu laveti\AppData\Roaming\Python\Python313\site-packages\django\db\models\fields\__init__.py", line 1760, in get_db_prep_save
    self.to_python(value), self.max_digits, self.decimal_places
    ~~~~~~~~~~~~~~^^^^^^^
  File "C:\Users\krishna babu laveti\AppData\Roaming\Python\Python313\site-packages\django\db\models\fields\__init__.py", line 1743, in to_python
    raise exceptions.ValidationError(
    ...<3 lines>...
    )
django.core.exceptions.ValidationError: ['“” value must be a decimal number.']
"POST /api/admin/students/manage/ HTTP/1.1" 500 143948
"GET /api/admin/analytics/ HTTP/1.1" 200 8076
"GET /api/admin/contact-messages/ HTTP/1.1" 200 6173
"GET /admin/dashboard/ HTTP/1.1" 200 7572
"GET /api/admin/students/manage/ HTTP/1.1" 200 30872
"GET /api/admin/students/manage/ HTTP/1.1" 200 30872
"GET /api/admin/students/manage/ HTTP/1.1" 200 30872
"GET /api/admin/analytics/ HTTP/1.1" 200 8076
"GET /api/admin/companies/ HTTP/1.1" 200 8147
"GET / HTTP/1.1" 302 0
"GET /admin/dashboard/ HTTP/1.1" 200 7572
"GET /logout/ HTTP/1.1" 302 0
"GET /login/ HTTP/1.1" 200 5832
Watching for file changes with StatReloader
"GET / HTTP/1.1" 302 0
"GET /login/ HTTP/1.1" 200 5832
Not Found: /favicon.ico
"GET /favicon.ico HTTP/1.1" 404 5158
"POST /login/ HTTP/1.1" 302 0
"GET / HTTP/1.1" 302 0
"GET /admin/dashboard/ HTTP/1.1" 200 7572
"GET /api/admin/students/manage/ HTTP/1.1" 200 30872
"POST /api/admin/students/manage/ HTTP/1.1" 200 8612
"GET /api/admin/students/manage/ HTTP/1.1" 200 8193
"GET /api/admin/companies/ HTTP/1.1" 200 8147
"GET /api/admin/students/upload/ HTTP/1.1" 200 6590
"POST /api/admin/students/upload/ HTTP/1.1" 200 6965
"GET /api/admin/analytics/ HTTP/1.1" 200 8076
"GET /api/admin/students/manage/ HTTP/1.1" 200 30872
Internal Server Error: /api/admin/students/manage/
Traceback (most recent call last):
  File "C:\Users\krishna babu laveti\AppData\Roaming\Python\Python313\site-packages\django\db\models\fields\__init__.py", line 1741, in to_python
    decimal_value = decimal.Decimal(value)
decimal.InvalidOperation: [<class 'decimal.ConversionSyntax'>]

During handling of the above exception, another exception occurred:

Traceback (most recent call last):
  File "C:\Users\krishna babu laveti\AppData\Roaming\Python\Python313\site-packages\django\core\handlers\exception.py", line 55, in inner
    response = get_response(request)
  File "C:\Users\krishna babu laveti\AppData\Roaming\Python\Python313\site-packages\django\core\handlers\base.py", line 197, in _get_response
    response = wrapped_callback(request, *callback_args, **callback_kwargs)
  File "C:\Users\krishna babu laveti\AppData\Roaming\Python\Python313\site-packages\django\contrib\auth\decorators.py", line 23, in _wrapper_view
    return view_func(request, *args, **kwargs)
  File "C:\Users\krishna babu laveti\AppData\Roaming\Python\Python313\site-packages\django\contrib\auth\decorators.py", line 23, in _wrapper_view
    return view_func(request, *args, **kwargs)
  File "C:\Users\krishna babu laveti\OneDrive\Desktop\Major Project\project-web app\attendance\views.py", line 138, in manage_students
    student.save()
    ~~~~~~~~~~~~^^
  File "C:\Users\krishna babu laveti\AppData\Roaming\Python\Python313\site-packages\django\db\models\base.py", line 814, in save
    self.save_base(
    ~~~~~~~~~~~~~~^
        using=using,
        ^^^^^^^^^^^^
    ...<2 lines>...
        update_fields=update_fields,
        ^^^^^^^^^^^^^^^^^^^^^^^^^^^^
    )
    ^
  File "C:\Users\krishna babu laveti\AppData\Roaming\Python\Python313\site-packages\django\db\models\base.py", line 877, in save_base
    updated = self._save_table(
        raw,
    ...<4 lines>...
        update_fields,
    )
  File "C:\Users\krishna babu laveti\AppData\Roaming\Python\Python313\site-packages\django\db\models\base.py", line 990, in _save_table
    updated = self._do_update(
        base_qs, using, pk_val, values, update_fields, forced_update
    )
  File "C:\Users\krishna babu laveti\AppData\Roaming\Python\Python313\site-packages\django\db\models\base.py", line 1054, in _do_update
    return filtered._update(values) > 0
           ~~~~~~~~~~~~~~~~^^^^^^^^
  File "C:\Users\krishna babu laveti\AppData\Roaming\Python\Python313\site-packages\django\db\models\query.py", line 1231, in _update
    return query.get_compiler(self.db).execute_sql(CURSOR)
           ~~~~~~~~~~~~~~~~~~~~~~~~~~~~~~~~~~~~~~~^^^^^^^^
  File "C:\Users\krishna babu laveti\AppData\Roaming\Python\Python313\site-packages\django\db\models\sql\compiler.py", line 1984, in execute_sql
    cursor = super().execute_sql(result_type)
  File "C:\Users\krishna babu laveti\AppData\Roaming\Python\Python313\site-packages\django\db\models\sql\compiler.py", line 1549, in execute_sql
    sql, params = self.as_sql()
                  ~~~~~~~~~~~^^
  File "C:\Users\krishna babu laveti\AppData\Roaming\Python\Python313\site-packages\django\db\models\sql\compiler.py", line 1947, in as_sql
    val = field.get_db_prep_save(val, connection=self.connection)
  File "C:\Users\krishna babu laveti\AppData\Roaming\Python\Python313\site-packages\django\db\models\fields\__init__.py", line 1760, in get_db_prep_save
    self.to_python(value), self.max_digits, self.decimal_places
    ~~~~~~~~~~~~~~^^^^^^^
  File "C:\Users\krishna babu laveti\AppData\Roaming\Python\Python313\site-packages\django\db\models\fields\__init__.py", line 1743, in to_python
    raise exceptions.ValidationError(
    ...<3 lines>...
    )
django.core.exceptions.ValidationError: ['“” value must be a decimal number.']
"POST /api/admin/students/manage/ HTTP/1.1" 500 144838
Watching for file changes with StatReloader
"GET /api/admin/students/manage/ HTTP/1.1" 200 30872
"GET /api/admin/students/manage/ HTTP/1.1" 200 30872
"GET /api/admin/students/manage/ HTTP/1.1" 200 30872
"GET /api/admin/students/manage/ HTTP/1.1" 200 30872
Internal Server Error: /api/admin/students/manage/
Traceback (most recent call last):
  File "C:\Users\krishna babu laveti\AppData\Roaming\Python\Python313\site-packages\django\db\models\fields\__init__.py", line 1741, in to_python
    decimal_value = decimal.Decimal(value)
decimal.InvalidOperation: [<class 'decimal.ConversionSyntax'>]

During handling of the above exception, another exception occurred:

Traceback (most recent call last):
  File "C:\Users\krishna babu laveti\AppData\Roaming\Python\Python313\site-packages\django\core\handlers\exception.py", line 55, in inner
    response = get_response(request)
  File "C:\Users\krishna babu laveti\AppData\Roaming\Python\Python313\site-packages\django\core\handlers\base.py", line 197, in _get_response
    response = wrapped_callback(request, *callback_args, **callback_kwargs)
  File "C:\Users\krishna babu laveti\AppData\Roaming\Python\Python313\site-packages\django\contrib\auth\decorators.py", line 23, in _wrapper_view
    return view_func(request, *args, **kwargs)
  File "C:\Users\krishna babu laveti\AppData\Roaming\Python\Python313\site-packages\django\contrib\auth\decorators.py", line 23, in _wrapper_view
    return view_func(request, *args, **kwargs)
  File "C:\Users\krishna babu laveti\OneDrive\Desktop\Major Project\project-web app\attendance\views.py", line 138, in manage_students
    student.save()
    ~~~~~~~~~~~~^^
  File "C:\Users\krishna babu laveti\AppData\Roaming\Python\Python313\site-packages\django\db\models\base.py", line 814, in save
    self.save_base(
    ~~~~~~~~~~~~~~^
        using=using,
        ^^^^^^^^^^^^
    ...<2 lines>...
        update_fields=update_fields,
        ^^^^^^^^^^^^^^^^^^^^^^^^^^^^
    )
    ^
  File "C:\Users\krishna babu laveti\AppData\Roaming\Python\Python313\site-packages\django\db\models\base.py", line 877, in save_base
    updated = self._save_table(
        raw,
    ...<4 lines>...
        update_fields,
    )
  File "C:\Users\krishna babu laveti\AppData\Roaming\Python\Python313\site-packages\django\db\models\base.py", line 990, in _save_table
    updated = self._do_update(
        base_qs, using, pk_val, values, update_fields, forced_update
    )
  File "C:\Users\krishna babu laveti\AppData\Roaming\Python\Python313\site-packages\django\db\models\base.py", line 1054, in _do_update
    return filtered._update(values) > 0
           ~~~~~~~~~~~~~~~~^^^^^^^^
  File "C:\Users\krishna babu laveti\AppData\Roaming\Python\Python313\site-packages\django\db\models\query.py", line 1231, in _update
    return query.get_compiler(self.db).execute_sql(CURSOR)
           ~~~~~~~~~~~~~~~~~~~~~~~~~~~~~~~~~~~~~~~^^^^^^^^
  File "C:\Users\krishna babu laveti\AppData\Roaming\Python\Python313\site-packages\django\db\models\sql\compiler.py", line 1984, in execute_sql
    cursor = super().execute_sql(result_type)
  File "C:\Users\krishna babu laveti\AppData\Roaming\Python\Python313\site-packages\django\db\models\sql\compiler.py", line 1549, in execute_sql
    sql, params = self.as_sql()
                  ~~~~~~~~~~~^^
  File "C:\Users\krishna babu laveti\AppData\Roaming\Python\Python313\site-packages\django\db\models\sql\compiler.py", line 1947, in as_sql
    val = field.get_db_prep_save(val, connection=self.connection)
  File "C:\Users\krishna babu laveti\AppData\Roaming\Python\Python313\site-packages\django\db\models\fields\__init__.py", line 1760, in get_db_prep_save
    self.to_python(value), self.max_digits, self.decimal_places
    ~~~~~~~~~~~~~~^^^^^^^
  File "C:\Users\krishna babu laveti\AppData\Roaming\Python\Python313\site-packages\django\db\models\fields\__init__.py", line 1743, in to_python
    raise exceptions.ValidationError(
    ...<3 lines>...
    )
django.core.exceptions.ValidationError: ['“” value must be a decimal number.']
"POST /api/admin/students/manage/ HTTP/1.1" 500 144889
C:\Users\krishna babu laveti\OneDrive\Desktop\Major Project\project-web app\attendance\views.py changed, reloading.
Watching for file changes with StatReloader
C:\Users\krishna babu laveti\OneDrive\Desktop\Major Project\project-web app\attendance\views.py changed, reloading.
Watching for file changes with StatReloader
"GET / HTTP/1.1" 302 0
"GET /admin/dashboard/ HTTP/1.1" 200 7572
"GET /api/admin/students/manage/ HTTP/1.1" 200 34148
"POST /api/admin/students/manage/ HTTP/1.1" 200 34511
"POST /api/admin/students/manage/ HTTP/1.1" 200 34511
"POST /api/admin/students/manage/ HTTP/1.1" 200 34511
"POST /api/admin/students/manage/ HTTP/1.1" 200 34511
"GET /api/admin/students/manage/ HTTP/1.1" 200 34148
"POST /api/admin/students/manage/ HTTP/1.1" 200 34511
"POST /api/admin/students/manage/ HTTP/1.1" 200 34516
"POST /api/admin/students/manage/ HTTP/1.1" 200 34514
"GET /admin/dashboard/ HTTP/1.1" 200 7572
"GET /api/admin/students/upload/ HTTP/1.1" 200 6590
"GET /api/admin/companies/ HTTP/1.1" 200 8147
"GET /api/admin/students/manage/ HTTP/1.1" 200 34148
"GET /api/admin/analytics/ HTTP/1.1" 200 8076
"GET /api/admin/students/manage/ HTTP/1.1" 200 34148
"POST /api/admin/students/manage/ HTTP/1.1" 200 34514
"GET /api/admin/students/manage/?page=2 HTTP/1.1" 200 34178
"GET /api/admin/students/manage/?page=2 HTTP/1.1" 200 34178
"GET /api/admin/students/manage/ HTTP/1.1" 200 34148
"GET /api/admin/students/manage/ HTTP/1.1" 200 34148
"GET /api/admin/students/manage/ HTTP/1.1" 200 34148
"GET /api/admin/students/manage/ HTTP/1.1" 200 34148
"GET /api/admin/students/manage/ HTTP/1.1" 200 34148
"GET /api/admin/students/manage/ HTTP/1.1" 200 34148
"GET /api/admin/students/manage/ HTTP/1.1" 200 34148
"GET /api/admin/students/manage/ HTTP/1.1" 200 34148
"GET /api/admin/students/manage/ HTTP/1.1" 200 34148
"GET /api/admin/students/manage/ HTTP/1.1" 200 34148
Watching for file changes with StatReloader
"GET / HTTP/1.1" 302 0
"GET /admin/dashboard/ HTTP/1.1" 200 7572
Not Found: /favicon.ico
"GET /favicon.ico HTTP/1.1" 404 5158
"GET /api/admin/students/manage/ HTTP/1.1" 200 51387
"POST /api/admin/students/manage/ HTTP/1.1" 200 51755
"GET /api/admin/students/manage/ HTTP/1.1" 200 51387
"GET /admin/dashboard/ HTTP/1.1" 200 7572
"GET /api/admin/contact-messages/ HTTP/1.1" 200 6173
"GET /super/admins/ HTTP/1.1" 302 0
"GET /admin/dashboard/ HTTP/1.1" 200 7937
"GET /logout/ HTTP/1.1" 302 0
"GET /login/ HTTP/1.1" 200 5832
"POST /login/ HTTP/1.1" 200 5832
"POST /login/ HTTP/1.1" 200 5832
"POST /login/ HTTP/1.1" 200 5832
"POST /login/ HTTP/1.1" 200 5832
"POST /login/ HTTP/1.1" 302 0
"GET /student/onboarding/ HTTP/1.1" 200 6510
"POST /student/onboarding/ HTTP/1.1" 302 0
"GET /login/ HTTP/1.1" 200 6229
"POST /login/ HTTP/1.1" 302 0
"GET / HTTP/1.1" 302 0
"GET /student/dashboard/ HTTP/1.1" 200 10029
"GET /student/profile/ HTTP/1.1" 200 7896
"GET /api/student/attendance/mark/ HTTP/1.1" 200 23811
Internal Server Error: /api/student/attendance/mark/
Traceback (most recent call last):
  File "C:\Users\krishna babu laveti\AppData\Roaming\Python\Python313\site-packages\django\core\handlers\exception.py", line 55, in inner
    response = get_response(request)
  File "C:\Users\krishna babu laveti\AppData\Roaming\Python\Python313\site-packages\django\core\handlers\base.py", line 197, in _get_response
    response = wrapped_callback(request, *callback_args, **callback_kwargs)
  File "C:\Users\krishna babu laveti\AppData\Roaming\Python\Python313\site-packages\django\contrib\auth\decorators.py", line 23, in _wrapper_view
    return view_func(request, *args, **kwargs)
  File "C:\Users\krishna babu laveti\AppData\Roaming\Python\Python313\site-packages\django\contrib\auth\decorators.py", line 23, in _wrapper_view
    return view_func(request, *args, **kwargs)
  File "C:\Users\krishna babu laveti\OneDrive\Desktop\Major Project\project-web app\attendance\views.py", line 474, in mark_attendance_view
    serializer = AttendanceMarkSerializer(data=request.POST, files=request.FILES)
  File "C:\Users\krishna babu laveti\AppData\Roaming\Python\Python313\site-packages\rest_framework\serializers.py", line 116, in __init__
    super().__init__(**kwargs)
    ~~~~~~~~~~~~~~~~^^^^^^^^^^
TypeError: Field.__init__() got an unexpected keyword argument 'files'
"POST /api/student/attendance/mark/ HTTP/1.1" 500 89424
C:\Users\krishna babu laveti\OneDrive\Desktop\Major Project\project-web app\attendance\models.py changed, reloading.
Watching for file changes with StatReloader
C:\Users\krishna babu laveti\OneDrive\Desktop\Major Project\project-web app\attendance\models.py changed, reloading.
Watching for file changes with StatReloader
C:\Users\krishna babu laveti\OneDrive\Desktop\Major Project\project-web app\attendance\models.py changed, reloading.
Watching for file changes with StatReloader
C:\Users\krishna babu laveti\OneDrive\Desktop\Major Project\project-web app\attendance\models.py changed, reloading.
Watching for file changes with StatReloader
C:\Users\krishna babu laveti\OneDrive\Desktop\Major Project\project-web app\attendance\models.py changed, reloading.
Watching for file changes with StatReloader
C:\Users\krishna babu laveti\OneDrive\Desktop\Major Project\project-web app\attendance\serializers.py changed, reloading.
Watching for file changes with StatReloader
C:\Users\krishna babu laveti\OneDrive\Desktop\Major Project\project-web app\attendance\views.py changed, reloading.
Watching for file changes with StatReloader
C:\Users\krishna babu laveti\OneDrive\Desktop\Major Project\project-web app\attendance\views.py changed, reloading.
Watching for file changes with StatReloader
C:\Users\krishna babu laveti\OneDrive\Desktop\Major Project\project-web app\attendance\views.py changed, reloading.
Watching for file changes with StatReloader
Watching for file changes with StatReloader
"GET / HTTP/1.1" 302 0
"GET /student/dashboard/ HTTP/1.1" 200 10029
Not Found: /favicon.ico
"GET /favicon.ico HTTP/1.1" 404 5158
"GET /student/profile/ HTTP/1.1" 200 7896
"GET /student/dashboard/ HTTP/1.1" 200 10029
"GET /api/student/attendance/mark/ HTTP/1.1" 200 28802
"GET /student/dashboard/ HTTP/1.1" 200 10029
"GET /student/profile/ HTTP/1.1" 200 7896
"GET /student/profile/ HTTP/1.1" 200 7896
"GET /student/onboarding/ HTTP/1.1" 200 6510
"GET /api/student/attendance/mark/ HTTP/1.1" 200 28802
"GET /student/contact/ HTTP/1.1" 200 7724
"POST /student/contact/ HTTP/1.1" 302 0
"GET /student/dashboard/ HTTP/1.1" 200 10410
"GET /api/student/attendance/mark/ HTTP/1.1" 200 28802
Internal Server Error: /api/student/attendance/mark/
Traceback (most recent call last):
  File "C:\Users\krishna babu laveti\AppData\Roaming\Python\Python313\site-packages\django\core\handlers\exception.py", line 55, in inner
    response = get_response(request)
  File "C:\Users\krishna babu laveti\AppData\Roaming\Python\Python313\site-packages\django\core\handlers\base.py", line 197, in _get_response
    response = wrapped_callback(request, *callback_args, **callback_kwargs)
  File "C:\Users\krishna babu laveti\AppData\Roaming\Python\Python313\site-packages\django\contrib\auth\decorators.py", line 23, in _wrapper_view
    return view_func(request, *args, **kwargs)
  File "C:\Users\krishna babu laveti\AppData\Roaming\Python\Python313\site-packages\django\contrib\auth\decorators.py", line 23, in _wrapper_view
    return view_func(request, *args, **kwargs)
  File "C:\Users\krishna babu laveti\OneDrive\Desktop\Major Project\project-web app\attendance\views.py", line 516, in mark_attendance_view
    serializer = AttendanceMarkSerializer(data=request.POST, files=request.FILES)
  File "C:\Users\krishna babu laveti\AppData\Roaming\Python\Python313\site-packages\rest_framework\serializers.py", line 116, in __init__
    super().__init__(**kwargs)
    ~~~~~~~~~~~~~~~~^^^^^^^^^^
TypeError: Field.__init__() got an unexpected keyword argument 'files'
"POST /api/student/attendance/mark/ HTTP/1.1" 500 89885
Internal Server Error: /api/student/attendance/mark/
Traceback (most recent call last):
  File "C:\Users\krishna babu laveti\AppData\Roaming\Python\Python313\site-packages\django\core\handlers\exception.py", line 55, in inner
    response = get_response(request)
  File "C:\Users\krishna babu laveti\AppData\Roaming\Python\Python313\site-packages\django\core\handlers\base.py", line 197, in _get_response
    response = wrapped_callback(request, *callback_args, **callback_kwargs)
  File "C:\Users\krishna babu laveti\AppData\Roaming\Python\Python313\site-packages\django\contrib\auth\decorators.py", line 23, in _wrapper_view
    return view_func(request, *args, **kwargs)
  File "C:\Users\krishna babu laveti\AppData\Roaming\Python\Python313\site-packages\django\contrib\auth\decorators.py", line 23, in _wrapper_view
    return view_func(request, *args, **kwargs)
  File "C:\Users\krishna babu laveti\OneDrive\Desktop\Major Project\project-web app\attendance\views.py", line 516, in mark_attendance_view
    serializer = AttendanceMarkSerializer(data=request.POST, files=request.FILES)
  File "C:\Users\krishna babu laveti\AppData\Roaming\Python\Python313\site-packages\rest_framework\serializers.py", line 116, in __init__
    super().__init__(**kwargs)
    ~~~~~~~~~~~~~~~~^^^^^^^^^^
TypeError: Field.__init__() got an unexpected keyword argument 'files'
"POST /api/student/attendance/mark/ HTTP/1.1" 500 89885
"GET /logout/ HTTP/1.1" 302 0
"GET /login/ HTTP/1.1" 200 5832
"POST /login/ HTTP/1.1" 302 0
"GET / HTTP/1.1" 302 0
"GET /admin/dashboard/ HTTP/1.1" 200 7572
"GET /api/admin/contact-messages/ HTTP/1.1" 200 7064
"GET /logout/ HTTP/1.1" 302 0
"GET /login/ HTTP/1.1" 200 5832
"POST /login/ HTTP/1.1" 302 0
"GET / HTTP/1.1" 302 0
"GET /student/dashboard/ HTTP/1.1" 200 10029
"GET /api/student/attendance/mark/ HTTP/1.1" 200 28802
Internal Server Error: /api/student/attendance/mark/
Traceback (most recent call last):
  File "C:\Users\krishna babu laveti\AppData\Roaming\Python\Python313\site-packages\django\core\handlers\exception.py", line 55, in inner
    response = get_response(request)
  File "C:\Users\krishna babu laveti\AppData\Roaming\Python\Python313\site-packages\django\core\handlers\base.py", line 197, in _get_response
    response = wrapped_callback(request, *callback_args, **callback_kwargs)
  File "C:\Users\krishna babu laveti\AppData\Roaming\Python\Python313\site-packages\django\contrib\auth\decorators.py", line 23, in _wrapper_view
    return view_func(request, *args, **kwargs)
  File "C:\Users\krishna babu laveti\AppData\Roaming\Python\Python313\site-packages\django\contrib\auth\decorators.py", line 23, in _wrapper_view
    return view_func(request, *args, **kwargs)
  File "C:\Users\krishna babu laveti\OneDrive\Desktop\Major Project\project-web app\attendance\views.py", line 516, in mark_attendance_view
    serializer = AttendanceMarkSerializer(data=request.POST, files=request.FILES)
  File "C:\Users\krishna babu laveti\AppData\Roaming\Python\Python313\site-packages\rest_framework\serializers.py", line 116, in __init__
    super().__init__(**kwargs)
    ~~~~~~~~~~~~~~~~^^^^^^^^^^
TypeError: Field.__init__() got an unexpected keyword argument 'files'
"POST /api/student/attendance/mark/ HTTP/1.1" 500 89876
Internal Server Error: /api/student/attendance/mark/
Traceback (most recent call last):
  File "C:\Users\krishna babu laveti\AppData\Roaming\Python\Python313\site-packages\django\core\handlers\exception.py", line 55, in inner
    response = get_response(request)
  File "C:\Users\krishna babu laveti\AppData\Roaming\Python\Python313\site-packages\django\core\handlers\base.py", line 197, in _get_response
    response = wrapped_callback(request, *callback_args, **callback_kwargs)
  File "C:\Users\krishna babu laveti\AppData\Roaming\Python\Python313\site-packages\django\contrib\auth\decorators.py", line 23, in _wrapper_view
    return view_func(request, *args, **kwargs)
  File "C:\Users\krishna babu laveti\AppData\Roaming\Python\Python313\site-packages\django\contrib\auth\decorators.py", line 23, in _wrapper_view
    return view_func(request, *args, **kwargs)
  File "C:\Users\krishna babu laveti\OneDrive\Desktop\Major Project\project-web app\attendance\views.py", line 516, in mark_attendance_view
    serializer = AttendanceMarkSerializer(data=request.POST, files=request.FILES)
  File "C:\Users\krishna babu laveti\AppData\Roaming\Python\Python313\site-packages\rest_framework\serializers.py", line 116, in __init__
    super().__init__(**kwargs)
    ~~~~~~~~~~~~~~~~^^^^^^^^^^
TypeError: Field.__init__() got an unexpected keyword argument 'files'
"POST /api/student/attendance/mark/ HTTP/1.1" 500 89876
C:\Users\krishna babu laveti\OneDrive\Desktop\Major Project\project-web app\attendance\views.py changed, reloading.
Watching for file changes with StatReloader
C:\Users\krishna babu laveti\OneDrive\Desktop\Major Project\project-web app\attendance\views.py changed, reloading.
Watching for file changes with StatReloader
C:\Users\krishna babu laveti\OneDrive\Desktop\Major Project\project-web app\attendance\views.py changed, reloading.
Watching for file changes with StatReloader
C:\Users\krishna babu laveti\OneDrive\Desktop\Major Project\project-web app\attendance\views.py changed, reloading.
Watching for file changes with StatReloader
C:\Users\krishna babu laveti\OneDrive\Desktop\Major Project\project-web app\attendance\views.py changed, reloading.
Watching for file changes with StatReloader
C:\Users\krishna babu laveti\OneDrive\Desktop\Major Project\project-web app\attendance\views.py changed, reloading.
Watching for file changes with StatReloader
C:\Users\krishna babu laveti\OneDrive\Desktop\Major Project\project-web app\attendance_system\settings.py changed, reloading.
Watching for file changes with StatReloader
C:\Users\krishna babu laveti\OneDrive\Desktop\Major Project\project-web app\attendance\views.py changed, reloading.
Watching for file changes with StatReloader
C:\Users\krishna babu laveti\OneDrive\Desktop\Major Project\project-web app\attendance\views.py changed, reloading.
Watching for file changes with StatReloader
Watching for file changes with StatReloader
"GET / HTTP/1.1" 302 0
"GET /student/dashboard/ HTTP/1.1" 200 10029
Not Found: /favicon.ico
"GET /favicon.ico HTTP/1.1" 404 5158
"GET /student/profile/ HTTP/1.1" 200 7896
"GET /api/student/attendance/mark/ HTTP/1.1" 200 28802
Internal Server Error: /api/student/attendance/mark/
Traceback (most recent call last):
  File "C:\Users\krishna babu laveti\AppData\Roaming\Python\Python313\site-packages\django\core\handlers\exception.py", line 55, in inner
    response = get_response(request)
  File "C:\Users\krishna babu laveti\AppData\Roaming\Python\Python313\site-packages\django\core\handlers\base.py", line 197, in _get_response
    response = wrapped_callback(request, *callback_args, **callback_kwargs)
  File "C:\Users\krishna babu laveti\AppData\Roaming\Python\Python313\site-packages\django\contrib\auth\decorators.py", line 23, in _wrapper_view
    return view_func(request, *args, **kwargs)
  File "C:\Users\krishna babu laveti\AppData\Roaming\Python\Python313\site-packages\django\contrib\auth\decorators.py", line 23, in _wrapper_view
    return view_func(request, *args, **kwargs)
  File "C:\Users\krishna babu laveti\OneDrive\Desktop\Major Project\project-web app\attendance\views.py", line 516, in mark_attendance_view
    serializer = AttendanceMarkSerializer(data=request.POST, files=request.FILES)
  File "C:\Users\krishna babu laveti\AppData\Roaming\Python\Python313\site-packages\rest_framework\serializers.py", line 116, in __init__
    super().__init__(**kwargs)
    ~~~~~~~~~~~~~~~~^^^^^^^^^^
TypeError: Field.__init__() got an unexpected keyword argument 'files'
"POST /api/student/attendance/mark/ HTTP/1.1" 500 90012
Watching for file changes with StatReloader
"GET / HTTP/1.1" 302 0
"GET /student/dashboard/ HTTP/1.1" 200 10029
"GET /student/dashboard/ HTTP/1.1" 200 10029
"GET /api/student/attendance/mark/ HTTP/1.1" 200 28802
Internal Server Error: /api/student/attendance/mark/
Traceback (most recent call last):
  File "C:\Users\krishna babu laveti\AppData\Roaming\Python\Python313\site-packages\django\core\handlers\exception.py", line 55, in inner
    response = get_response(request)
  File "C:\Users\krishna babu laveti\AppData\Roaming\Python\Python313\site-packages\django\core\handlers\base.py", line 197, in _get_response
    response = wrapped_callback(request, *callback_args, **callback_kwargs)
  File "C:\Users\krishna babu laveti\AppData\Roaming\Python\Python313\site-packages\django\contrib\auth\decorators.py", line 23, in _wrapper_view
    return view_func(request, *args, **kwargs)
  File "C:\Users\krishna babu laveti\AppData\Roaming\Python\Python313\site-packages\django\contrib\auth\decorators.py", line 23, in _wrapper_view
    return view_func(request, *args, **kwargs)
  File "C:\Users\krishna babu laveti\OneDrive\Desktop\Major Project\project-web app\attendance\views.py", line 516, in mark_attendance_view
    serializer = AttendanceMarkSerializer(data=request.POST, files=request.FILES)
  File "C:\Users\krishna babu laveti\AppData\Roaming\Python\Python313\site-packages\rest_framework\serializers.py", line 116, in __init__
    super().__init__(**kwargs)
    ~~~~~~~~~~~~~~~~^^^^^^^^^^
TypeError: Field.__init__() got an unexpected keyword argument 'files'
"POST /api/student/attendance/mark/ HTTP/1.1" 500 89174
Watching for file changes with StatReloader
"GET / HTTP/1.1" 302 0
"GET /student/dashboard/ HTTP/1.1" 200 10029
Not Found: /favicon.ico
"GET /favicon.ico HTTP/1.1" 404 5158
"GET /api/student/attendance/mark/ HTTP/1.1" 200 28802
Internal Server Error: /api/student/attendance/mark/
Traceback (most recent call last):
  File "C:\Users\krishna babu laveti\AppData\Roaming\Python\Python313\site-packages\django\core\handlers\exception.py", line 55, in inner
    response = get_response(request)
  File "C:\Users\krishna babu laveti\AppData\Roaming\Python\Python313\site-packages\django\core\handlers\base.py", line 197, in _get_response
    response = wrapped_callback(request, *callback_args, **callback_kwargs)
  File "C:\Users\krishna babu laveti\AppData\Roaming\Python\Python313\site-packages\django\contrib\auth\decorators.py", line 23, in _wrapper_view
    return view_func(request, *args, **kwargs)
  File "C:\Users\krishna babu laveti\AppData\Roaming\Python\Python313\site-packages\django\contrib\auth\decorators.py", line 23, in _wrapper_view
    return view_func(request, *args, **kwargs)
  File "C:\Users\krishna babu laveti\OneDrive\Desktop\Major Project\project-web app\attendance\views.py", line 516, in mark_attendance_view
    serializer = AttendanceMarkSerializer(data=request.POST, files=request.FILES)
  File "C:\Users\krishna babu laveti\AppData\Roaming\Python\Python313\site-packages\rest_framework\serializers.py", line 116, in __init__
    super().__init__(**kwargs)
    ~~~~~~~~~~~~~~~~^^^^^^^^^^
TypeError: Field.__init__() got an unexpected keyword argument 'files'
"POST /api/student/attendance/mark/ HTTP/1.1" 500 89699
Watching for file changes with StatReloader
C:\Users\krishna babu laveti\OneDrive\Desktop\Major Project\project-web app\attendance_system\settings.py changed, reloading.
Watching for file changes with StatReloader
C:\Users\krishna babu laveti\OneDrive\Desktop\Major Project\project-web app\attendance\views.py changed, reloading.
Watching for file changes with StatReloader
"GET / HTTP/1.1" 302 0
"GET /student/dashboard/ HTTP/1.1" 200 10029
Not Found: /favicon.ico
"GET /favicon.ico HTTP/1.1" 404 5158
"GET /api/student/attendance/mark/ HTTP/1.1" 200 31101
Internal Server Error: /api/student/attendance/mark/
Traceback (most recent call last):
  File "C:\Users\krishna babu laveti\AppData\Roaming\Python\Python313\site-packages\django\core\handlers\exception.py", line 55, in inner
    response = get_response(request)
  File "C:\Users\krishna babu laveti\AppData\Roaming\Python\Python313\site-packages\django\core\handlers\base.py", line 197, in _get_response
    response = wrapped_callback(request, *callback_args, **callback_kwargs)
  File "C:\Users\krishna babu laveti\AppData\Roaming\Python\Python313\site-packages\django\contrib\auth\decorators.py", line 23, in _wrapper_view
    return view_func(request, *args, **kwargs)
  File "C:\Users\krishna babu laveti\AppData\Roaming\Python\Python313\site-packages\django\contrib\auth\decorators.py", line 23, in _wrapper_view
    return view_func(request, *args, **kwargs)
  File "C:\Users\krishna babu laveti\OneDrive\Desktop\Major Project\project-web app\attendance\views.py", line 516, in mark_attendance_view
    serializer = AttendanceMarkSerializer(data=request.POST, files=request.FILES)
  File "C:\Users\krishna babu laveti\AppData\Roaming\Python\Python313\site-packages\rest_framework\serializers.py", line 116, in __init__
    super().__init__(**kwargs)
    ~~~~~~~~~~~~~~~~^^^^^^^^^^
TypeError: Field.__init__() got an unexpected keyword argument 'files'
"POST /api/student/attendance/mark/ HTTP/1.1" 500 89482
"GET /api/student/attendance/mark/ HTTP/1.1" 200 31760
"GET /api/student/attendance/mark/ HTTP/1.1" 200 31760
Watching for file changes with StatReloader
"GET / HTTP/1.1" 302 0
"GET /student/dashboard/ HTTP/1.1" 200 10029
Not Found: /favicon.ico
"GET /favicon.ico HTTP/1.1" 404 5158
"GET /api/student/attendance/mark/ HTTP/1.1" 200 31760
"GET /logout/ HTTP/1.1" 302 0
"GET /login/ HTTP/1.1" 200 5832
"POST /login/ HTTP/1.1" 302 0
"GET / HTTP/1.1" 302 0
"GET /admin/dashboard/ HTTP/1.1" 200 7572
"GET /api/admin/companies/ HTTP/1.1" 200 8147
C:\Users\krishna babu laveti\OneDrive\Desktop\Major Project\project-web app\attendance\views.py changed, reloading.
Watching for file changes with StatReloader
C:\Users\krishna babu laveti\OneDrive\Desktop\Major Project\project-web app\attendance\views.py changed, reloading.
Watching for file changes with StatReloader
C:\Users\krishna babu laveti\OneDrive\Desktop\Major Project\project-web app\attendance\views.py changed, reloading.
Watching for file changes with StatReloader
C:\Users\krishna babu laveti\OneDrive\Desktop\Major Project\project-web app\attendance\views.py changed, reloading.
Watching for file changes with StatReloader
C:\Users\krishna babu laveti\OneDrive\Desktop\Major Project\project-web app\attendance\views.py changed, reloading.
Watching for file changes with StatReloader
C:\Users\krishna babu laveti\OneDrive\Desktop\Major Project\project-web app\attendance\views.py changed, reloading.
Watching for file changes with StatReloader
Watching for file changes with StatReloader
C:\Users\krishna babu laveti\OneDrive\Desktop\Major Project\project-web app\attendance\views.py changed, reloading.
Watching for file changes with StatReloader
C:\Users\krishna babu laveti\OneDrive\Desktop\Major Project\project-web app\attendance\models.py changed, reloading.
Watching for file changes with StatReloader
C:\Users\krishna babu laveti\OneDrive\Desktop\Major Project\project-web app\attendance\views.py changed, reloading.
Watching for file changes with StatReloader
C:\Users\krishna babu laveti\OneDrive\Desktop\Major Project\project-web app\attendance\views.py changed, reloading.
Watching for file changes with StatReloader
C:\Users\krishna babu laveti\OneDrive\Desktop\Major Project\project-web app\attendance\views.py changed, reloading.
Watching for file changes with StatReloader
C:\Users\krishna babu laveti\OneDrive\Desktop\Major Project\project-web app\attendance\views.py changed, reloading.
Watching for file changes with StatReloader
C:\Users\krishna babu laveti\OneDrive\Desktop\Major Project\project-web app\attendance\views.py changed, reloading.
Watching for file changes with StatReloader
C:\Users\krishna babu laveti\OneDrive\Desktop\Major Project\project-web app\attendance\models.py changed, reloading.
Watching for file changes with StatReloader
C:\Users\krishna babu laveti\OneDrive\Desktop\Major Project\project-web app\attendance\views.py changed, reloading.
Watching for file changes with StatReloader
C:\Users\krishna babu laveti\OneDrive\Desktop\Major Project\project-web app\attendance\models.py changed, reloading.
Watching for file changes with StatReloader
C:\Users\krishna babu laveti\OneDrive\Desktop\Major Project\project-web app\attendance\views.py changed, reloading.
Watching for file changes with StatReloader
Watching for file changes with StatReloader
"GET / HTTP/1.1" 302 0
"GET /admin/dashboard/ HTTP/1.1" 200 7572
"GET /api/admin/students/upload/ HTTP/1.1" 200 6590
"GET /api/admin/companies/ HTTP/1.1" 200 8148
"GET /logout/ HTTP/1.1" 302 0
"GET /login/ HTTP/1.1" 200 5832
"POST /login/ HTTP/1.1" 302 0
"GET / HTTP/1.1" 302 0
"GET /student/dashboard/ HTTP/1.1" 200 10029
"GET /api/student/attendance/mark/ HTTP/1.1" 200 31760
"GET /api/student/attendance/mark/ HTTP/1.1" 200 31760
"GET /student/dashboard/ HTTP/1.1" 200 10029
"GET /logout/ HTTP/1.1" 302 0
"GET /login/ HTTP/1.1" 200 5832
"POST /login/ HTTP/1.1" 302 0
"GET / HTTP/1.1" 302 0
"GET /admin/dashboard/ HTTP/1.1" 200 7572
"GET /api/admin/companies/ HTTP/1.1" 200 8148
C:\Users\krishna babu laveti\OneDrive\Desktop\Major Project\project-web app\attendance\urls.py changed, reloading.
Watching for file changes with StatReloader
C:\Users\krishna babu laveti\OneDrive\Desktop\Major Project\project-web app\attendance\views.py changed, reloading.
Watching for file changes with StatReloader
Watching for file changes with StatReloader
"GET / HTTP/1.1" 302 0
"GET /admin/dashboard/ HTTP/1.1" 200 7572
"GET /api/admin/companies/ HTTP/1.1" 200 10380
"GET /api/admin/companies/05023ff5-e4a6-4130-81ff-c2d79235d9e1/edit/ HTTP/1.1" 200 7287
"POST /api/admin/companies/05023ff5-e4a6-4130-81ff-c2d79235d9e1/edit/ HTTP/1.1" 302 0
"GET /api/admin/companies/ HTTP/1.1" 200 10747
"GET /api/admin/companies/69a203fb-56ee-4a52-b75c-4767a3d3c363/edit/ HTTP/1.1" 200 7291
"POST /api/admin/companies/69a203fb-56ee-4a52-b75c-4767a3d3c363/edit/ HTTP/1.1" 302 0
"GET /api/admin/companies/ HTTP/1.1" 200 10751
"GET /api/admin/companies/69a203fb-56ee-4a52-b75c-4767a3d3c363/edit/ HTTP/1.1" 200 7293
"POST /api/admin/companies/69a203fb-56ee-4a52-b75c-4767a3d3c363/edit/ HTTP/1.1" 302 0
"GET /api/admin/companies/ HTTP/1.1" 200 10750
"GET /api/admin/companies/e11f7abf-9d0c-44e5-9765-885656ade61b/edit/ HTTP/1.1" 200 7295
"POST /api/admin/companies/e11f7abf-9d0c-44e5-9765-885656ade61b/edit/ HTTP/1.1" 302 0
"GET /api/admin/companies/ HTTP/1.1" 200 10753
"GET /logout/ HTTP/1.1" 302 0
"GET /login/ HTTP/1.1" 200 5832
"POST /login/ HTTP/1.1" 302 0
"GET / HTTP/1.1" 302 0
"GET /admin/dashboard/ HTTP/1.1" 200 7572
"GET /api/admin/companies/ HTTP/1.1" 200 10383
"GET /logout/ HTTP/1.1" 302 0
"GET /login/ HTTP/1.1" 200 5832
"POST /login/ HTTP/1.1" 200 5832
"POST /login/ HTTP/1.1" 302 0
"GET / HTTP/1.1" 302 0
"GET /student/dashboard/ HTTP/1.1" 200 10029
"GET /student/profile/ HTTP/1.1" 200 7896
"GET /api/student/attendance/mark/ HTTP/1.1" 200 31762
"GET /logout/ HTTP/1.1" 302 0
"GET /login/ HTTP/1.1" 200 5832
"POST /login/ HTTP/1.1" 302 0
"GET / HTTP/1.1" 302 0
"GET /admin/dashboard/ HTTP/1.1" 200 7572
"GET /api/admin/companies/ HTTP/1.1" 200 10383
"GET /api/admin/companies/05023ff5-e4a6-4130-81ff-c2d79235d9e1/edit/ HTTP/1.1" 200 7288
"POST /api/admin/companies/05023ff5-e4a6-4130-81ff-c2d79235d9e1/edit/ HTTP/1.1" 302 0
"GET /api/admin/companies/ HTTP/1.1" 200 10749
"GET /logout/ HTTP/1.1" 302 0
"GET /login/ HTTP/1.1" 200 5832
"POST /login/ HTTP/1.1" 302 0
"GET / HTTP/1.1" 302 0
"GET /student/dashboard/ HTTP/1.1" 200 10029
"GET /student/profile/ HTTP/1.1" 200 7896
"GET /api/student/attendance/mark/ HTTP/1.1" 200 31762
"GET /student/profile/ HTTP/1.1" 200 7896
"GET /student/dashboard/ HTTP/1.1" 200 10029
"GET /api/student/attendance/mark/ HTTP/1.1" 200 31762
Internal Server Error: /api/student/attendance/mark/
Traceback (most recent call last):
  File "C:\Users\krishna babu laveti\AppData\Roaming\Python\Python313\site-packages\django\core\handlers\exception.py", line 55, in inner
    response = get_response(request)
  File "C:\Users\krishna babu laveti\AppData\Roaming\Python\Python313\site-packages\django\core\handlers\base.py", line 197, in _get_response
    response = wrapped_callback(request, *callback_args, **callback_kwargs)
  File "C:\Users\krishna babu laveti\AppData\Roaming\Python\Python313\site-packages\django\contrib\auth\decorators.py", line 23, in _wrapper_view
    return view_func(request, *args, **kwargs)
  File "C:\Users\krishna babu laveti\AppData\Roaming\Python\Python313\site-packages\django\contrib\auth\decorators.py", line 23, in _wrapper_view
    return view_func(request, *args, **kwargs)
  File "C:\Users\krishna babu laveti\OneDrive\Desktop\Major Project\project-web app\attendance\views.py", line 629, in mark_attendance_view
    serializer = AttendanceMarkSerializer(data=request.POST, files=request.FILES)
  File "C:\Users\krishna babu laveti\AppData\Roaming\Python\Python313\site-packages\rest_framework\serializers.py", line 116, in __init__
    super().__init__(**kwargs)
    ~~~~~~~~~~~~~~~~^^^^^^^^^^
TypeError: Field.__init__() got an unexpected keyword argument 'files'
"POST /api/student/attendance/mark/ HTTP/1.1" 500 89861
"GET /logout/ HTTP/1.1" 302 0
"GET /login/ HTTP/1.1" 200 5832
"POST /login/ HTTP/1.1" 302 0
"GET / HTTP/1.1" 302 0
"GET /admin/dashboard/ HTTP/1.1" 200 7572
"GET /api/admin/companies/ HTTP/1.1" 200 10383
"GET /logout/ HTTP/1.1" 302 0
"GET /login/ HTTP/1.1" 200 5832
"POST /login/ HTTP/1.1" 302 0
"GET / HTTP/1.1" 302 0
"GET /student/dashboard/ HTTP/1.1" 200 10029
"GET /student/profile/ HTTP/1.1" 200 7896
"GET /api/student/attendance/mark/ HTTP/1.1" 200 31762
Internal Server Error: /api/student/attendance/mark/
Traceback (most recent call last):
  File "C:\Users\krishna babu laveti\AppData\Roaming\Python\Python313\site-packages\django\core\handlers\exception.py", line 55, in inner
    response = get_response(request)
  File "C:\Users\krishna babu laveti\AppData\Roaming\Python\Python313\site-packages\django\core\handlers\base.py", line 197, in _get_response
    response = wrapped_callback(request, *callback_args, **callback_kwargs)
  File "C:\Users\krishna babu laveti\AppData\Roaming\Python\Python313\site-packages\django\contrib\auth\decorators.py", line 23, in _wrapper_view
    return view_func(request, *args, **kwargs)
  File "C:\Users\krishna babu laveti\AppData\Roaming\Python\Python313\site-packages\django\contrib\auth\decorators.py", line 23, in _wrapper_view
    return view_func(request, *args, **kwargs)
  File "C:\Users\krishna babu laveti\OneDrive\Desktop\Major Project\project-web app\attendance\views.py", line 629, in mark_attendance_view
    serializer = AttendanceMarkSerializer(data=request.POST, files=request.FILES)
  File "C:\Users\krishna babu laveti\AppData\Roaming\Python\Python313\site-packages\rest_framework\serializers.py", line 116, in __init__
    super().__init__(**kwargs)
    ~~~~~~~~~~~~~~~~^^^^^^^^^^
TypeError: Field.__init__() got an unexpected keyword argument 'files'
"POST /api/student/attendance/mark/ HTTP/1.1" 500 89861
"GET /api/student/attendance/mark/ HTTP/1.1" 200 31762
"GET /student/profile/ HTTP/1.1" 200 7896
"GET /student/onboarding/ HTTP/1.1" 200 6510
"GET /student/profile/ HTTP/1.1" 200 7896
"GET /student/onboarding/ HTTP/1.1" 200 6510
"GET /api/student/attendance/mark/ HTTP/1.1" 200 31762
Internal Server Error: /api/student/attendance/mark/
Traceback (most recent call last):
  File "C:\Users\krishna babu laveti\AppData\Roaming\Python\Python313\site-packages\django\core\handlers\exception.py", line 55, in inner
    response = get_response(request)
  File "C:\Users\krishna babu laveti\AppData\Roaming\Python\Python313\site-packages\django\core\handlers\base.py", line 197, in _get_response
    response = wrapped_callback(request, *callback_args, **callback_kwargs)
  File "C:\Users\krishna babu laveti\AppData\Roaming\Python\Python313\site-packages\django\contrib\auth\decorators.py", line 23, in _wrapper_view
    return view_func(request, *args, **kwargs)
  File "C:\Users\krishna babu laveti\AppData\Roaming\Python\Python313\site-packages\django\contrib\auth\decorators.py", line 23, in _wrapper_view
    return view_func(request, *args, **kwargs)
  File "C:\Users\krishna babu laveti\OneDrive\Desktop\Major Project\project-web app\attendance\views.py", line 629, in mark_attendance_view
    serializer = AttendanceMarkSerializer(data=request.POST, files=request.FILES)
  File "C:\Users\krishna babu laveti\AppData\Roaming\Python\Python313\site-packages\rest_framework\serializers.py", line 116, in __init__
    super().__init__(**kwargs)
    ~~~~~~~~~~~~~~~~^^^^^^^^^^
TypeError: Field.__init__() got an unexpected keyword argument 'files'
"POST /api/student/attendance/mark/ HTTP/1.1" 500 89860
"GET /api/student/attendance/mark/ HTTP/1.1" 200 31762
"GET /api/student/attendance/mark/ HTTP/1.1" 200 31762
"GET /api/student/attendance/mark/ HTTP/1.1" 200 31762
"GET /student/dashboard/ HTTP/1.1" 200 10029
"GET /logout/ HTTP/1.1" 302 0
"GET /login/ HTTP/1.1" 200 5832
"POST /login/ HTTP/1.1" 302 0
"GET / HTTP/1.1" 302 0
"GET /student/dashboard/ HTTP/1.1" 200 10029
"GET /logout/ HTTP/1.1" 302 0
"GET /login/ HTTP/1.1" 200 5832
"POST /login/ HTTP/1.1" 302 0
"GET / HTTP/1.1" 302 0
"GET /admin/dashboard/ HTTP/1.1" 200 7572
"GET /api/admin/companies/ HTTP/1.1" 200 10383
"GET /api/admin/students/manage/ HTTP/1.1" 200 51387
"POST /api/admin/students/manage/ HTTP/1.1" 200 51755
"GET /logout/ HTTP/1.1" 302 0
"GET /login/ HTTP/1.1" 200 5832
"POST /login/ HTTP/1.1" 302 0
"GET / HTTP/1.1" 302 0
"GET /student/dashboard/ HTTP/1.1" 200 10029
Watching for file changes with StatReloader
"GET / HTTP/1.1" 302 0
"GET /student/dashboard/ HTTP/1.1" 200 10029
Not Found: /favicon.ico
"GET /favicon.ico HTTP/1.1" 404 5158
"GET / HTTP/1.1" 302 0
"GET /student/dashboard/ HTTP/1.1" 200 10029
C:\Users\krishna babu laveti\OneDrive\Desktop\Major Project\project-web app\attendance\views.py changed, reloading.
Watching for file changes with StatReloader
"GET /api/student/attendance/mark/ HTTP/1.1" 200 31762
"GET /api/student/attendance/mark/ HTTP/1.1" 200 31762
Internal Server Error: /api/student/attendance/mark/
Traceback (most recent call last):
  File "C:\Users\krishna babu laveti\AppData\Roaming\Python\Python313\site-packages\django\core\handlers\exception.py", line 55, in inner
    response = get_response(request)
  File "C:\Users\krishna babu laveti\AppData\Roaming\Python\Python313\site-packages\django\core\handlers\base.py", line 197, in _get_response
    response = wrapped_callback(request, *callback_args, **callback_kwargs)
  File "C:\Users\krishna babu laveti\AppData\Roaming\Python\Python313\site-packages\django\contrib\auth\decorators.py", line 23, in _wrapper_view
    return view_func(request, *args, **kwargs)
  File "C:\Users\krishna babu laveti\AppData\Roaming\Python\Python313\site-packages\django\contrib\auth\decorators.py", line 23, in _wrapper_view
    return view_func(request, *args, **kwargs)
  File "C:\Users\krishna babu laveti\OneDrive\Desktop\Major Project\project-web app\attendance\views.py", line 629, in mark_attendance_view
    serializer = AttendanceMarkSerializer(data=request.POST, files=request.FILES)
  File "C:\Users\krishna babu laveti\AppData\Roaming\Python\Python313\site-packages\rest_framework\serializers.py", line 116, in __init__
    super().__init__(**kwargs)
    ~~~~~~~~~~~~~~~~^^^^^^^^^^
TypeError: Field.__init__() got an unexpected keyword argument 'files'
"POST /api/student/attendance/mark/ HTTP/1.1" 500 89862
Internal Server Error: /api/student/attendance/mark/
Traceback (most recent call last):
  File "C:\Users\krishna babu laveti\AppData\Roaming\Python\Python313\site-packages\django\core\handlers\exception.py", line 55, in inner
    response = get_response(request)
  File "C:\Users\krishna babu laveti\AppData\Roaming\Python\Python313\site-packages\django\core\handlers\base.py", line 197, in _get_response
    response = wrapped_callback(request, *callback_args, **callback_kwargs)
  File "C:\Users\krishna babu laveti\AppData\Roaming\Python\Python313\site-packages\django\contrib\auth\decorators.py", line 23, in _wrapper_view
    return view_func(request, *args, **kwargs)
  File "C:\Users\krishna babu laveti\AppData\Roaming\Python\Python313\site-packages\django\contrib\auth\decorators.py", line 23, in _wrapper_view
    return view_func(request, *args, **kwargs)
  File "C:\Users\krishna babu laveti\OneDrive\Desktop\Major Project\project-web app\attendance\views.py", line 629, in mark_attendance_view
    serializer = AttendanceMarkSerializer(data=request.POST, files=request.FILES)
  File "C:\Users\krishna babu laveti\AppData\Roaming\Python\Python313\site-packages\rest_framework\serializers.py", line 116, in __init__
    super().__init__(**kwargs)
    ~~~~~~~~~~~~~~~~^^^^^^^^^^
TypeError: Field.__init__() got an unexpected keyword argument 'files'
"POST /api/student/attendance/mark/ HTTP/1.1" 500 89862
Watching for file changes with StatReloader
"GET / HTTP/1.1" 302 0
"GET /student/dashboard/ HTTP/1.1" 200 10029
Not Found: /favicon.ico
"GET /favicon.ico HTTP/1.1" 404 5158
"GET /api/student/attendance/mark/ HTTP/1.1" 200 31762
Watching for file changes with StatReloader
"GET / HTTP/1.1" 302 0
"GET /student/dashboard/ HTTP/1.1" 200 10029
Not Found: /favicon.ico
"GET /favicon.ico HTTP/1.1" 404 5158
"GET /logout/ HTTP/1.1" 302 0
"GET /login/ HTTP/1.1" 200 5832
"POST /login/ HTTP/1.1" 302 0
"GET / HTTP/1.1" 302 0
"GET /student/dashboard/ HTTP/1.1" 200 10029
"GET /api/student/attendance/mark/ HTTP/1.1" 200 31762
Internal Server Error: /api/student/attendance/mark/
Traceback (most recent call last):
  File "C:\Users\krishna babu laveti\AppData\Roaming\Python\Python313\site-packages\django\core\handlers\exception.py", line 55, in inner
    response = get_response(request)
  File "C:\Users\krishna babu laveti\AppData\Roaming\Python\Python313\site-packages\django\core\handlers\base.py", line 197, in _get_response
    response = wrapped_callback(request, *callback_args, **callback_kwargs)
  File "C:\Users\krishna babu laveti\AppData\Roaming\Python\Python313\site-packages\django\contrib\auth\decorators.py", line 23, in _wrapper_view
    return view_func(request, *args, **kwargs)
  File "C:\Users\krishna babu laveti\AppData\Roaming\Python\Python313\site-packages\django\contrib\auth\decorators.py", line 23, in _wrapper_view
    return view_func(request, *args, **kwargs)
  File "C:\Users\krishna babu laveti\OneDrive\Desktop\Major Project\project-web app\attendance\views.py", line 629, in mark_attendance_view
    serializer = AttendanceMarkSerializer(data=request.POST, files=request.FILES)
  File "C:\Users\krishna babu laveti\AppData\Roaming\Python\Python313\site-packages\rest_framework\serializers.py", line 116, in __init__
    super().__init__(**kwargs)
    ~~~~~~~~~~~~~~~~^^^^^^^^^^
TypeError: Field.__init__() got an unexpected keyword argument 'files'
"POST /api/student/attendance/mark/ HTTP/1.1" 500 89479
C:\Users\krishna babu laveti\OneDrive\Desktop\Major Project\project-web app\attendance\views.py changed, reloading.
Watching for file changes with StatReloader
C:\Users\krishna babu laveti\OneDrive\Desktop\Major Project\project-web app\attendance\views.py changed, reloading.
Watching for file changes with StatReloader
C:\Users\krishna babu laveti\OneDrive\Desktop\Major Project\project-web app\attendance\views.py changed, reloading.
Watching for file changes with StatReloader
C:\Users\krishna babu laveti\OneDrive\Desktop\Major Project\project-web app\attendance\views.py changed, reloading.
Watching for file changes with StatReloader
C:\Users\krishna babu laveti\OneDrive\Desktop\Major Project\project-web app\attendance\views.py changed, reloading.
Watching for file changes with StatReloader
C:\Users\krishna babu laveti\OneDrive\Desktop\Major Project\project-web app\attendance\views.py changed, reloading.
Watching for file changes with StatReloader
C:\Users\krishna babu laveti\OneDrive\Desktop\Major Project\project-web app\attendance\views.py changed, reloading.
Watching for file changes with StatReloader
C:\Users\krishna babu laveti\OneDrive\Desktop\Major Project\project-web app\attendance\views.py changed, reloading.
Watching for file changes with StatReloader
C:\Users\krishna babu laveti\OneDrive\Desktop\Major Project\project-web app\attendance\views.py changed, reloading.
Watching for file changes with StatReloader
C:\Users\krishna babu laveti\OneDrive\Desktop\Major Project\project-web app\attendance\views.py changed, reloading.
Watching for file changes with StatReloader
"GET / HTTP/1.1" 302 0
"GET /student/dashboard/ HTTP/1.1" 200 10029
Not Found: /favicon.ico
"GET /favicon.ico HTTP/1.1" 404 5158
"GET /student/dashboard/ HTTP/1.1" 200 10029
C:\Users\krishna babu laveti\OneDrive\Desktop\Major Project\project-web app\attendance\views.py changed, reloading.
Watching for file changes with StatReloader
C:\Users\krishna babu laveti\OneDrive\Desktop\Major Project\project-web app\attendance\views.py changed, reloading.
Watching for file changes with StatReloader
"GET /api/student/attendance/mark/ HTTP/1.1" 200 31762
"GET / HTTP/1.1" 302 0
"GET /student/dashboard/ HTTP/1.1" 200 10029
Not Found: /favicon.ico
"GET /favicon.ico HTTP/1.1" 404 5158
"GET /api/student/attendance/mark/ HTTP/1.1" 200 31762
"POST /api/student/attendance/mark/ HTTP/1.1" 302 0
"GET /student/dashboard/ HTTP/1.1" 200 12201
"GET /student/dashboard/ HTTP/1.1" 200 11802
"GET /api/student/attendance/mark/ HTTP/1.1" 200 31762
"GET /api/student/attendance/mark/ HTTP/1.1" 200 31762
"POST /api/student/attendance/mark/ HTTP/1.1" 200 32126
"GET /student/dashboard/ HTTP/1.1" 200 11802
C:\Users\krishna babu laveti\OneDrive\Desktop\Major Project\project-web app\attendance\views.py changed, reloading.
Watching for file changes with StatReloader
C:\Users\krishna babu laveti\OneDrive\Desktop\Major Project\project-web app\attendance\views.py changed, reloading.
Watching for file changes with StatReloader
"GET / HTTP/1.1" 302 0
"GET /student/dashboard/ HTTP/1.1" 200 11802
Not Found: /favicon.ico
"GET /favicon.ico HTTP/1.1" 404 5158
"GET /api/student/attendance/mark/ HTTP/1.1" 200 31762
"GET /api/student/attendance/mark/ HTTP/1.1" 200 31762
"GET /logout/ HTTP/1.1" 302 0
"GET /login/ HTTP/1.1" 200 5832
"GET /login/ HTTP/1.1" 200 5832
- Broken pipe from ('127.0.0.1', 51305)
- Broken pipe from ('127.0.0.1', 55346)
"POST /login/ HTTP/1.1" 302 0
"GET / HTTP/1.1" 302 0
"GET /student/dashboard/ HTTP/1.1" 200 11802
"GET /api/student/attendance/mark/ HTTP/1.1" 200 31762
"POST /api/student/attendance/mark/ HTTP/1.1" 200 32126
"GET /student/dashboard/ HTTP/1.1" 200 11802
Watching for file changes with StatReloader
"GET / HTTP/1.1" 302 0
"GET /student/dashboard/ HTTP/1.1" 200 11904
"GET /logout/ HTTP/1.1" 302 0
"GET /login/ HTTP/1.1" 200 5832
"POST /login/ HTTP/1.1" 302 0
"GET / HTTP/1.1" 302 0
"GET /admin/dashboard/ HTTP/1.1" 200 7572
"GET /api/admin/students/manage/ HTTP/1.1" 200 51387
"POST /api/admin/students/manage/ HTTP/1.1" 200 16366
"GET /api/admin/companies/ HTTP/1.1" 200 10383
"GET /admin/dashboard/ HTTP/1.1" 200 7572
"GET /api/admin/students/upload/ HTTP/1.1" 200 6590
"GET /api/admin/companies/ HTTP/1.1" 200 10383
"POST /api/admin/companies/ HTTP/1.1" 200 11673
"GET /api/admin/students/upload/ HTTP/1.1" 200 6590
"GET /api/admin/companies/ HTTP/1.1" 200 11307
"GET /api/admin/students/upload/ HTTP/1.1" 200 6590
"GET /api/admin/students/upload/ HTTP/1.1" 200 6590
"POST /api/admin/students/upload/ HTTP/1.1" 200 6965
- Broken pipe from ('127.0.0.1', 56301)
"GET /api/admin/students/manage/ HTTP/1.1" 200 51391
"GET /api/admin/students/manage/?page=2 HTTP/1.1" 200 51365
"GET /api/admin/students/manage/?page=3 HTTP/1.1" 200 51436
"GET /api/admin/students/manage/?page=4 HTTP/1.1" 200 21418
"GET /api/admin/students/manage/?page=3 HTTP/1.1" 200 51436
"GET /api/admin/students/manage/?page=2 HTTP/1.1" 200 51365
Internal Server Error: /api/admin/analytics/
Traceback (most recent call last):
  File "C:\Users\krishna babu laveti\AppData\Roaming\Python\Python313\site-packages\django\core\handlers\exception.py", line 55, in inner
    response = get_response(request)
  File "C:\Users\krishna babu laveti\AppData\Roaming\Python\Python313\site-packages\django\core\handlers\base.py", line 197, in _get_response
    response = wrapped_callback(request, *callback_args, **callback_kwargs)
  File "C:\Users\krishna babu laveti\AppData\Roaming\Python\Python313\site-packages\django\contrib\auth\decorators.py", line 23, in _wrapper_view
    return view_func(request, *args, **kwargs)
  File "C:\Users\krishna babu laveti\AppData\Roaming\Python\Python313\site-packages\django\contrib\auth\decorators.py", line 23, in _wrapper_view
    return view_func(request, *args, **kwargs)
  File "C:\Users\krishna babu laveti\OneDrive\Desktop\Major Project\project-web app\attendance\views.py", line 370, in attendance_analytics
    return render(request, 'admin/analytics.html', context)
  File "C:\Users\krishna babu laveti\AppData\Roaming\Python\Python313\site-packages\django\shortcuts.py", line 24, in render
    content = loader.render_to_string(template_name, context, request, using=using)
  File "C:\Users\krishna babu laveti\AppData\Roaming\Python\Python313\site-packages\django\template\loader.py", line 61, in render_to_string
    template = get_template(template_name, using=using)
  File "C:\Users\krishna babu laveti\AppData\Roaming\Python\Python313\site-packages\django\template\loader.py", line 15, in get_template
    return engine.get_template(template_name)
           ~~~~~~~~~~~~~~~~~~~^^^^^^^^^^^^^^^
  File "C:\Users\krishna babu laveti\AppData\Roaming\Python\Python313\site-packages\django\template\backends\django.py", line 33, in get_template
    return Template(self.engine.get_template(template_name), self)
                    ~~~~~~~~~~~~~~~~~~~~~~~~^^^^^^^^^^^^^^^
  File "C:\Users\krishna babu laveti\AppData\Roaming\Python\Python313\site-packages\django\template\engine.py", line 175, in get_template
    template, origin = self.find_template(template_name)
                       ~~~~~~~~~~~~~~~~~~^^^^^^^^^^^^^^^
  File "C:\Users\krishna babu laveti\AppData\Roaming\Python\Python313\site-packages\django\template\engine.py", line 157, in find_template
    template = loader.get_template(name, skip=skip)
  File "C:\Users\krishna babu laveti\AppData\Roaming\Python\Python313\site-packages\django\template\loaders\cached.py", line 57, in get_template
    template = super().get_template(template_name, skip)
  File "C:\Users\krishna babu laveti\AppData\Roaming\Python\Python313\site-packages\django\template\loaders\base.py", line 28, in get_template
    return Template(
        contents,
    ...<2 lines>...
        self.engine,
    )
  File "C:\Users\krishna babu laveti\AppData\Roaming\Python\Python313\site-packages\django\template\base.py", line 154, in __init__
    self.nodelist = self.compile_nodelist()
                    ~~~~~~~~~~~~~~~~~~~~~^^
  File "C:\Users\krishna babu laveti\AppData\Roaming\Python\Python313\site-packages\django\template\base.py", line 200, in compile_nodelist
    return parser.parse()
           ~~~~~~~~~~~~^^
  File "C:\Users\krishna babu laveti\AppData\Roaming\Python\Python313\site-packages\django\template\base.py", line 513, in parse
    raise self.error(token, e)
  File "C:\Users\krishna babu laveti\AppData\Roaming\Python\Python313\site-packages\django\template\base.py", line 511, in parse
    compiled_result = compile_func(self, token)
  File "C:\Users\krishna babu laveti\AppData\Roaming\Python\Python313\site-packages\django\template\loader_tags.py", line 293, in do_extends
    nodelist = parser.parse()
  File "C:\Users\krishna babu laveti\AppData\Roaming\Python\Python313\site-packages\django\template\base.py", line 513, in parse
    raise self.error(token, e)
  File "C:\Users\krishna babu laveti\AppData\Roaming\Python\Python313\site-packages\django\template\base.py", line 511, in parse
    compiled_result = compile_func(self, token)
  File "C:\Users\krishna babu laveti\AppData\Roaming\Python\Python313\site-packages\django\template\loader_tags.py", line 232, in do_block
    nodelist = parser.parse(("endblock",))
  File "C:\Users\krishna babu laveti\AppData\Roaming\Python\Python313\site-packages\django\template\base.py", line 513, in parse
    raise self.error(token, e)
  File "C:\Users\krishna babu laveti\AppData\Roaming\Python\Python313\site-packages\django\template\base.py", line 511, in parse
    compiled_result = compile_func(self, token)
  File "C:\Users\krishna babu laveti\AppData\Roaming\Python\Python313\site-packages\django\template\defaulttags.py", line 953, in do_if
    nodelist = parser.parse(("elif", "else", "endif"))
  File "C:\Users\krishna babu laveti\AppData\Roaming\Python\Python313\site-packages\django\template\base.py", line 513, in parse
    raise self.error(token, e)
  File "C:\Users\krishna babu laveti\AppData\Roaming\Python\Python313\site-packages\django\template\base.py", line 511, in parse
    compiled_result = compile_func(self, token)
  File "C:\Users\krishna babu laveti\AppData\Roaming\Python\Python313\site-packages\django\template\defaulttags.py", line 853, in do_for
    nodelist_loop = parser.parse(
        (
    ...<2 lines>...
        )
    )
  File "C:\Users\krishna babu laveti\AppData\Roaming\Python\Python313\site-packages\django\template\base.py", line 484, in parse
    raise self.error(token, e)
  File "C:\Users\krishna babu laveti\AppData\Roaming\Python\Python313\site-packages\django\template\base.py", line 482, in parse
    filter_expression = self.compile_filter(token.contents)
  File "C:\Users\krishna babu laveti\AppData\Roaming\Python\Python313\site-packages\django\template\base.py", line 600, in compile_filter
    return FilterExpression(token, self)
  File "C:\Users\krishna babu laveti\AppData\Roaming\Python\Python313\site-packages\django\template\base.py", line 698, in __init__
    filter_func = parser.find_filter(filter_name)
  File "C:\Users\krishna babu laveti\AppData\Roaming\Python\Python313\site-packages\django\template\base.py", line 606, in find_filter
    raise TemplateSyntaxError("Invalid filter: '%s'" % filter_name)
django.template.exceptions.TemplateSyntaxError: Invalid filter: 'div'
"GET /api/admin/analytics/ HTTP/1.1" 500 264255
"GET /api/admin/contact-messages/ HTTP/1.1" 200 6173
Internal Server Error: /api/admin/analytics/
Traceback (most recent call last):
  File "C:\Users\krishna babu laveti\AppData\Roaming\Python\Python313\site-packages\django\core\handlers\exception.py", line 55, in inner
    response = get_response(request)
  File "C:\Users\krishna babu laveti\AppData\Roaming\Python\Python313\site-packages\django\core\handlers\base.py", line 197, in _get_response
    response = wrapped_callback(request, *callback_args, **callback_kwargs)
  File "C:\Users\krishna babu laveti\AppData\Roaming\Python\Python313\site-packages\django\contrib\auth\decorators.py", line 23, in _wrapper_view
    return view_func(request, *args, **kwargs)
  File "C:\Users\krishna babu laveti\AppData\Roaming\Python\Python313\site-packages\django\contrib\auth\decorators.py", line 23, in _wrapper_view
    return view_func(request, *args, **kwargs)
  File "C:\Users\krishna babu laveti\OneDrive\Desktop\Major Project\project-web app\attendance\views.py", line 370, in attendance_analytics
    return render(request, 'admin/analytics.html', context)
  File "C:\Users\krishna babu laveti\AppData\Roaming\Python\Python313\site-packages\django\shortcuts.py", line 24, in render
    content = loader.render_to_string(template_name, context, request, using=using)
  File "C:\Users\krishna babu laveti\AppData\Roaming\Python\Python313\site-packages\django\template\loader.py", line 61, in render_to_string
    template = get_template(template_name, using=using)
  File "C:\Users\krishna babu laveti\AppData\Roaming\Python\Python313\site-packages\django\template\loader.py", line 15, in get_template
    return engine.get_template(template_name)
           ~~~~~~~~~~~~~~~~~~~^^^^^^^^^^^^^^^
  File "C:\Users\krishna babu laveti\AppData\Roaming\Python\Python313\site-packages\django\template\backends\django.py", line 33, in get_template
    return Template(self.engine.get_template(template_name), self)
                    ~~~~~~~~~~~~~~~~~~~~~~~~^^^^^^^^^^^^^^^
  File "C:\Users\krishna babu laveti\AppData\Roaming\Python\Python313\site-packages\django\template\engine.py", line 175, in get_template
    template, origin = self.find_template(template_name)
                       ~~~~~~~~~~~~~~~~~~^^^^^^^^^^^^^^^
  File "C:\Users\krishna babu laveti\AppData\Roaming\Python\Python313\site-packages\django\template\engine.py", line 157, in find_template
    template = loader.get_template(name, skip=skip)
  File "C:\Users\krishna babu laveti\AppData\Roaming\Python\Python313\site-packages\django\template\loaders\cached.py", line 57, in get_template
    template = super().get_template(template_name, skip)
  File "C:\Users\krishna babu laveti\AppData\Roaming\Python\Python313\site-packages\django\template\loaders\base.py", line 28, in get_template
    return Template(
        contents,
    ...<2 lines>...
        self.engine,
    )
  File "C:\Users\krishna babu laveti\AppData\Roaming\Python\Python313\site-packages\django\template\base.py", line 154, in __init__
    self.nodelist = self.compile_nodelist()
                    ~~~~~~~~~~~~~~~~~~~~~^^
  File "C:\Users\krishna babu laveti\AppData\Roaming\Python\Python313\site-packages\django\template\base.py", line 200, in compile_nodelist
    return parser.parse()
           ~~~~~~~~~~~~^^
  File "C:\Users\krishna babu laveti\AppData\Roaming\Python\Python313\site-packages\django\template\base.py", line 513, in parse
    raise self.error(token, e)
  File "C:\Users\krishna babu laveti\AppData\Roaming\Python\Python313\site-packages\django\template\base.py", line 511, in parse
    compiled_result = compile_func(self, token)
  File "C:\Users\krishna babu laveti\AppData\Roaming\Python\Python313\site-packages\django\template\loader_tags.py", line 293, in do_extends
    nodelist = parser.parse()
  File "C:\Users\krishna babu laveti\AppData\Roaming\Python\Python313\site-packages\django\template\base.py", line 513, in parse
    raise self.error(token, e)
  File "C:\Users\krishna babu laveti\AppData\Roaming\Python\Python313\site-packages\django\template\base.py", line 511, in parse
    compiled_result = compile_func(self, token)
  File "C:\Users\krishna babu laveti\AppData\Roaming\Python\Python313\site-packages\django\template\loader_tags.py", line 232, in do_block
    nodelist = parser.parse(("endblock",))
  File "C:\Users\krishna babu laveti\AppData\Roaming\Python\Python313\site-packages\django\template\base.py", line 513, in parse
    raise self.error(token, e)
  File "C:\Users\krishna babu laveti\AppData\Roaming\Python\Python313\site-packages\django\template\base.py", line 511, in parse
    compiled_result = compile_func(self, token)
  File "C:\Users\krishna babu laveti\AppData\Roaming\Python\Python313\site-packages\django\template\defaulttags.py", line 953, in do_if
    nodelist = parser.parse(("elif", "else", "endif"))
  File "C:\Users\krishna babu laveti\AppData\Roaming\Python\Python313\site-packages\django\template\base.py", line 513, in parse
    raise self.error(token, e)
  File "C:\Users\krishna babu laveti\AppData\Roaming\Python\Python313\site-packages\django\template\base.py", line 511, in parse
    compiled_result = compile_func(self, token)
  File "C:\Users\krishna babu laveti\AppData\Roaming\Python\Python313\site-packages\django\template\defaulttags.py", line 853, in do_for
    nodelist_loop = parser.parse(
        (
    ...<2 lines>...
        )
    )
  File "C:\Users\krishna babu laveti\AppData\Roaming\Python\Python313\site-packages\django\template\base.py", line 484, in parse
    raise self.error(token, e)
  File "C:\Users\krishna babu laveti\AppData\Roaming\Python\Python313\site-packages\django\template\base.py", line 482, in parse
    filter_expression = self.compile_filter(token.contents)
  File "C:\Users\krishna babu laveti\AppData\Roaming\Python\Python313\site-packages\django\template\base.py", line 600, in compile_filter
    return FilterExpression(token, self)
  File "C:\Users\krishna babu laveti\AppData\Roaming\Python\Python313\site-packages\django\template\base.py", line 698, in __init__
    filter_func = parser.find_filter(filter_name)
  File "C:\Users\krishna babu laveti\AppData\Roaming\Python\Python313\site-packages\django\template\base.py", line 606, in find_filter
    raise TemplateSyntaxError("Invalid filter: '%s'" % filter_name)
django.template.exceptions.TemplateSyntaxError: Invalid filter: 'div'
"GET /api/admin/analytics/ HTTP/1.1" 500 264255
Internal Server Error: /api/admin/analytics/
Traceback (most recent call last):
  File "C:\Users\krishna babu laveti\AppData\Roaming\Python\Python313\site-packages\django\core\handlers\exception.py", line 55, in inner
    response = get_response(request)
  File "C:\Users\krishna babu laveti\AppData\Roaming\Python\Python313\site-packages\django\core\handlers\base.py", line 197, in _get_response
    response = wrapped_callback(request, *callback_args, **callback_kwargs)
  File "C:\Users\krishna babu laveti\AppData\Roaming\Python\Python313\site-packages\django\contrib\auth\decorators.py", line 23, in _wrapper_view
    return view_func(request, *args, **kwargs)
  File "C:\Users\krishna babu laveti\AppData\Roaming\Python\Python313\site-packages\django\contrib\auth\decorators.py", line 23, in _wrapper_view
    return view_func(request, *args, **kwargs)
  File "C:\Users\krishna babu laveti\OneDrive\Desktop\Major Project\project-web app\attendance\views.py", line 370, in attendance_analytics
    return render(request, 'admin/analytics.html', context)
  File "C:\Users\krishna babu laveti\AppData\Roaming\Python\Python313\site-packages\django\shortcuts.py", line 24, in render
    content = loader.render_to_string(template_name, context, request, using=using)
  File "C:\Users\krishna babu laveti\AppData\Roaming\Python\Python313\site-packages\django\template\loader.py", line 61, in render_to_string
    template = get_template(template_name, using=using)
  File "C:\Users\krishna babu laveti\AppData\Roaming\Python\Python313\site-packages\django\template\loader.py", line 15, in get_template
    return engine.get_template(template_name)
           ~~~~~~~~~~~~~~~~~~~^^^^^^^^^^^^^^^
  File "C:\Users\krishna babu laveti\AppData\Roaming\Python\Python313\site-packages\django\template\backends\django.py", line 33, in get_template
    return Template(self.engine.get_template(template_name), self)
                    ~~~~~~~~~~~~~~~~~~~~~~~~^^^^^^^^^^^^^^^
  File "C:\Users\krishna babu laveti\AppData\Roaming\Python\Python313\site-packages\django\template\engine.py", line 175, in get_template
    template, origin = self.find_template(template_name)
                       ~~~~~~~~~~~~~~~~~~^^^^^^^^^^^^^^^
  File "C:\Users\krishna babu laveti\AppData\Roaming\Python\Python313\site-packages\django\template\engine.py", line 157, in find_template
    template = loader.get_template(name, skip=skip)
  File "C:\Users\krishna babu laveti\AppData\Roaming\Python\Python313\site-packages\django\template\loaders\cached.py", line 57, in get_template
    template = super().get_template(template_name, skip)
  File "C:\Users\krishna babu laveti\AppData\Roaming\Python\Python313\site-packages\django\template\loaders\base.py", line 28, in get_template
    return Template(
        contents,
    ...<2 lines>...
        self.engine,
    )
  File "C:\Users\krishna babu laveti\AppData\Roaming\Python\Python313\site-packages\django\template\base.py", line 154, in __init__
    self.nodelist = self.compile_nodelist()
                    ~~~~~~~~~~~~~~~~~~~~~^^
  File "C:\Users\krishna babu laveti\AppData\Roaming\Python\Python313\site-packages\django\template\base.py", line 200, in compile_nodelist
    return parser.parse()
           ~~~~~~~~~~~~^^
  File "C:\Users\krishna babu laveti\AppData\Roaming\Python\Python313\site-packages\django\template\base.py", line 513, in parse
    raise self.error(token, e)
  File "C:\Users\krishna babu laveti\AppData\Roaming\Python\Python313\site-packages\django\template\base.py", line 511, in parse
    compiled_result = compile_func(self, token)
  File "C:\Users\krishna babu laveti\AppData\Roaming\Python\Python313\site-packages\django\template\loader_tags.py", line 293, in do_extends
    nodelist = parser.parse()
  File "C:\Users\krishna babu laveti\AppData\Roaming\Python\Python313\site-packages\django\template\base.py", line 513, in parse
    raise self.error(token, e)
  File "C:\Users\krishna babu laveti\AppData\Roaming\Python\Python313\site-packages\django\template\base.py", line 511, in parse
    compiled_result = compile_func(self, token)
  File "C:\Users\krishna babu laveti\AppData\Roaming\Python\Python313\site-packages\django\template\loader_tags.py", line 232, in do_block
    nodelist = parser.parse(("endblock",))
  File "C:\Users\krishna babu laveti\AppData\Roaming\Python\Python313\site-packages\django\template\base.py", line 513, in parse
    raise self.error(token, e)
  File "C:\Users\krishna babu laveti\AppData\Roaming\Python\Python313\site-packages\django\template\base.py", line 511, in parse
    compiled_result = compile_func(self, token)
  File "C:\Users\krishna babu laveti\AppData\Roaming\Python\Python313\site-packages\django\template\defaulttags.py", line 953, in do_if
    nodelist = parser.parse(("elif", "else", "endif"))
  File "C:\Users\krishna babu laveti\AppData\Roaming\Python\Python313\site-packages\django\template\base.py", line 513, in parse
    raise self.error(token, e)
  File "C:\Users\krishna babu laveti\AppData\Roaming\Python\Python313\site-packages\django\template\base.py", line 511, in parse
    compiled_result = compile_func(self, token)
  File "C:\Users\krishna babu laveti\AppData\Roaming\Python\Python313\site-packages\django\template\defaulttags.py", line 853, in do_for
    nodelist_loop = parser.parse(
        (
    ...<2 lines>...
        )
    )
  File "C:\Users\krishna babu laveti\AppData\Roaming\Python\Python313\site-packages\django\template\base.py", line 484, in parse
    raise self.error(token, e)
  File "C:\Users\krishna babu laveti\AppData\Roaming\Python\Python313\site-packages\django\template\base.py", line 482, in parse
    filter_expression = self.compile_filter(token.contents)
  File "C:\Users\krishna babu laveti\AppData\Roaming\Python\Python313\site-packages\django\template\base.py", line 600, in compile_filter
    return FilterExpression(token, self)
  File "C:\Users\krishna babu laveti\AppData\Roaming\Python\Python313\site-packages\django\template\base.py", line 698, in __init__
    filter_func = parser.find_filter(filter_name)
  File "C:\Users\krishna babu laveti\AppData\Roaming\Python\Python313\site-packages\django\template\base.py", line 606, in find_filter
    raise TemplateSyntaxError("Invalid filter: '%s'" % filter_name)
django.template.exceptions.TemplateSyntaxError: Invalid filter: 'div'
"GET /api/admin/analytics/ HTTP/1.1" 500 264255
"POST /api/admin/students/manage/?page=2 HTTP/1.1" 200 16366
"GET /api/admin/students/manage/ HTTP/1.1" 200 15947
"GET /api/admin/students/upload/ HTTP/1.1" 200 6590
"GET /admin/dashboard/ HTTP/1.1" 200 7572
"GET /api/admin/companies/ HTTP/1.1" 200 11307
C:\Users\krishna babu laveti\OneDrive\Desktop\Major Project\project-web app\attendance\views.py changed, reloading.
Watching for file changes with StatReloader
"GET /api/admin/companies/ HTTP/1.1" 200 11307
"GET /api/admin/students/manage/ HTTP/1.1" 200 15947
"GET /api/admin/analytics/ HTTP/1.1" 200 8817
C:\Users\krishna babu laveti\OneDrive\Desktop\Major Project\project-web app\attendance\views.py changed, reloading.
Watching for file changes with StatReloader
"GET /api/admin/students/manage/ HTTP/1.1" 200 15947
"GET /api/admin/analytics/ HTTP/1.1" 200 8817
"GET /api/admin/analytics/ HTTP/1.1" 200 8817
"GET /api/admin/contact-messages/ HTTP/1.1" 200 6173
"GET /api/admin/students/manage/ HTTP/1.1" 200 15947
"GET /api/admin/companies/ HTTP/1.1" 200 11307
"GET /admin/dashboard/ HTTP/1.1" 200 7572
"GET /api/admin/students/upload/ HTTP/1.1" 200 6590
"POST /api/admin/students/upload/ HTTP/1.1" 200 6965
"GET /api/admin/companies/ HTTP/1.1" 200 11307
"GET /api/admin/companies/b28c803a-bf1b-4145-be3e-b40eae31b605/edit/ HTTP/1.1" 200 7292
"POST /api/admin/companies/b28c803a-bf1b-4145-be3e-b40eae31b605/edit/ HTTP/1.1" 302 0
"GET /api/admin/companies/ HTTP/1.1" 200 11674
"GET /api/admin/students/manage/ HTTP/1.1" 200 51391
"GET /api/admin/companies/ HTTP/1.1" 200 11306
"GET /api/admin/analytics/ HTTP/1.1" 200 9010
"GET /api/admin/students/upload/ HTTP/1.1" 200 6590
"GET /admin/dashboard/ HTTP/1.1" 200 7572
"GET /api/admin/students/manage/ HTTP/1.1" 200 51391
"GET /logout/ HTTP/1.1" 302 0
"GET /login/ HTTP/1.1" 200 5832
"POST /login/ HTTP/1.1" 302 0
"GET /student/onboarding/ HTTP/1.1" 200 6510
"POST /student/onboarding/ HTTP/1.1" 302 0
"GET /login/ HTTP/1.1" 200 6229
"POST /login/ HTTP/1.1" 302 0
"GET / HTTP/1.1" 302 0
"GET /student/dashboard/ HTTP/1.1" 200 10031
"GET /student/profile/ HTTP/1.1" 200 7898
"GET /api/student/attendance/mark/ HTTP/1.1" 200 31762
"GET /api/student/attendance/mark/ HTTP/1.1" 200 31762
"POST /api/student/attendance/mark/ HTTP/1.1" 302 0
"GET /student/dashboard/ HTTP/1.1" 200 12183
"GET /student/dashboard/ HTTP/1.1" 200 11792
Watching for file changes with StatReloader
"GET / HTTP/1.1" 302 0
"GET /student/dashboard/ HTTP/1.1" 200 11733
- Broken pipe from ('127.0.0.1', 60961)
"GET / HTTP/1.1" 302 0
"GET /student/dashboard/ HTTP/1.1" 200 11733
Not Found: /favicon.ico
"GET /favicon.ico HTTP/1.1" 404 5158
"GET /student/profile/ HTTP/1.1" 200 10044
"GET /api/student/attendance/mark/ HTTP/1.1" 200 31762
"GET /logout/ HTTP/1.1" 302 0
"GET /login/ HTTP/1.1" 200 5832
"POST /login/ HTTP/1.1" 302 0
"GET / HTTP/1.1" 302 0
"GET /admin/dashboard/ HTTP/1.1" 200 7572
"GET /api/admin/companies/ HTTP/1.1" 200 11306
"GET /api/admin/students/manage/ HTTP/1.1" 200 51391
"GET /api/admin/students/upload/ HTTP/1.1" 200 6590
"POST /api/admin/students/upload/ HTTP/1.1" 200 6964
"GET /logout/ HTTP/1.1" 302 0
"GET /login/ HTTP/1.1" 200 5832
"POST /login/ HTTP/1.1" 302 0
"GET / HTTP/1.1" 302 0
"GET /admin/dashboard/ HTTP/1.1" 200 7572
"GET /api/admin/companies/ HTTP/1.1" 200 11306
"GET /logout/ HTTP/1.1" 302 0
"GET /login/ HTTP/1.1" 200 5832
"POST /login/ HTTP/1.1" 302 0
"GET /student/onboarding/ HTTP/1.1" 200 6512
"POST /student/onboarding/ HTTP/1.1" 200 6611
"POST /student/onboarding/ HTTP/1.1" 302 0
"GET /login/ HTTP/1.1" 200 6229
"POST /login/ HTTP/1.1" 302 0
"GET / HTTP/1.1" 302 0
"GET /student/dashboard/ HTTP/1.1" 200 10033
"GET /student/profile/ HTTP/1.1" 200 7900
"GET /student/dashboard/ HTTP/1.1" 200 10033
"GET /api/student/attendance/mark/ HTTP/1.1" 200 31764
"GET /logout/ HTTP/1.1" 302 0
"GET /login/ HTTP/1.1" 200 5832
"POST /login/ HTTP/1.1" 302 0
"GET / HTTP/1.1" 302 0
"GET /admin/dashboard/ HTTP/1.1" 200 7572
"GET /api/admin/companies/ HTTP/1.1" 200 11306
"GET /api/admin/companies/05023ff5-e4a6-4130-81ff-c2d79235d9e1/edit/ HTTP/1.1" 200 7288
"POST /api/admin/companies/05023ff5-e4a6-4130-81ff-c2d79235d9e1/edit/ HTTP/1.1" 302 0
"GET /api/admin/companies/ HTTP/1.1" 200 11672
"GET /logout/ HTTP/1.1" 302 0
"GET /login/ HTTP/1.1" 200 5832
"POST /login/ HTTP/1.1" 302 0
"GET / HTTP/1.1" 302 0
"GET /student/dashboard/ HTTP/1.1" 200 10033
"GET /student/profile/ HTTP/1.1" 200 7900
"GET /api/student/attendance/mark/ HTTP/1.1" 200 31764
"GET /api/student/attendance/mark/ HTTP/1.1" 200 31764
"GET /student/profile/ HTTP/1.1" 200 7900
"GET /api/student/attendance/mark/ HTTP/1.1" 200 31764
"GET /logout/ HTTP/1.1" 302 0
"GET /login/ HTTP/1.1" 200 5832
"POST /login/ HTTP/1.1" 302 0
"GET / HTTP/1.1" 302 0
"GET /admin/dashboard/ HTTP/1.1" 200 7572
"GET /api/admin/companies/ HTTP/1.1" 200 11306
"GET /api/admin/companies/05023ff5-e4a6-4130-81ff-c2d79235d9e1/edit/ HTTP/1.1" 200 7288
"POST /api/admin/companies/05023ff5-e4a6-4130-81ff-c2d79235d9e1/edit/ HTTP/1.1" 302 0
"GET /api/admin/companies/ HTTP/1.1" 200 11672
"GET /logout/ HTTP/1.1" 302 0
"GET /login/ HTTP/1.1" 200 5832
"POST /login/ HTTP/1.1" 302 0
"GET / HTTP/1.1" 302 0
"GET /student/dashboard/ HTTP/1.1" 200 11733
"GET /api/student/attendance/mark/ HTTP/1.1" 200 31762
"GET /logout/ HTTP/1.1" 302 0
"GET /login/ HTTP/1.1" 200 5832
"POST /login/ HTTP/1.1" 302 0
"GET / HTTP/1.1" 302 0
"GET /student/dashboard/ HTTP/1.1" 200 10033
"GET /student/profile/ HTTP/1.1" 200 7900
"GET /api/student/attendance/mark/ HTTP/1.1" 200 31764
"POST /api/student/attendance/mark/ HTTP/1.1" 302 0
"GET /student/dashboard/ HTTP/1.1" 200 12207
"GET /student/dashboard/ HTTP/1.1" 200 11808
Watching for file changes with StatReloader
"GET / HTTP/1.1" 302 0
"GET /student/dashboard/ HTTP/1.1" 200 11808
Not Found: /favicon.ico
"GET /favicon.ico HTTP/1.1" 404 5158
"GET /student/dashboard/ HTTP/1.1" 200 11808
"GET /student/profile/ HTTP/1.1" 200 10044
"GET /api/student/attendance/mark/ HTTP/1.1" 200 31764
"POST /api/student/attendance/mark/ HTTP/1.1" 200 32128
"GET /student/dashboard/ HTTP/1.1" 200 11808
Watching for file changes with StatReloader
"GET / HTTP/1.1" 302 0
"GET /student/dashboard/ HTTP/1.1" 200 11808
"GET /student/dashboard/ HTTP/1.1" 200 11808
"GET /student/profile/ HTTP/1.1" 200 10044
"GET /api/student/attendance/mark/ HTTP/1.1" 200 31764
"POST /api/student/attendance/mark/ HTTP/1.1" 200 32128
"GET /student/dashboard/ HTTP/1.1" 200 11808
Watching for file changes with StatReloader
"GET / HTTP/1.1" 302 0
"GET /student/dashboard/ HTTP/1.1" 200 12930
"GET /student/profile/ HTTP/1.1" 200 11204
"GET /student/dashboard/ HTTP/1.1" 200 12930
"GET /student/dashboard/ HTTP/1.1" 200 12930
"GET /api/student/attendance/mark/ HTTP/1.1" 200 31764
"GET /student/profile/ HTTP/1.1" 200 11204
"GET /api/student/attendance/mark/ HTTP/1.1" 200 31764
"GET /api/student/attendance/mark/ HTTP/1.1" 200 31764
"GET /student/profile/ HTTP/1.1" 200 11204
"GET /logout/ HTTP/1.1" 302 0
"GET /login/ HTTP/1.1" 200 5832
"POST /login/ HTTP/1.1" 302 0
"GET / HTTP/1.1" 302 0
"GET /admin/dashboard/ HTTP/1.1" 200 7572
"GET /api/admin/companies/ HTTP/1.1" 200 11306
"GET /api/admin/companies/05023ff5-e4a6-4130-81ff-c2d79235d9e1/edit/ HTTP/1.1" 200 7288
"POST /api/admin/companies/05023ff5-e4a6-4130-81ff-c2d79235d9e1/edit/ HTTP/1.1" 302 0
"GET /api/admin/companies/ HTTP/1.1" 200 11672
"GET /logout/ HTTP/1.1" 302 0
"GET /login/ HTTP/1.1" 200 5832
"POST /login/ HTTP/1.1" 302 0
"GET / HTTP/1.1" 302 0
"GET /student/dashboard/ HTTP/1.1" 200 12930
"GET /api/student/attendance/mark/ HTTP/1.1" 200 31764
"POST /api/student/attendance/mark/ HTTP/1.1" 302 0
"GET /student/dashboard/ HTTP/1.1" 200 13322
"GET /student/dashboard/ HTTP/1.1" 200 12930
"GET /logout/ HTTP/1.1" 302 0
"GET /login/ HTTP/1.1" 200 5832
"POST /login/ HTTP/1.1" 200 5832
"POST /login/ HTTP/1.1" 302 0
"GET / HTTP/1.1" 302 0
"GET /student/dashboard/ HTTP/1.1" 200 11733
"GET /api/student/attendance/mark/ HTTP/1.1" 200 31762
"GET /api/student/attendance/mark/ HTTP/1.1" 200 31762
"GET /api/student/attendance/mark/ HTTP/1.1" 200 31762
"GET /api/student/attendance/mark/ HTTP/1.1" 200 31762
Watching for file changes with StatReloader
"GET / HTTP/1.1" 302 0
"GET /student/dashboard/ HTTP/1.1" 200 11733
"GET /student/dashboard/ HTTP/1.1" 200 11733
Not Found: /favicon.ico
Not Found: /favicon.ico
- Broken pipe from ('127.0.0.1', 65029)
"GET /favicon.ico HTTP/1.1" 404 5158
"GET /logout/ HTTP/1.1" 302 0
"GET /login/ HTTP/1.1" 200 5832
"POST /login/ HTTP/1.1" 302 0
"GET / HTTP/1.1" 302 0
"GET /student/dashboard/ HTTP/1.1" 200 12930
"GET /logout/ HTTP/1.1" 302 0
"GET /login/ HTTP/1.1" 200 5832
"POST /login/ HTTP/1.1" 302 0
"GET /student/onboarding/ HTTP/1.1" 200 6511
"POST /student/onboarding/ HTTP/1.1" 302 0
"GET /login/ HTTP/1.1" 200 6229
"POST /login/ HTTP/1.1" 302 0
"GET / HTTP/1.1" 302 0
"GET /student/dashboard/ HTTP/1.1" 200 10035
"GET /student/profile/ HTTP/1.1" 200 7902
"GET /logout/ HTTP/1.1" 302 0
"GET /login/ HTTP/1.1" 200 5832
"POST /login/ HTTP/1.1" 302 0
"GET / HTTP/1.1" 302 0
"GET /admin/dashboard/ HTTP/1.1" 200 7572
"GET /api/admin/students/manage/ HTTP/1.1" 200 51446
"POST /api/admin/students/manage/ HTTP/1.1" 200 51812
"POST /api/admin/students/manage/ HTTP/1.1" 200 51812
"POST /api/admin/students/manage/ HTTP/1.1" 200 51812
"POST /api/admin/students/manage/ HTTP/1.1" 200 51812
"POST /api/admin/students/manage/ HTTP/1.1" 200 51812
"POST /api/admin/students/manage/ HTTP/1.1" 200 51814
"POST /api/admin/students/manage/ HTTP/1.1" 200 51814
"POST /api/admin/students/manage/ HTTP/1.1" 200 51814
"POST /api/admin/students/manage/ HTTP/1.1" 200 51814
"POST /api/admin/students/manage/ HTTP/1.1" 200 51812
C:\Users\krishna babu laveti\OneDrive\Desktop\Major Project\project-web-app\attendance\views.py changed, reloading.
Watching for file changes with StatReloader
C:\Users\krishna babu laveti\OneDrive\Desktop\Major Project\project-web-app\attendance\views.py changed, reloading.
Watching for file changes with StatReloader
"POST /api/admin/students/manage/ HTTP/1.1" 200 52555
"POST /api/admin/students/manage/ HTTP/1.1" 200 52555
C:\Users\krishna babu laveti\OneDrive\Desktop\Major Project\project-web-app\attendance\views.py changed, reloading.
Watching for file changes with StatReloader
"POST /api/admin/students/manage/ HTTP/1.1" 200 52188
Watching for file changes with StatReloader
"GET / HTTP/1.1" 302 0
"GET /admin/dashboard/ HTTP/1.1" 200 7572
Not Found: /favicon.ico
"GET /favicon.ico HTTP/1.1" 404 5158
"GET /admin/dashboard/ HTTP/1.1" 200 7572
"GET /api/admin/students/manage/ HTTP/1.1" 200 51822
"POST /api/admin/students/manage/ HTTP/1.1" 200 52146
"POST /api/admin/students/manage/ HTTP/1.1" 200 52141
"GET /api/admin/students/manage/ HTTP/1.1" 200 51762
"GET /api/admin/students/upload/ HTTP/1.1" 200 6590
"POST /api/admin/students/upload/ HTTP/1.1" 200 6964
"GET /logout/ HTTP/1.1" 302 0
"GET /login/ HTTP/1.1" 200 5832
"POST /login/ HTTP/1.1" 200 5832
"POST /login/ HTTP/1.1" 200 5832
"POST /login/ HTTP/1.1" 302 0
"GET /student/onboarding/ HTTP/1.1" 200 6511
"POST /student/onboarding/ HTTP/1.1" 200 6594
"POST /student/onboarding/ HTTP/1.1" 302 0
"GET /login/ HTTP/1.1" 200 6229
"POST /login/ HTTP/1.1" 302 0
"GET / HTTP/1.1" 302 0
"GET /student/dashboard/ HTTP/1.1" 200 10031
"GET /student/profile/ HTTP/1.1" 200 7898
"GET /api/student/attendance/mark/ HTTP/1.1" 200 31763
"GET /student/contact/ HTTP/1.1" 200 7725
"GET /api/student/attendance/mark/ HTTP/1.1" 200 31763
"GET /student/profile/ HTTP/1.1" 200 7898
"GET /logout/ HTTP/1.1" 302 0
"GET /login/ HTTP/1.1" 200 5832
"POST /login/ HTTP/1.1" 302 0
"GET / HTTP/1.1" 302 0
"GET /admin/dashboard/ HTTP/1.1" 200 7572
"GET /api/admin/companies/ HTTP/1.1" 200 11306
"GET /logout/ HTTP/1.1" 302 0
"GET /login/ HTTP/1.1" 200 5832
"POST /login/ HTTP/1.1" 302 0
"GET / HTTP/1.1" 302 0
"GET /student/dashboard/ HTTP/1.1" 200 10031
"GET /student/profile/ HTTP/1.1" 200 7898
"GET /api/student/attendance/mark/ HTTP/1.1" 200 31763
"GET /api/student/attendance/mark/ HTTP/1.1" 200 31763
"GET /api/student/attendance/mark/ HTTP/1.1" 200 31763
"GET /api/student/attendance/mark/ HTTP/1.1" 200 31763
"GET /api/student/attendance/mark/ HTTP/1.1" 200 31763
"GET /api/student/attendance/mark/ HTTP/1.1" 200 31763
"GET /api/student/attendance/mark/ HTTP/1.1" 200 31763
"GET /api/student/attendance/mark/ HTTP/1.1" 200 31763
"GET /api/student/attendance/mark/ HTTP/1.1" 200 31763
"GET /api/student/attendance/mark/ HTTP/1.1" 200 31763
"GET /api/student/attendance/mark/ HTTP/1.1" 200 31763
"GET /api/student/attendance/mark/ HTTP/1.1" 200 31763
"GET /api/student/attendance/mark/ HTTP/1.1" 200 31763
"GET /api/student/attendance/mark/ HTTP/1.1" 200 31763
"GET /api/student/attendance/mark/ HTTP/1.1" 200 31763
Watching for file changes with StatReloader
"GET / HTTP/1.1" 302 0
"GET / HTTP/1.1" 302 0
"GET /login/ HTTP/1.1" 200 5832
"GET /login/ HTTP/1.1" 200 5832
"GET / HTTP/1.1" 302 0
"GET /login/ HTTP/1.1" 200 5832
"GET /student/dashboard/ HTTP/1.1" 302 0
"GET /login/?next=/student/dashboard/ HTTP/1.1" 200 5832
"GET /login/ HTTP/1.1" 200 5832
"GET /login/ HTTP/1.1" 200 5832
"GET /login/ HTTP/1.1" 200 5832
"POST /login/ HTTP/1.1" 302 0
"GET / HTTP/1.1" 302 0
"GET /super/dashboard/ HTTP/1.1" 200 13201
"GET /super/admins/ HTTP/1.1" 200 11194
"GET /super/dashboard/ HTTP/1.1" 200 13201
"GET /logout/ HTTP/1.1" 302 0
"GET /login/ HTTP/1.1" 200 5832
"POST /login/ HTTP/1.1" 302 0
"GET / HTTP/1.1" 302 0
"GET /student/dashboard/ HTTP/1.1" 200 11733
"GET /student/profile/ HTTP/1.1" 200 10044
"GET /logout/ HTTP/1.1" 302 0
"GET /login/ HTTP/1.1" 200 5832
"POST /login/ HTTP/1.1" 302 0
"GET / HTTP/1.1" 302 0
"GET /student/dashboard/ HTTP/1.1" 200 10031
"GET /student/profile/ HTTP/1.1" 200 7898
"GET /api/student/attendance/mark/ HTTP/1.1" 200 31763
"GET /logout/ HTTP/1.1" 302 0
"GET /login/ HTTP/1.1" 200 5832
"POST /login/ HTTP/1.1" 302 0
"GET / HTTP/1.1" 302 0
"GET /admin/dashboard/ HTTP/1.1" 200 7572
"GET /api/admin/students/manage/ HTTP/1.1" 200 51818
"GET /api/admin/companies/ HTTP/1.1" 200 11306
"GET /api/admin/companies/05023ff5-e4a6-4130-81ff-c2d79235d9e1/edit/ HTTP/1.1" 200 7288
"POST /api/admin/companies/05023ff5-e4a6-4130-81ff-c2d79235d9e1/edit/ HTTP/1.1" 302 0
"GET /api/admin/companies/ HTTP/1.1" 200 11672
"GET /logout/ HTTP/1.1" 302 0
"GET /login/ HTTP/1.1" 200 5832
"POST /login/ HTTP/1.1" 302 0
"GET / HTTP/1.1" 302 0
"GET /student/dashboard/ HTTP/1.1" 200 10031
"GET /student/profile/ HTTP/1.1" 200 7898
"GET /api/student/attendance/mark/ HTTP/1.1" 200 31763
"GET /logout/ HTTP/1.1" 302 0
"GET /login/ HTTP/1.1" 200 5832
"POST /login/ HTTP/1.1" 302 0
"GET / HTTP/1.1" 302 0
"GET /admin/dashboard/ HTTP/1.1" 200 7572
"GET /api/admin/companies/ HTTP/1.1" 200 11306
"GET /api/admin/companies/05023ff5-e4a6-4130-81ff-c2d79235d9e1/edit/ HTTP/1.1" 200 7288
"GET /api/admin/companies/ HTTP/1.1" 200 11306
C:\Users\varap\Desktop\project-web app\attendance\views.py changed, reloading.
Watching for file changes with StatReloader
C:\Users\varap\Desktop\project-web app\attendance\serializers.py changed, reloading.
Watching for file changes with StatReloader
C:\Users\varap\Desktop\project-web app\attendance\models.py changed, reloading.
Watching for file changes with StatReloader
"GET /api/admin/companies/ HTTP/1.1" 200 11306
"GET /logout/ HTTP/1.1" 302 0
"GET /login/ HTTP/1.1" 200 5832
"POST /login/ HTTP/1.1" 302 0
"GET / HTTP/1.1" 302 0
"GET /student/dashboard/ HTTP/1.1" 200 10031
"GET /student/profile/ HTTP/1.1" 200 7898
"GET /api/student/attendance/mark/ HTTP/1.1" 200 32690
"GET /logout/ HTTP/1.1" 302 0
"GET /login/ HTTP/1.1" 200 5832
"GET /login/?next=/student/dashboard/ HTTP/1.1" 200 5832
"GET /login/ HTTP/1.1" 200 5832
Watching for file changes with StatReloader
"GET / HTTP/1.1" 302 0
"GET /login/ HTTP/1.1" 200 5832
Not Found: /favicon.ico
"GET /favicon.ico HTTP/1.1" 404 5158
"POST /login/ HTTP/1.1" 200 5832
"POST /login/ HTTP/1.1" 200 5832
"POST /login/ HTTP/1.1" 200 5832
"POST /login/ HTTP/1.1" 302 0
"GET / HTTP/1.1" 302 0
"GET /admin/dashboard/ HTTP/1.1" 200 7572
"GET /api/admin/students/upload/ HTTP/1.1" 200 6590
"GET /api/admin/companies/ HTTP/1.1" 200 11306
"GET /api/admin/students/manage/ HTTP/1.1" 200 51818
"GET /api/admin/students/manage/?page=2 HTTP/1.1" 200 51811
"GET /logout/ HTTP/1.1" 302 0
"GET /login/ HTTP/1.1" 200 5832
"POST /login/ HTTP/1.1" 200 5832
"POST /login/ HTTP/1.1" 200 5832
"POST /login/ HTTP/1.1" 200 5832
"POST /login/ HTTP/1.1" 302 0
"GET / HTTP/1.1" 302 0
"GET /admin/dashboard/ HTTP/1.1" 200 7572
"GET /api/admin/companies/ HTTP/1.1" 200 11306
"GET /api/admin/students/manage/ HTTP/1.1" 200 51818
"GET /api/admin/students/manage/?page=2 HTTP/1.1" 200 51811
"GET /admin/dashboard/ HTTP/1.1" 200 7572
"GET /logout/ HTTP/1.1" 302 0
"GET /login/ HTTP/1.1" 200 5832
"POST /login/ HTTP/1.1" 200 5832
"POST /login/ HTTP/1.1" 302 0
"GET /student/onboarding/ HTTP/1.1" 200 6508
"POST /student/onboarding/ HTTP/1.1" 302 0
"GET /login/ HTTP/1.1" 200 6267
"POST /login/ HTTP/1.1" 302 0
"GET / HTTP/1.1" 302 0
"GET /student/dashboard/ HTTP/1.1" 200 10027
"GET /student/profile/ HTTP/1.1" 200 7894
"GET /api/student/attendance/mark/ HTTP/1.1" 200 32681
"GET /student/dashboard/ HTTP/1.1" 200 10027
"GET /student/profile/ HTTP/1.1" 200 7894
"GET /api/student/attendance/mark/ HTTP/1.1" 200 32681
"GET /logout/ HTTP/1.1" 302 0
"GET /login/ HTTP/1.1" 200 5832
"POST /login/ HTTP/1.1" 302 0
"GET / HTTP/1.1" 302 0
"GET /admin/dashboard/ HTTP/1.1" 200 7572
"GET /api/admin/students/upload/ HTTP/1.1" 200 6590
"GET /api/admin/companies/ HTTP/1.1" 200 11306
"GET /api/admin/students/manage/ HTTP/1.1" 200 51818
"GET /api/admin/students/manage/?page=2 HTTP/1.1" 200 51811
"POST /api/admin/students/manage/?page=2 HTTP/1.1" 200 52173
"POST /api/admin/students/manage/?page=2 HTTP/1.1" 200 52173
"GET /api/admin/students/manage/?company=Top+Notch HTTP/1.1" 200 51833
"GET /api/admin/students/manage/?company=GMRIT+2 HTTP/1.1" 200 17916
"GET /api/admin/students/manage/?company=GMRIT HTTP/1.1" 200 19695
"GET /api/admin/students/manage/?company= HTTP/1.1" 200 51818
"GET /api/admin/companies/ HTTP/1.1" 200 11306
"GET /api/admin/students/manage/ HTTP/1.1" 200 51818
"GET /api/admin/students/upload/ HTTP/1.1" 200 6590
"GET /api/admin/companies/ HTTP/1.1" 200 11306
"GET /api/admin/analytics/ HTTP/1.1" 200 9908
"GET /api/admin/students/manage/ HTTP/1.1" 200 51818
"GET /api/admin/analytics/ HTTP/1.1" 200 9908
"GET /api/admin/students/upload/ HTTP/1.1" 200 6590
"GET /api/admin/companies/ HTTP/1.1" 200 11306
"GET /api/admin/students/upload/ HTTP/1.1" 200 6590
"GET /api/admin/students/upload/ HTTP/1.1" 200 6590
"GET /api/admin/companies/ HTTP/1.1" 200 11306
"POST /api/admin/companies/ HTTP/1.1" 200 12584
"GET /api/admin/analytics/ HTTP/1.1" 200 9908
"GET /admin/dashboard/ HTTP/1.1" 200 7572
"GET /api/admin/students/upload/ HTTP/1.1" 200 6590
"GET /api/admin/companies/ HTTP/1.1" 200 12222
"GET /api/admin/students/manage/ HTTP/1.1" 200 51818
"GET /api/admin/analytics/ HTTP/1.1" 200 9908
"GET /api/admin/companies/ HTTP/1.1" 200 12222
"GET /api/admin/students/manage/ HTTP/1.1" 200 51818
"GET /api/admin/students/manage/ HTTP/1.1" 200 51818
"POST /api/admin/students/manage/ HTTP/1.1" 200 52201
"GET /api/admin/companies/ HTTP/1.1" 200 12222
"GET /api/admin/students/upload/ HTTP/1.1" 200 6590
"POST /api/admin/students/upload/ HTTP/1.1" 200 6964
"GET /api/admin/students/manage/ HTTP/1.1" 200 51871
"GET /api/admin/companies/ HTTP/1.1" 200 12222
"GET /api/admin/companies/ HTTP/1.1" 200 12222
"GET /api/admin/students/manage/ HTTP/1.1" 200 51871
"GET /logout/ HTTP/1.1" 302 0
"GET /login/ HTTP/1.1" 200 5832
"POST /login/ HTTP/1.1" 302 0
"GET /student/onboarding/ HTTP/1.1" 200 6512
"POST /student/onboarding/ HTTP/1.1" 302 0
"GET /login/ HTTP/1.1" 200 6267
"POST /login/ HTTP/1.1" 302 0
"GET / HTTP/1.1" 302 0
"GET /student/dashboard/ HTTP/1.1" 200 10031
"GET /student/profile/ HTTP/1.1" 200 7898
"GET /api/student/attendance/mark/ HTTP/1.1" 200 32693
"POST /api/student/attendance/mark/ HTTP/1.1" 302 0
"GET /student/dashboard/ HTTP/1.1" 200 12206
"GET /student/dashboard/ HTTP/1.1" 200 11807
"GET /logout/ HTTP/1.1" 302 0
"GET /login/ HTTP/1.1" 200 5832
"POST /login/ HTTP/1.1" 302 0
"GET / HTTP/1.1" 302 0
"GET /admin/dashboard/ HTTP/1.1" 200 7572
"GET /api/admin/companies/ HTTP/1.1" 200 12222
"GET /api/admin/students/upload/ HTTP/1.1" 200 6590
"POST /api/admin/students/upload/ HTTP/1.1" 200 6964
"GET /api/admin/students/manage/ HTTP/1.1" 200 51871
"GET /api/admin/students/manage/?page=2 HTTP/1.1" 200 51866
"POST /api/admin/students/manage/?page=2 HTTP/1.1" 200 52248
"GET /api/admin/students/upload/ HTTP/1.1" 200 6590
"POST /api/admin/students/upload/ HTTP/1.1" 200 6964
"GET /logout/ HTTP/1.1" 302 0
"GET /login/ HTTP/1.1" 200 5832
"POST /login/ HTTP/1.1" 302 0
"GET /student/onboarding/ HTTP/1.1" 200 6508
"POST /student/onboarding/ HTTP/1.1" 302 0
"GET /login/ HTTP/1.1" 200 6267
"POST /login/ HTTP/1.1" 302 0
"GET / HTTP/1.1" 302 0
"GET /student/dashboard/ HTTP/1.1" 200 10023
"GET /api/student/attendance/mark/ HTTP/1.1" 200 32689
"POST /api/student/attendance/mark/ HTTP/1.1" 302 0
"GET /student/dashboard/ HTTP/1.1" 200 12173
"GET /student/dashboard/ HTTP/1.1" 200 11782
"GET /api/student/attendance/mark/ HTTP/1.1" 200 32689
"GET /logout/ HTTP/1.1" 302 0
"GET /login/ HTTP/1.1" 200 5832
"POST /login/ HTTP/1.1" 302 0
"GET / HTTP/1.1" 302 0
"GET /admin/dashboard/ HTTP/1.1" 200 7572
"GET /api/admin/analytics/ HTTP/1.1" 200 11252
"GET /api/admin/analytics/?from_date=2025-10-28&to_date=2025-10-28&company= HTTP/1.1" 200 10571
"GET /api/admin/students/upload/ HTTP/1.1" 200 6590
"GET /api/admin/analytics/ HTTP/1.1" 200 11252
"GET /logout/ HTTP/1.1" 302 0
"GET /login/ HTTP/1.1" 200 5832
"POST /login/ HTTP/1.1" 302 0
"GET / HTTP/1.1" 302 0
"GET /student/dashboard/ HTTP/1.1" 200 11733
"GET /student/profile/ HTTP/1.1" 200 10044
Watching for file changes with StatReloader
"GET / HTTP/1.1" 302 0
"GET /student/dashboard/ HTTP/1.1" 200 11733
"GET /logout/ HTTP/1.1" 302 0
"GET /login/ HTTP/1.1" 200 5832
"POST /login/ HTTP/1.1" 302 0
"GET / HTTP/1.1" 302 0
"GET /admin/dashboard/ HTTP/1.1" 200 7572
"GET /api/admin/students/manage/ HTTP/1.1" 200 51853
"GET /api/admin/students/manage/?page=2 HTTP/1.1" 200 51880
"POST /api/admin/students/manage/?page=2 HTTP/1.1" 200 52193
"GET /api/admin/students/upload/ HTTP/1.1" 200 6590
"POST /api/admin/students/upload/ HTTP/1.1" 200 6964
"GET /logout/ HTTP/1.1" 302 0
"GET /login/ HTTP/1.1" 200 5832
"POST /login/ HTTP/1.1" 302 0
"GET /student/onboarding/ HTTP/1.1" 200 6510
"POST /student/onboarding/ HTTP/1.1" 302 0
"GET /login/ HTTP/1.1" 200 6267
"POST /login/ HTTP/1.1" 302 0
"GET / HTTP/1.1" 302 0
"GET /student/dashboard/ HTTP/1.1" 200 10027
"GET /student/profile/ HTTP/1.1" 200 7894
"GET /api/student/attendance/mark/ HTTP/1.1" 200 32691
"GET /api/student/attendance/mark/ HTTP/1.1" 200 32691
"GET /logout/ HTTP/1.1" 302 0
"GET /login/ HTTP/1.1" 200 5832
"GET /api/student/attendance/mark/ HTTP/1.1" 302 0
"GET /login/?next=/api/student/attendance/mark/ HTTP/1.1" 200 5832
"POST /login/?next=/api/student/attendance/mark/ HTTP/1.1" 302 0
"GET /student/onboarding/ HTTP/1.1" 200 6513
"POST /student/onboarding/ HTTP/1.1" 302 0
"GET /login/ HTTP/1.1" 200 6267
"POST /login/ HTTP/1.1" 302 0
"GET / HTTP/1.1" 302 0
"GET /admin/dashboard/ HTTP/1.1" 200 7572
"GET /api/admin/students/manage/ HTTP/1.1" 200 51778
"GET /api/admin/students/manage/?page=2 HTTP/1.1" 200 51825
"GET /api/admin/students/manage/?page=3 HTTP/1.1" 200 51861
"POST /api/admin/students/manage/?page=3 HTTP/1.1" 200 52228
"GET /api/admin/students/upload/ HTTP/1.1" 200 6590
"POST /api/admin/students/upload/ HTTP/1.1" 200 6964
"GET /api/admin/students/upload/ HTTP/1.1" 200 6590
"GET /logout/ HTTP/1.1" 302 0
"GET /login/ HTTP/1.1" 200 5832
"POST /login/ HTTP/1.1" 200 5832
"POST /login/ HTTP/1.1" 200 5832
"POST /login/ HTTP/1.1" 302 0
"GET /student/onboarding/ HTTP/1.1" 200 6513
"POST /student/onboarding/ HTTP/1.1" 302 0
"GET /login/ HTTP/1.1" 200 6267
"POST /login/ HTTP/1.1" 302 0
"GET / HTTP/1.1" 302 0
"GET /student/dashboard/ HTTP/1.1" 200 10039
"GET /student/profile/ HTTP/1.1" 200 7906
"GET /api/student/attendance/mark/ HTTP/1.1" 200 32694
"GET /api/student/attendance/mark/ HTTP/1.1" 200 32694
"GET /logout/ HTTP/1.1" 302 0
"GET /login/ HTTP/1.1" 200 5832
"POST /login/ HTTP/1.1" 302 0
"GET / HTTP/1.1" 302 0
"GET /student/dashboard/ HTTP/1.1" 200 11782
"GET /api/student/attendance/mark/ HTTP/1.1" 200 32689
"GET /logout/ HTTP/1.1" 302 0
"GET /login/ HTTP/1.1" 200 5832
"POST /login/ HTTP/1.1" 302 0
"GET / HTTP/1.1" 302 0
"GET /admin/dashboard/ HTTP/1.1" 200 7572
"GET /api/admin/companies/ HTTP/1.1" 200 12222
"GET /api/admin/companies/5d0e363f-339c-44bd-880e-1c92f95e2d5a/edit/ HTTP/1.1" 200 7284
"POST /api/admin/companies/5d0e363f-339c-44bd-880e-1c92f95e2d5a/edit/ HTTP/1.1" 302 0
"GET /api/admin/companies/ HTTP/1.1" 200 12586
"GET /logout/ HTTP/1.1" 302 0
"GET /login/ HTTP/1.1" 200 5832
"POST /login/ HTTP/1.1" 302 0
"GET / HTTP/1.1" 302 0
"GET /student/dashboard/ HTTP/1.1" 200 11782
"GET /api/student/attendance/mark/ HTTP/1.1" 200 32689
Watching for file changes with StatReloader
"GET / HTTP/1.1" 302 0
"GET /student/dashboard/ HTTP/1.1" 200 11782
"GET /student/profile/ HTTP/1.1" 200 10036
"GET /api/student/attendance/mark/ HTTP/1.1" 200 32689
Watching for file changes with StatReloader
"GET / HTTP/1.1" 302 0
"GET /student/dashboard/ HTTP/1.1" 200 11782
Not Found: /favicon.ico
"GET /favicon.ico HTTP/1.1" 404 5158
"GET /student/dashboard/ HTTP/1.1" 200 11782
"GET /student/profile/ HTTP/1.1" 200 10036
"GET /api/student/attendance/mark/ HTTP/1.1" 200 32689
"GET /student/dashboard/ HTTP/1.1" 200 11782
"GET /logout/ HTTP/1.1" 302 0
"GET /login/ HTTP/1.1" 200 5832
"POST /login/ HTTP/1.1" 200 5832
"POST /login/ HTTP/1.1" 302 0
"GET / HTTP/1.1" 302 0
"GET /admin/dashboard/ HTTP/1.1" 200 7572
"GET /api/admin/companies/ HTTP/1.1" 200 12222
"GET /api/admin/companies/5d0e363f-339c-44bd-880e-1c92f95e2d5a/edit/ HTTP/1.1" 200 7284
"POST /api/admin/companies/5d0e363f-339c-44bd-880e-1c92f95e2d5a/edit/ HTTP/1.1" 302 0
"GET /api/admin/companies/ HTTP/1.1" 200 12586
"GET /logout/ HTTP/1.1" 302 0
"GET /login/ HTTP/1.1" 200 5832
"POST /login/ HTTP/1.1" 302 0
"GET / HTTP/1.1" 302 0
"GET /student/dashboard/ HTTP/1.1" 200 10027
"GET /student/profile/ HTTP/1.1" 200 7894
"GET /api/student/attendance/mark/ HTTP/1.1" 200 32691
"GET /logout/ HTTP/1.1" 302 0
"GET /login/ HTTP/1.1" 200 5832
"POST /login/ HTTP/1.1" 302 0
"GET / HTTP/1.1" 302 0
"GET /admin/dashboard/ HTTP/1.1" 200 7572
"GET /api/admin/companies/ HTTP/1.1" 200 12222
"GET /student/dashboard/ HTTP/1.1" 302 0
"GET / HTTP/1.1" 302 0
"GET /admin/dashboard/ HTTP/1.1" 200 7572
"GET /api/admin/companies/ HTTP/1.1" 200 12222
"GET /logout/ HTTP/1.1" 302 0
"GET /login/ HTTP/1.1" 200 5832
"POST /login/ HTTP/1.1" 302 0
"GET / HTTP/1.1" 302 0
"GET /student/dashboard/ HTTP/1.1" 200 10027
C:\Users\varap\Desktop\project-web app\attendance\views.py changed, reloading.
Watching for file changes with StatReloader
"GET /student/dashboard/ HTTP/1.1" 200 10027
"GET /student/dashboard/ HTTP/1.1" 200 10027
"GET /student/dashboard/ HTTP/1.1" 200 10027
"GET /student/dashboard/ HTTP/1.1" 200 10027
"GET /student/dashboard/ HTTP/1.1" 200 10027
"GET /student/dashboard/ HTTP/1.1" 200 10027
"GET /student/dashboard/ HTTP/1.1" 200 10027
"GET /student/dashboard/ HTTP/1.1" 200 10027
"GET /student/dashboard/ HTTP/1.1" 200 10027
C:\Users\varap\Desktop\project-web app\attendance\views.py changed, reloading.
Watching for file changes with StatReloader
C:\Users\varap\Desktop\project-web app\attendance\views.py changed, reloading.
Watching for file changes with StatReloader
"GET / HTTP/1.1" 302 0
"GET /student/dashboard/ HTTP/1.1" 200 10027
"GET /student/profile/ HTTP/1.1" 200 7894
"GET /api/student/attendance/mark/ HTTP/1.1" 200 32691
"POST /api/student/attendance/mark/ HTTP/1.1" 302 0
"GET /student/dashboard/ HTTP/1.1" 200 12200
"GET /student/dashboard/ HTTP/1.1" 200 11801
"GET /api/student/attendance/mark/ HTTP/1.1" 200 32691
"POST /api/student/attendance/mark/ HTTP/1.1" 200 33055
"GET /student/dashboard/ HTTP/1.1" 200 11801
"GET /logout/ HTTP/1.1" 302 0
"GET /login/ HTTP/1.1" 200 5832
"POST /login/ HTTP/1.1" 302 0
"GET / HTTP/1.1" 302 0
"GET /student/dashboard/ HTTP/1.1" 200 11782
"GET /student/profile/ HTTP/1.1" 200 10036
"GET /api/student/attendance/mark/ HTTP/1.1" 200 32689
"POST /api/student/attendance/mark/ HTTP/1.1" 302 0
"GET /student/dashboard/ HTTP/1.1" 200 12174
"GET /student/dashboard/ HTTP/1.1" 200 11782
"GET /logout/ HTTP/1.1" 302 0
"GET /login/ HTTP/1.1" 200 5832
"POST /login/ HTTP/1.1" 302 0
"GET / HTTP/1.1" 302 0
"GET /student/dashboard/ HTTP/1.1" 200 11801
"GET /student/profile/ HTTP/1.1" 200 10039
"GET /student/onboarding/ HTTP/1.1" 200 6510
"POST /student/onboarding/ HTTP/1.1" 302 0
"GET /login/ HTTP/1.1" 200 6267
"POST /login/ HTTP/1.1" 302 0
"GET / HTTP/1.1" 302 0
"GET /student/dashboard/ HTTP/1.1" 200 11801
"GET /student/profile/ HTTP/1.1" 200 10039
"GET /api/student/attendance/mark/ HTTP/1.1" 200 32691
"POST /api/student/attendance/mark/ HTTP/1.1" 200 33055
"GET /student/dashboard/ HTTP/1.1" 200 11801
"GET /api/student/attendance/mark/ HTTP/1.1" 200 32691
"POST /api/student/attendance/mark/ HTTP/1.1" 200 33055
"GET /student/dashboard/ HTTP/1.1" 200 11801
"GET /api/student/attendance/mark/ HTTP/1.1" 200 32691
"POST /api/student/attendance/mark/ HTTP/1.1" 200 33055
"GET /student/dashboard/ HTTP/1.1" 200 11801
C:\Users\varap\Desktop\project-web app\users\views.py changed, reloading.
Watching for file changes with StatReloader
C:\Users\varap\Desktop\project-web app\users\views.py changed, reloading.
Watching for file changes with StatReloader
C:\Users\varap\Desktop\project-web app\users\views.py changed, reloading.
Watching for file changes with StatReloader
C:\Users\varap\Desktop\project-web app\users\views.py changed, reloading.
Watching for file changes with StatReloader
"GET /student/dashboard/ HTTP/1.1" 200 11801
"GET /student/dashboard/ HTTP/1.1" 200 11801
"GET /student/dashboard/ HTTP/1.1" 200 11801
"GET /student/dashboard/ HTTP/1.1" 200 11801
"GET /student/dashboard/ HTTP/1.1" 200 11801
"GET /student/dashboard/ HTTP/1.1" 200 11801
"GET /student/profile/ HTTP/1.1" 200 10039
"GET /api/student/attendance/mark/ HTTP/1.1" 200 32691
"GET /student/contact/ HTTP/1.1" 200 7724
"GET /api/student/attendance/mark/ HTTP/1.1" 200 32691
"POST /api/student/attendance/mark/ HTTP/1.1" 200 33055
"GET /student/dashboard/ HTTP/1.1" 200 11801
C:\Users\varap\Desktop\project-web app\users\views.py changed, reloading.
Watching for file changes with StatReloader
C:\Users\varap\Desktop\project-web app\users\views.py changed, reloading.
Watching for file changes with StatReloader
Watching for file changes with StatReloader
"GET / HTTP/1.1" 302 0
"GET /student/dashboard/ HTTP/1.1" 200 11801
"GET /student/dashboard/ HTTP/1.1" 200 11801
Not Found: /favicon.ico
"GET /favicon.ico HTTP/1.1" 404 5158
"GET /student/profile/ HTTP/1.1" 200 10039
"GET /api/student/attendance/mark/ HTTP/1.1" 200 32691
"POST /api/student/attendance/mark/ HTTP/1.1" 200 33055
"GET /student/dashboard/ HTTP/1.1" 200 11801
"GET /api/student/attendance/mark/ HTTP/1.1" 200 32691
"POST /api/student/attendance/mark/ HTTP/1.1" 200 33055
"GET /student/dashboard/ HTTP/1.1" 200 11801
"GET /api/student/attendance/mark/ HTTP/1.1" 200 32691
"POST /api/student/attendance/mark/ HTTP/1.1" 200 33055
"GET /student/dashboard/ HTTP/1.1" 200 11801
C:\Users\varap\Desktop\project-web app\users\views.py changed, reloading.
Watching for file changes with StatReloader
C:\Users\varap\Desktop\project-web app\attendance\views.py changed, reloading.
Watching for file changes with StatReloader
C:\Users\varap\Desktop\project-web app\attendance\views.py changed, reloading.
Watching for file changes with StatReloader
"GET /api/student/attendance/mark/ HTTP/1.1" 200 32691
C:\Users\varap\Desktop\project-web app\users\views.py changed, reloading.
Watching for file changes with StatReloader
C:\Users\varap\Desktop\project-web app\users\views.py changed, reloading.
Watching for file changes with StatReloader
"GET / HTTP/1.1" 302 0
"GET /student/dashboard/ HTTP/1.1" 200 11801
"GET /api/student/attendance/mark/ HTTP/1.1" 200 32691
"POST /api/student/attendance/mark/ HTTP/1.1" 200 33055
"GET /student/dashboard/ HTTP/1.1" 200 11801
"GET /logout/ HTTP/1.1" 302 0
"GET /login/ HTTP/1.1" 200 5832
Watching for file changes with StatReloader
"GET / HTTP/1.1" 302 0
"GET /login/ HTTP/1.1" 200 5832
Not Found: /favicon.ico
"GET /favicon.ico HTTP/1.1" 404 5158
"GET /login/ HTTP/1.1" 200 5832
"POST /login/ HTTP/1.1" 302 0
"GET / HTTP/1.1" 302 0
"GET /student/dashboard/ HTTP/1.1" 200 11801
"GET /student/profile/ HTTP/1.1" 200 10039
"GET /api/student/attendance/mark/ HTTP/1.1" 200 32691
"POST /api/student/attendance/mark/ HTTP/1.1" 200 33055
"GET /student/dashboard/ HTTP/1.1" 200 11801
C:\Users\varap\Desktop\project-web app\attendance\views.py changed, reloading.
Watching for file changes with StatReloader
C:\Users\varap\Desktop\project-web app\attendance\views.py changed, reloading.
Watching for file changes with StatReloader
C:\Users\varap\Desktop\project-web app\attendance\views.py changed, reloading.
Watching for file changes with StatReloader
"GET / HTTP/1.1" 302 0
"GET /student/dashboard/ HTTP/1.1" 200 11801
"GET /student/profile/ HTTP/1.1" 200 10039
"GET /api/student/attendance/mark/ HTTP/1.1" 200 32691
"POST /api/student/attendance/mark/ HTTP/1.1" 302 0
"GET /student/dashboard/ HTTP/1.1" 200 12179
"GET /student/dashboard/ HTTP/1.1" 200 11788
C:\Users\varap\Desktop\project-web app\attendance_system\settings.py changed, reloading.
Watching for file changes with StatReloader
C:\Users\varap\Desktop\project-web app\attendance_system\settings.py changed, reloading.
Watching for file changes with StatReloader
"GET /student/dashboard/ HTTP/1.1" 200 11788
"GET /student/dashboard/ HTTP/1.1" 200 11788
"GET /student/dashboard/ HTTP/1.1" 200 11788
"GET /api/student/attendance/mark/ HTTP/1.1" 200 32691
"POST /api/student/attendance/mark/ HTTP/1.1" 302 0
"GET /student/dashboard/ HTTP/1.1" 200 12180
"GET /student/dashboard/ HTTP/1.1" 200 11788
"GET /api/student/attendance/mark/ HTTP/1.1" 200 32691
"GET /logout/ HTTP/1.1" 302 0
"GET /login/ HTTP/1.1" 200 5832
"POST /login/ HTTP/1.1" 302 0
"GET / HTTP/1.1" 302 0
"GET /admin/dashboard/ HTTP/1.1" 200 7572
"GET /api/admin/analytics/ HTTP/1.1" 200 11124
C:\Users\varap\Desktop\project-web app\attendance\views.py changed, reloading.
Watching for file changes with StatReloader
C:\Users\varap\Desktop\project-web app\attendance\views.py changed, reloading.
Watching for file changes with StatReloader
C:\Users\varap\Desktop\project-web app\attendance\views.py changed, reloading.
Watching for file changes with StatReloader
"GET /api/admin/analytics/?from_date=2025-10-28&to_date=2025-10-28&company= HTTP/1.1" 200 11124
"GET / HTTP/1.1" 302 0
"GET /admin/dashboard/ HTTP/1.1" 200 7572
"GET /api/admin/students/upload/ HTTP/1.1" 200 6590
"GET /api/admin/companies/ HTTP/1.1" 200 12222
"GET /api/admin/students/manage/ HTTP/1.1" 200 51775
"GET /api/admin/analytics/ HTTP/1.1" 200 11124
"GET /api/admin/analytics/?from_date=2025-09-28&to_date=2025-10-28&company=RJM HTTP/1.1" 200 11132
"GET /api/admin/analytics/?from_date=2025-09-28&to_date=2025-10-28&company=Top+Notch HTTP/1.1" 200 9069
"GET /api/admin/analytics/?from_date=2025-09-28&to_date=2025-10-28&company=HashTek HTTP/1.1" 200 9069
"GET /api/admin/analytics/?from_date=2025-09-28&to_date=2025-10-28&company=GMRIT HTTP/1.1" 200 9069
"GET /api/admin/analytics/?from_date=2025-09-28&to_date=2025-10-28&company=RJM HTTP/1.1" 200 11132
"GET /logout/ HTTP/1.1" 302 0
"GET /login/ HTTP/1.1" 200 5832
"POST /login/ HTTP/1.1" 302 0
"GET / HTTP/1.1" 302 0
"GET /student/dashboard/ HTTP/1.1" 200 11788
"GET /student/profile/ HTTP/1.1" 200 10040
"GET /api/student/attendance/mark/ HTTP/1.1" 200 32691
"GET /api/student/attendance/mark/ HTTP/1.1" 200 32691
"POST /api/student/attendance/mark/ HTTP/1.1" 200 33055
"GET /student/dashboard/ HTTP/1.1" 200 11788
"GET /student/profile/ HTTP/1.1" 200 10040
"GET /api/student/attendance/mark/ HTTP/1.1" 200 32691
"POST /api/student/attendance/mark/ HTTP/1.1" 200 33055
"GET /student/dashboard/ HTTP/1.1" 200 11788
C:\Users\varap\Desktop\project-web app\attendance\views.py changed, reloading.
Watching for file changes with StatReloader
C:\Users\varap\Desktop\project-web app\attendance\views.py changed, reloading.
Watching for file changes with StatReloader
"GET / HTTP/1.1" 302 0
"GET /student/dashboard/ HTTP/1.1" 200 11788
"GET /api/student/attendance/mark/ HTTP/1.1" 200 32691
"POST /api/student/attendance/mark/ HTTP/1.1" 200 33056
"GET /student/dashboard/ HTTP/1.1" 200 11788
"GET /api/student/attendance/mark/ HTTP/1.1" 200 32691
"POST /api/student/attendance/mark/ HTTP/1.1" 200 33056
"GET /student/dashboard/ HTTP/1.1" 200 11788
"GET /logout/ HTTP/1.1" 302 0
"GET /login/ HTTP/1.1" 200 5832
"POST /login/ HTTP/1.1" 302 0
"GET / HTTP/1.1" 302 0
"GET /student/dashboard/ HTTP/1.1" 200 10039
"GET /student/profile/ HTTP/1.1" 200 7906
"GET /logout/ HTTP/1.1" 302 0
"GET /login/ HTTP/1.1" 200 5832
"POST /login/ HTTP/1.1" 302 0
"GET / HTTP/1.1" 302 0
"GET /admin/dashboard/ HTTP/1.1" 200 7572
"GET /api/admin/students/manage/ HTTP/1.1" 200 51775
"POST /api/admin/students/manage/ HTTP/1.1" 200 52157
"GET /api/admin/companies/ HTTP/1.1" 200 12222
"GET /api/admin/students/upload/ HTTP/1.1" 200 6590
"POST /api/admin/students/upload/ HTTP/1.1" 200 6964
"GET /logout/ HTTP/1.1" 302 0
"GET /login/ HTTP/1.1" 200 5832
"POST /login/ HTTP/1.1" 302 0
"GET /student/onboarding/ HTTP/1.1" 200 6513
"POST /student/onboarding/ HTTP/1.1" 302 0
"GET /login/ HTTP/1.1" 200 6267
"POST /login/ HTTP/1.1" 302 0
"GET / HTTP/1.1" 302 0
"GET /student/dashboard/ HTTP/1.1" 200 10033
"GET /student/profile/ HTTP/1.1" 200 7900
"GET /student/dashboard/ HTTP/1.1" 200 10033
"GET /api/student/attendance/mark/ HTTP/1.1" 200 32694
"POST /api/student/attendance/mark/ HTTP/1.1" 302 0
"GET /student/dashboard/ HTTP/1.1" 200 12201
"GET /student/dashboard/ HTTP/1.1" 200 11797
"GET /api/student/attendance/mark/ HTTP/1.1" 200 32694
"POST /api/student/attendance/mark/ HTTP/1.1" 200 33115
"GET /student/dashboard/ HTTP/1.1" 200 11797
"GET /logout/ HTTP/1.1" 302 0
"GET /login/ HTTP/1.1" 200 5832
"POST /login/ HTTP/1.1" 302 0
"GET / HTTP/1.1" 302 0
"GET /admin/dashboard/ HTTP/1.1" 200 7572
"GET /api/admin/companies/ HTTP/1.1" 200 12222
"GET /api/admin/analytics/ HTTP/1.1" 200 11739
C:\Users\varap\Desktop\project-web app\attendance\models.py changed, reloading.
Watching for file changes with StatReloader
C:\Users\varap\Desktop\project-web app\attendance\models.py changed, reloading.
Watching for file changes with StatReloader
"GET / HTTP/1.1" 302 0
"GET /admin/dashboard/ HTTP/1.1" 200 7572
"GET /api/admin/students/upload/ HTTP/1.1" 200 6590
"POST /api/admin/students/upload/ HTTP/1.1" 200 6964
"GET /logout/ HTTP/1.1" 302 0
"GET /login/ HTTP/1.1" 200 5832
"POST /login/ HTTP/1.1" 302 0
"GET /student/onboarding/ HTTP/1.1" 200 6504
"POST /student/onboarding/ HTTP/1.1" 302 0
"GET /login/ HTTP/1.1" 200 6267
"POST /login/ HTTP/1.1" 302 0
"GET / HTTP/1.1" 302 0
Internal Server Error: /student/dashboard/
Traceback (most recent call last):
  File "C:\Users\varap\AppData\Local\Programs\Python\Python310\lib\site-packages\django\template\base.py", line 505, in parse
    compile_func = self.tags[command]
KeyError: 'endblock'

During handling of the above exception, another exception occurred:

Traceback (most recent call last):
  File "C:\Users\varap\AppData\Local\Programs\Python\Python310\lib\site-packages\django\core\handlers\exception.py", line 55, in inner
    response = get_response(request)
  File "C:\Users\varap\AppData\Local\Programs\Python\Python310\lib\site-packages\django\core\handlers\base.py", line 197, in _get_response
    response = wrapped_callback(request, *callback_args, **callback_kwargs)
  File "C:\Users\varap\AppData\Local\Programs\Python\Python310\lib\site-packages\django\contrib\auth\decorators.py", line 23, in _wrapper_view
    return view_func(request, *args, **kwargs)
  File "C:\Users\varap\Desktop\project-web app\users\views.py", line 160, in student_dashboard
    return render(request, 'student/dashboard.html', context)
  File "C:\Users\varap\AppData\Local\Programs\Python\Python310\lib\site-packages\django\shortcuts.py", line 24, in render
    content = loader.render_to_string(template_name, context, request, using=using)
  File "C:\Users\varap\AppData\Local\Programs\Python\Python310\lib\site-packages\django\template\loader.py", line 61, in render_to_string
    template = get_template(template_name, using=using)
  File "C:\Users\varap\AppData\Local\Programs\Python\Python310\lib\site-packages\django\template\loader.py", line 15, in get_template
    return engine.get_template(template_name)
  File "C:\Users\varap\AppData\Local\Programs\Python\Python310\lib\site-packages\django\template\backends\django.py", line 33, in get_template
    return Template(self.engine.get_template(template_name), self)
  File "C:\Users\varap\AppData\Local\Programs\Python\Python310\lib\site-packages\django\template\engine.py", line 175, in get_template
    template, origin = self.find_template(template_name)
  File "C:\Users\varap\AppData\Local\Programs\Python\Python310\lib\site-packages\django\template\engine.py", line 157, in find_template
    template = loader.get_template(name, skip=skip)
  File "C:\Users\varap\AppData\Local\Programs\Python\Python310\lib\site-packages\django\template\loaders\cached.py", line 57, in get_template
    template = super().get_template(template_name, skip)
  File "C:\Users\varap\AppData\Local\Programs\Python\Python310\lib\site-packages\django\template\loaders\base.py", line 28, in get_template
    return Template(
  File "C:\Users\varap\AppData\Local\Programs\Python\Python310\lib\site-packages\django\template\base.py", line 154, in __init__
    self.nodelist = self.compile_nodelist()
  File "C:\Users\varap\AppData\Local\Programs\Python\Python310\lib\site-packages\django\template\base.py", line 200, in compile_nodelist
    return parser.parse()
  File "C:\Users\varap\AppData\Local\Programs\Python\Python310\lib\site-packages\django\template\base.py", line 513, in parse
    raise self.error(token, e)
  File "C:\Users\varap\AppData\Local\Programs\Python\Python310\lib\site-packages\django\template\base.py", line 511, in parse
    compiled_result = compile_func(self, token)
  File "C:\Users\varap\AppData\Local\Programs\Python\Python310\lib\site-packages\django\template\loader_tags.py", line 293, in do_extends
    nodelist = parser.parse()
  File "C:\Users\varap\AppData\Local\Programs\Python\Python310\lib\site-packages\django\template\base.py", line 507, in parse
    self.invalid_block_tag(token, command, parse_until)
  File "C:\Users\varap\AppData\Local\Programs\Python\Python310\lib\site-packages\django\template\base.py", line 568, in invalid_block_tag
    raise self.error(
django.template.exceptions.TemplateSyntaxError: Invalid block tag on line 285: 'endblock'. Did you forget to register or load this tag?
"GET /student/dashboard/ HTTP/1.1" 500 178182
"GET /login/ HTTP/1.1" 200 7911
"POST /login/ HTTP/1.1" 302 0
"GET / HTTP/1.1" 302 0
Internal Server Error: /student/dashboard/
Traceback (most recent call last):
  File "C:\Users\varap\AppData\Local\Programs\Python\Python310\lib\site-packages\django\template\base.py", line 505, in parse
    compile_func = self.tags[command]
KeyError: 'endblock'

During handling of the above exception, another exception occurred:

Traceback (most recent call last):
  File "C:\Users\varap\AppData\Local\Programs\Python\Python310\lib\site-packages\django\core\handlers\exception.py", line 55, in inner
    response = get_response(request)
  File "C:\Users\varap\AppData\Local\Programs\Python\Python310\lib\site-packages\django\core\handlers\base.py", line 197, in _get_response
    response = wrapped_callback(request, *callback_args, **callback_kwargs)
  File "C:\Users\varap\AppData\Local\Programs\Python\Python310\lib\site-packages\django\contrib\auth\decorators.py", line 23, in _wrapper_view
    return view_func(request, *args, **kwargs)
  File "C:\Users\varap\Desktop\project-web app\users\views.py", line 160, in student_dashboard
    return render(request, 'student/dashboard.html', context)
  File "C:\Users\varap\AppData\Local\Programs\Python\Python310\lib\site-packages\django\shortcuts.py", line 24, in render
    content = loader.render_to_string(template_name, context, request, using=using)
  File "C:\Users\varap\AppData\Local\Programs\Python\Python310\lib\site-packages\django\template\loader.py", line 61, in render_to_string
    template = get_template(template_name, using=using)
  File "C:\Users\varap\AppData\Local\Programs\Python\Python310\lib\site-packages\django\template\loader.py", line 15, in get_template
    return engine.get_template(template_name)
  File "C:\Users\varap\AppData\Local\Programs\Python\Python310\lib\site-packages\django\template\backends\django.py", line 33, in get_template
    return Template(self.engine.get_template(template_name), self)
  File "C:\Users\varap\AppData\Local\Programs\Python\Python310\lib\site-packages\django\template\engine.py", line 175, in get_template
    template, origin = self.find_template(template_name)
  File "C:\Users\varap\AppData\Local\Programs\Python\Python310\lib\site-packages\django\template\engine.py", line 157, in find_template
    template = loader.get_template(name, skip=skip)
  File "C:\Users\varap\AppData\Local\Programs\Python\Python310\lib\site-packages\django\template\loaders\cached.py", line 57, in get_template
    template = super().get_template(template_name, skip)
  File "C:\Users\varap\AppData\Local\Programs\Python\Python310\lib\site-packages\django\template\loaders\base.py", line 28, in get_template
    return Template(
  File "C:\Users\varap\AppData\Local\Programs\Python\Python310\lib\site-packages\django\template\base.py", line 154, in __init__
    self.nodelist = self.compile_nodelist()
  File "C:\Users\varap\AppData\Local\Programs\Python\Python310\lib\site-packages\django\template\base.py", line 200, in compile_nodelist
    return parser.parse()
  File "C:\Users\varap\AppData\Local\Programs\Python\Python310\lib\site-packages\django\template\base.py", line 513, in parse
    raise self.error(token, e)
  File "C:\Users\varap\AppData\Local\Programs\Python\Python310\lib\site-packages\django\template\base.py", line 511, in parse
    compiled_result = compile_func(self, token)
  File "C:\Users\varap\AppData\Local\Programs\Python\Python310\lib\site-packages\django\template\loader_tags.py", line 293, in do_extends
    nodelist = parser.parse()
  File "C:\Users\varap\AppData\Local\Programs\Python\Python310\lib\site-packages\django\template\base.py", line 507, in parse
    self.invalid_block_tag(token, command, parse_until)
  File "C:\Users\varap\AppData\Local\Programs\Python\Python310\lib\site-packages\django\template\base.py", line 568, in invalid_block_tag
    raise self.error(
django.template.exceptions.TemplateSyntaxError: Invalid block tag on line 285: 'endblock'. Did you forget to register or load this tag?
"GET /student/dashboard/ HTTP/1.1" 500 178182
"GET /login/ HTTP/1.1" 200 7911
"POST /login/ HTTP/1.1" 302 0
"GET / HTTP/1.1" 302 0
Internal Server Error: /student/dashboard/
Traceback (most recent call last):
  File "C:\Users\varap\AppData\Local\Programs\Python\Python310\lib\site-packages\django\template\base.py", line 505, in parse
    compile_func = self.tags[command]
KeyError: 'endblock'

During handling of the above exception, another exception occurred:

Traceback (most recent call last):
  File "C:\Users\varap\AppData\Local\Programs\Python\Python310\lib\site-packages\django\core\handlers\exception.py", line 55, in inner
    response = get_response(request)
  File "C:\Users\varap\AppData\Local\Programs\Python\Python310\lib\site-packages\django\core\handlers\base.py", line 197, in _get_response
    response = wrapped_callback(request, *callback_args, **callback_kwargs)
  File "C:\Users\varap\AppData\Local\Programs\Python\Python310\lib\site-packages\django\contrib\auth\decorators.py", line 23, in _wrapper_view
    return view_func(request, *args, **kwargs)
  File "C:\Users\varap\Desktop\project-web app\users\views.py", line 160, in student_dashboard
    return render(request, 'student/dashboard.html', context)
  File "C:\Users\varap\AppData\Local\Programs\Python\Python310\lib\site-packages\django\shortcuts.py", line 24, in render
    content = loader.render_to_string(template_name, context, request, using=using)
  File "C:\Users\varap\AppData\Local\Programs\Python\Python310\lib\site-packages\django\template\loader.py", line 61, in render_to_string
    template = get_template(template_name, using=using)
  File "C:\Users\varap\AppData\Local\Programs\Python\Python310\lib\site-packages\django\template\loader.py", line 15, in get_template
    return engine.get_template(template_name)
  File "C:\Users\varap\AppData\Local\Programs\Python\Python310\lib\site-packages\django\template\backends\django.py", line 33, in get_template
    return Template(self.engine.get_template(template_name), self)
  File "C:\Users\varap\AppData\Local\Programs\Python\Python310\lib\site-packages\django\template\engine.py", line 175, in get_template
    template, origin = self.find_template(template_name)
  File "C:\Users\varap\AppData\Local\Programs\Python\Python310\lib\site-packages\django\template\engine.py", line 157, in find_template
    template = loader.get_template(name, skip=skip)
  File "C:\Users\varap\AppData\Local\Programs\Python\Python310\lib\site-packages\django\template\loaders\cached.py", line 57, in get_template
    template = super().get_template(template_name, skip)
  File "C:\Users\varap\AppData\Local\Programs\Python\Python310\lib\site-packages\django\template\loaders\base.py", line 28, in get_template
    return Template(
  File "C:\Users\varap\AppData\Local\Programs\Python\Python310\lib\site-packages\django\template\base.py", line 154, in __init__
    self.nodelist = self.compile_nodelist()
  File "C:\Users\varap\AppData\Local\Programs\Python\Python310\lib\site-packages\django\template\base.py", line 200, in compile_nodelist
    return parser.parse()
  File "C:\Users\varap\AppData\Local\Programs\Python\Python310\lib\site-packages\django\template\base.py", line 513, in parse
    raise self.error(token, e)
  File "C:\Users\varap\AppData\Local\Programs\Python\Python310\lib\site-packages\django\template\base.py", line 511, in parse
    compiled_result = compile_func(self, token)
  File "C:\Users\varap\AppData\Local\Programs\Python\Python310\lib\site-packages\django\template\loader_tags.py", line 293, in do_extends
    nodelist = parser.parse()
  File "C:\Users\varap\AppData\Local\Programs\Python\Python310\lib\site-packages\django\template\base.py", line 507, in parse
    self.invalid_block_tag(token, command, parse_until)
  File "C:\Users\varap\AppData\Local\Programs\Python\Python310\lib\site-packages\django\template\base.py", line 568, in invalid_block_tag
    raise self.error(
django.template.exceptions.TemplateSyntaxError: Invalid block tag on line 285: 'endblock'. Did you forget to register or load this tag?
"GET /student/dashboard/ HTTP/1.1" 500 179034
"GET /login/ HTTP/1.1" 200 7917
"POST /login/ HTTP/1.1" 302 0
"GET / HTTP/1.1" 302 0
Internal Server Error: /student/dashboard/
Traceback (most recent call last):
  File "C:\Users\varap\AppData\Local\Programs\Python\Python310\lib\site-packages\django\template\base.py", line 505, in parse
    compile_func = self.tags[command]
KeyError: 'endblock'

During handling of the above exception, another exception occurred:

Traceback (most recent call last):
  File "C:\Users\varap\AppData\Local\Programs\Python\Python310\lib\site-packages\django\core\handlers\exception.py", line 55, in inner
    response = get_response(request)
  File "C:\Users\varap\AppData\Local\Programs\Python\Python310\lib\site-packages\django\core\handlers\base.py", line 197, in _get_response
    response = wrapped_callback(request, *callback_args, **callback_kwargs)
  File "C:\Users\varap\AppData\Local\Programs\Python\Python310\lib\site-packages\django\contrib\auth\decorators.py", line 23, in _wrapper_view
    return view_func(request, *args, **kwargs)
  File "C:\Users\varap\Desktop\project-web app\users\views.py", line 160, in student_dashboard
    return render(request, 'student/dashboard.html', context)
  File "C:\Users\varap\AppData\Local\Programs\Python\Python310\lib\site-packages\django\shortcuts.py", line 24, in render
    content = loader.render_to_string(template_name, context, request, using=using)
  File "C:\Users\varap\AppData\Local\Programs\Python\Python310\lib\site-packages\django\template\loader.py", line 61, in render_to_string
    template = get_template(template_name, using=using)
  File "C:\Users\varap\AppData\Local\Programs\Python\Python310\lib\site-packages\django\template\loader.py", line 15, in get_template
    return engine.get_template(template_name)
  File "C:\Users\varap\AppData\Local\Programs\Python\Python310\lib\site-packages\django\template\backends\django.py", line 33, in get_template
    return Template(self.engine.get_template(template_name), self)
  File "C:\Users\varap\AppData\Local\Programs\Python\Python310\lib\site-packages\django\template\engine.py", line 175, in get_template
    template, origin = self.find_template(template_name)
  File "C:\Users\varap\AppData\Local\Programs\Python\Python310\lib\site-packages\django\template\engine.py", line 157, in find_template
    template = loader.get_template(name, skip=skip)
  File "C:\Users\varap\AppData\Local\Programs\Python\Python310\lib\site-packages\django\template\loaders\cached.py", line 57, in get_template
    template = super().get_template(template_name, skip)
  File "C:\Users\varap\AppData\Local\Programs\Python\Python310\lib\site-packages\django\template\loaders\base.py", line 28, in get_template
    return Template(
  File "C:\Users\varap\AppData\Local\Programs\Python\Python310\lib\site-packages\django\template\base.py", line 154, in __init__
    self.nodelist = self.compile_nodelist()
  File "C:\Users\varap\AppData\Local\Programs\Python\Python310\lib\site-packages\django\template\base.py", line 200, in compile_nodelist
    return parser.parse()
  File "C:\Users\varap\AppData\Local\Programs\Python\Python310\lib\site-packages\django\template\base.py", line 513, in parse
    raise self.error(token, e)
  File "C:\Users\varap\AppData\Local\Programs\Python\Python310\lib\site-packages\django\template\base.py", line 511, in parse
    compiled_result = compile_func(self, token)
  File "C:\Users\varap\AppData\Local\Programs\Python\Python310\lib\site-packages\django\template\loader_tags.py", line 293, in do_extends
    nodelist = parser.parse()
  File "C:\Users\varap\AppData\Local\Programs\Python\Python310\lib\site-packages\django\template\base.py", line 507, in parse
    self.invalid_block_tag(token, command, parse_until)
  File "C:\Users\varap\AppData\Local\Programs\Python\Python310\lib\site-packages\django\template\base.py", line 568, in invalid_block_tag
    raise self.error(
django.template.exceptions.TemplateSyntaxError: Invalid block tag on line 285: 'endblock'. Did you forget to register or load this tag?
"GET /student/dashboard/ HTTP/1.1" 500 178182
C:\Users\varap\Desktop\project-web app\attendance\models.py changed, reloading.
Watching for file changes with StatReloader
"GET /student/dashboard/ HTTP/1.1" 200 10015
"GET /student/profile/ HTTP/1.1" 200 7882
"GET /student/profile/ HTTP/1.1" 200 7882
"GET /student/contact/ HTTP/1.1" 200 7718
"GET /api/student/attendance/mark/ HTTP/1.1" 200 32685
"GET /student/dashboard/ HTTP/1.1" 200 10015
C:\Users\varap\Desktop\project-web app\attendance\models.py changed, reloading.
Watching for file changes with StatReloader
C:\Users\varap\Desktop\project-web app\attendance\models.py changed, reloading.
Watching for file changes with StatReloader
"GET / HTTP/1.1" 302 0
Internal Server Error: /student/dashboard/
Traceback (most recent call last):
  File "C:\Users\varap\AppData\Local\Programs\Python\Python310\lib\site-packages\django\template\base.py", line 505, in parse
    compile_func = self.tags[command]
KeyError: 'endblock'

During handling of the above exception, another exception occurred:

Traceback (most recent call last):
  File "C:\Users\varap\AppData\Local\Programs\Python\Python310\lib\site-packages\django\core\handlers\exception.py", line 55, in inner
    response = get_response(request)
  File "C:\Users\varap\AppData\Local\Programs\Python\Python310\lib\site-packages\django\core\handlers\base.py", line 197, in _get_response
    response = wrapped_callback(request, *callback_args, **callback_kwargs)
  File "C:\Users\varap\AppData\Local\Programs\Python\Python310\lib\site-packages\django\contrib\auth\decorators.py", line 23, in _wrapper_view
    return view_func(request, *args, **kwargs)
  File "C:\Users\varap\Desktop\project-web app\users\views.py", line 160, in student_dashboard
    return render(request, 'student/dashboard.html', context)
  File "C:\Users\varap\AppData\Local\Programs\Python\Python310\lib\site-packages\django\shortcuts.py", line 24, in render
    content = loader.render_to_string(template_name, context, request, using=using)
  File "C:\Users\varap\AppData\Local\Programs\Python\Python310\lib\site-packages\django\template\loader.py", line 61, in render_to_string
    template = get_template(template_name, using=using)
  File "C:\Users\varap\AppData\Local\Programs\Python\Python310\lib\site-packages\django\template\loader.py", line 15, in get_template
    return engine.get_template(template_name)
  File "C:\Users\varap\AppData\Local\Programs\Python\Python310\lib\site-packages\django\template\backends\django.py", line 33, in get_template
    return Template(self.engine.get_template(template_name), self)
  File "C:\Users\varap\AppData\Local\Programs\Python\Python310\lib\site-packages\django\template\engine.py", line 175, in get_template
    template, origin = self.find_template(template_name)
  File "C:\Users\varap\AppData\Local\Programs\Python\Python310\lib\site-packages\django\template\engine.py", line 157, in find_template
    template = loader.get_template(name, skip=skip)
  File "C:\Users\varap\AppData\Local\Programs\Python\Python310\lib\site-packages\django\template\loaders\cached.py", line 57, in get_template
    template = super().get_template(template_name, skip)
  File "C:\Users\varap\AppData\Local\Programs\Python\Python310\lib\site-packages\django\template\loaders\base.py", line 28, in get_template
    return Template(
  File "C:\Users\varap\AppData\Local\Programs\Python\Python310\lib\site-packages\django\template\base.py", line 154, in __init__
    self.nodelist = self.compile_nodelist()
  File "C:\Users\varap\AppData\Local\Programs\Python\Python310\lib\site-packages\django\template\base.py", line 200, in compile_nodelist
    return parser.parse()
  File "C:\Users\varap\AppData\Local\Programs\Python\Python310\lib\site-packages\django\template\base.py", line 513, in parse
    raise self.error(token, e)
  File "C:\Users\varap\AppData\Local\Programs\Python\Python310\lib\site-packages\django\template\base.py", line 511, in parse
    compiled_result = compile_func(self, token)
  File "C:\Users\varap\AppData\Local\Programs\Python\Python310\lib\site-packages\django\template\loader_tags.py", line 293, in do_extends
    nodelist = parser.parse()
  File "C:\Users\varap\AppData\Local\Programs\Python\Python310\lib\site-packages\django\template\base.py", line 507, in parse
    self.invalid_block_tag(token, command, parse_until)
  File "C:\Users\varap\AppData\Local\Programs\Python\Python310\lib\site-packages\django\template\base.py", line 568, in invalid_block_tag
    raise self.error(
django.template.exceptions.TemplateSyntaxError: Invalid block tag on line 287: 'endblock'. Did you forget to register or load this tag?
"GET /student/dashboard/ HTTP/1.1" 500 178007
Internal Server Error: /student/dashboard/
Traceback (most recent call last):
  File "C:\Users\varap\AppData\Local\Programs\Python\Python310\lib\site-packages\django\template\base.py", line 505, in parse
    compile_func = self.tags[command]
KeyError: 'endblock'

During handling of the above exception, another exception occurred:

Traceback (most recent call last):
  File "C:\Users\varap\AppData\Local\Programs\Python\Python310\lib\site-packages\django\core\handlers\exception.py", line 55, in inner
    response = get_response(request)
  File "C:\Users\varap\AppData\Local\Programs\Python\Python310\lib\site-packages\django\core\handlers\base.py", line 197, in _get_response
    response = wrapped_callback(request, *callback_args, **callback_kwargs)
  File "C:\Users\varap\AppData\Local\Programs\Python\Python310\lib\site-packages\django\contrib\auth\decorators.py", line 23, in _wrapper_view
    return view_func(request, *args, **kwargs)
  File "C:\Users\varap\Desktop\project-web app\users\views.py", line 160, in student_dashboard
    return render(request, 'student/dashboard.html', context)
  File "C:\Users\varap\AppData\Local\Programs\Python\Python310\lib\site-packages\django\shortcuts.py", line 24, in render
    content = loader.render_to_string(template_name, context, request, using=using)
  File "C:\Users\varap\AppData\Local\Programs\Python\Python310\lib\site-packages\django\template\loader.py", line 61, in render_to_string
    template = get_template(template_name, using=using)
  File "C:\Users\varap\AppData\Local\Programs\Python\Python310\lib\site-packages\django\template\loader.py", line 15, in get_template
    return engine.get_template(template_name)
  File "C:\Users\varap\AppData\Local\Programs\Python\Python310\lib\site-packages\django\template\backends\django.py", line 33, in get_template
    return Template(self.engine.get_template(template_name), self)
  File "C:\Users\varap\AppData\Local\Programs\Python\Python310\lib\site-packages\django\template\engine.py", line 175, in get_template
    template, origin = self.find_template(template_name)
  File "C:\Users\varap\AppData\Local\Programs\Python\Python310\lib\site-packages\django\template\engine.py", line 157, in find_template
    template = loader.get_template(name, skip=skip)
  File "C:\Users\varap\AppData\Local\Programs\Python\Python310\lib\site-packages\django\template\loaders\cached.py", line 57, in get_template
    template = super().get_template(template_name, skip)
  File "C:\Users\varap\AppData\Local\Programs\Python\Python310\lib\site-packages\django\template\loaders\base.py", line 28, in get_template
    return Template(
  File "C:\Users\varap\AppData\Local\Programs\Python\Python310\lib\site-packages\django\template\base.py", line 154, in __init__
    self.nodelist = self.compile_nodelist()
  File "C:\Users\varap\AppData\Local\Programs\Python\Python310\lib\site-packages\django\template\base.py", line 200, in compile_nodelist
    return parser.parse()
  File "C:\Users\varap\AppData\Local\Programs\Python\Python310\lib\site-packages\django\template\base.py", line 513, in parse
    raise self.error(token, e)
  File "C:\Users\varap\AppData\Local\Programs\Python\Python310\lib\site-packages\django\template\base.py", line 511, in parse
    compiled_result = compile_func(self, token)
  File "C:\Users\varap\AppData\Local\Programs\Python\Python310\lib\site-packages\django\template\loader_tags.py", line 293, in do_extends
    nodelist = parser.parse()
  File "C:\Users\varap\AppData\Local\Programs\Python\Python310\lib\site-packages\django\template\base.py", line 507, in parse
    self.invalid_block_tag(token, command, parse_until)
  File "C:\Users\varap\AppData\Local\Programs\Python\Python310\lib\site-packages\django\template\base.py", line 568, in invalid_block_tag
    raise self.error(
django.template.exceptions.TemplateSyntaxError: Invalid block tag on line 287: 'endblock'. Did you forget to register or load this tag?
"GET /student/dashboard/ HTTP/1.1" 500 178144
C:\Users\varap\Desktop\project-web app\attendance\models.py changed, reloading.
Watching for file changes with StatReloader
"GET /student/dashboard/ HTTP/1.1" 200 10015
C:\Users\varap\Desktop\project-web app\attendance\models.py changed, reloading.
Watching for file changes with StatReloader
C:\Users\varap\Desktop\project-web app\users\views.py changed, reloading.
Watching for file changes with StatReloader
C:\Users\varap\Desktop\project-web app\users\views.py changed, reloading.
Watching for file changes with StatReloader
C:\Users\varap\Desktop\project-web app\attendance\models.py changed, reloading.
Watching for file changes with StatReloader
C:\Users\varap\Desktop\project-web app\users\views.py changed, reloading.
Watching for file changes with StatReloader
"GET / HTTP/1.1" 302 0
Internal Server Error: /student/dashboard/
Traceback (most recent call last):
  File "C:\Users\varap\AppData\Local\Programs\Python\Python310\lib\site-packages\django\template\base.py", line 505, in parse
    compile_func = self.tags[command]
KeyError: 'endblock'

During handling of the above exception, another exception occurred:

Traceback (most recent call last):
  File "C:\Users\varap\AppData\Local\Programs\Python\Python310\lib\site-packages\django\core\handlers\exception.py", line 55, in inner
    response = get_response(request)
  File "C:\Users\varap\AppData\Local\Programs\Python\Python310\lib\site-packages\django\core\handlers\base.py", line 197, in _get_response
    response = wrapped_callback(request, *callback_args, **callback_kwargs)
  File "C:\Users\varap\AppData\Local\Programs\Python\Python310\lib\site-packages\django\contrib\auth\decorators.py", line 23, in _wrapper_view
    return view_func(request, *args, **kwargs)
  File "C:\Users\varap\Desktop\project-web app\users\views.py", line 149, in student_dashboard
    return render(request, 'student/dashboard.html', context)
  File "C:\Users\varap\AppData\Local\Programs\Python\Python310\lib\site-packages\django\shortcuts.py", line 24, in render
    content = loader.render_to_string(template_name, context, request, using=using)
  File "C:\Users\varap\AppData\Local\Programs\Python\Python310\lib\site-packages\django\template\loader.py", line 61, in render_to_string
    template = get_template(template_name, using=using)
  File "C:\Users\varap\AppData\Local\Programs\Python\Python310\lib\site-packages\django\template\loader.py", line 15, in get_template
    return engine.get_template(template_name)
  File "C:\Users\varap\AppData\Local\Programs\Python\Python310\lib\site-packages\django\template\backends\django.py", line 33, in get_template
    return Template(self.engine.get_template(template_name), self)
  File "C:\Users\varap\AppData\Local\Programs\Python\Python310\lib\site-packages\django\template\engine.py", line 175, in get_template
    template, origin = self.find_template(template_name)
  File "C:\Users\varap\AppData\Local\Programs\Python\Python310\lib\site-packages\django\template\engine.py", line 157, in find_template
    template = loader.get_template(name, skip=skip)
  File "C:\Users\varap\AppData\Local\Programs\Python\Python310\lib\site-packages\django\template\loaders\cached.py", line 57, in get_template
    template = super().get_template(template_name, skip)
  File "C:\Users\varap\AppData\Local\Programs\Python\Python310\lib\site-packages\django\template\loaders\base.py", line 28, in get_template
    return Template(
  File "C:\Users\varap\AppData\Local\Programs\Python\Python310\lib\site-packages\django\template\base.py", line 154, in __init__
    self.nodelist = self.compile_nodelist()
  File "C:\Users\varap\AppData\Local\Programs\Python\Python310\lib\site-packages\django\template\base.py", line 200, in compile_nodelist
    return parser.parse()
  File "C:\Users\varap\AppData\Local\Programs\Python\Python310\lib\site-packages\django\template\base.py", line 513, in parse
    raise self.error(token, e)
  File "C:\Users\varap\AppData\Local\Programs\Python\Python310\lib\site-packages\django\template\base.py", line 511, in parse
    compiled_result = compile_func(self, token)
  File "C:\Users\varap\AppData\Local\Programs\Python\Python310\lib\site-packages\django\template\loader_tags.py", line 293, in do_extends
    nodelist = parser.parse()
  File "C:\Users\varap\AppData\Local\Programs\Python\Python310\lib\site-packages\django\template\base.py", line 507, in parse
    self.invalid_block_tag(token, command, parse_until)
  File "C:\Users\varap\AppData\Local\Programs\Python\Python310\lib\site-packages\django\template\base.py", line 568, in invalid_block_tag
    raise self.error(
django.template.exceptions.TemplateSyntaxError: Invalid block tag on line 287: 'endblock'. Did you forget to register or load this tag?
"GET /student/dashboard/ HTTP/1.1" 500 178019
C:\Users\varap\Desktop\project-web app\users\views.py changed, reloading.
Watching for file changes with StatReloader
"GET / HTTP/1.1" 302 0
Internal Server Error: /student/dashboard/
Traceback (most recent call last):
  File "C:\Users\varap\AppData\Local\Programs\Python\Python310\lib\site-packages\django\template\base.py", line 505, in parse
    compile_func = self.tags[command]
KeyError: 'endblock'

During handling of the above exception, another exception occurred:

Traceback (most recent call last):
  File "C:\Users\varap\AppData\Local\Programs\Python\Python310\lib\site-packages\django\core\handlers\exception.py", line 55, in inner
    response = get_response(request)
  File "C:\Users\varap\AppData\Local\Programs\Python\Python310\lib\site-packages\django\core\handlers\base.py", line 197, in _get_response
    response = wrapped_callback(request, *callback_args, **callback_kwargs)
  File "C:\Users\varap\AppData\Local\Programs\Python\Python310\lib\site-packages\django\contrib\auth\decorators.py", line 23, in _wrapper_view
    return view_func(request, *args, **kwargs)
  File "C:\Users\varap\Desktop\project-web app\users\views.py", line 149, in student_dashboard
    return render(request, 'student/dashboard.html', context)
  File "C:\Users\varap\AppData\Local\Programs\Python\Python310\lib\site-packages\django\shortcuts.py", line 24, in render
    content = loader.render_to_string(template_name, context, request, using=using)
  File "C:\Users\varap\AppData\Local\Programs\Python\Python310\lib\site-packages\django\template\loader.py", line 61, in render_to_string
    template = get_template(template_name, using=using)
  File "C:\Users\varap\AppData\Local\Programs\Python\Python310\lib\site-packages\django\template\loader.py", line 15, in get_template
    return engine.get_template(template_name)
  File "C:\Users\varap\AppData\Local\Programs\Python\Python310\lib\site-packages\django\template\backends\django.py", line 33, in get_template
    return Template(self.engine.get_template(template_name), self)
  File "C:\Users\varap\AppData\Local\Programs\Python\Python310\lib\site-packages\django\template\engine.py", line 175, in get_template
    template, origin = self.find_template(template_name)
  File "C:\Users\varap\AppData\Local\Programs\Python\Python310\lib\site-packages\django\template\engine.py", line 157, in find_template
    template = loader.get_template(name, skip=skip)
  File "C:\Users\varap\AppData\Local\Programs\Python\Python310\lib\site-packages\django\template\loaders\cached.py", line 57, in get_template
    template = super().get_template(template_name, skip)
  File "C:\Users\varap\AppData\Local\Programs\Python\Python310\lib\site-packages\django\template\loaders\base.py", line 28, in get_template
    return Template(
  File "C:\Users\varap\AppData\Local\Programs\Python\Python310\lib\site-packages\django\template\base.py", line 154, in __init__
    self.nodelist = self.compile_nodelist()
  File "C:\Users\varap\AppData\Local\Programs\Python\Python310\lib\site-packages\django\template\base.py", line 200, in compile_nodelist
    return parser.parse()
  File "C:\Users\varap\AppData\Local\Programs\Python\Python310\lib\site-packages\django\template\base.py", line 513, in parse
    raise self.error(token, e)
  File "C:\Users\varap\AppData\Local\Programs\Python\Python310\lib\site-packages\django\template\base.py", line 511, in parse
    compiled_result = compile_func(self, token)
  File "C:\Users\varap\AppData\Local\Programs\Python\Python310\lib\site-packages\django\template\loader_tags.py", line 293, in do_extends
    nodelist = parser.parse()
  File "C:\Users\varap\AppData\Local\Programs\Python\Python310\lib\site-packages\django\template\base.py", line 507, in parse
    self.invalid_block_tag(token, command, parse_until)
  File "C:\Users\varap\AppData\Local\Programs\Python\Python310\lib\site-packages\django\template\base.py", line 568, in invalid_block_tag
    raise self.error(
django.template.exceptions.TemplateSyntaxError: Invalid block tag on line 287: 'endblock'. Did you forget to register or load this tag?
"GET /student/dashboard/ HTTP/1.1" 500 178019
Internal Server Error: /student/dashboard/
Traceback (most recent call last):
  File "C:\Users\varap\AppData\Local\Programs\Python\Python310\lib\site-packages\django\template\base.py", line 505, in parse
    compile_func = self.tags[command]
KeyError: 'endblock'

During handling of the above exception, another exception occurred:

Traceback (most recent call last):
  File "C:\Users\varap\AppData\Local\Programs\Python\Python310\lib\site-packages\django\core\handlers\exception.py", line 55, in inner
    response = get_response(request)
  File "C:\Users\varap\AppData\Local\Programs\Python\Python310\lib\site-packages\django\core\handlers\base.py", line 197, in _get_response
    response = wrapped_callback(request, *callback_args, **callback_kwargs)
  File "C:\Users\varap\AppData\Local\Programs\Python\Python310\lib\site-packages\django\contrib\auth\decorators.py", line 23, in _wrapper_view
    return view_func(request, *args, **kwargs)
  File "C:\Users\varap\Desktop\project-web app\users\views.py", line 149, in student_dashboard
    return render(request, 'student/dashboard.html', context)
  File "C:\Users\varap\AppData\Local\Programs\Python\Python310\lib\site-packages\django\shortcuts.py", line 24, in render
    content = loader.render_to_string(template_name, context, request, using=using)
  File "C:\Users\varap\AppData\Local\Programs\Python\Python310\lib\site-packages\django\template\loader.py", line 61, in render_to_string
    template = get_template(template_name, using=using)
  File "C:\Users\varap\AppData\Local\Programs\Python\Python310\lib\site-packages\django\template\loader.py", line 15, in get_template
    return engine.get_template(template_name)
  File "C:\Users\varap\AppData\Local\Programs\Python\Python310\lib\site-packages\django\template\backends\django.py", line 33, in get_template
    return Template(self.engine.get_template(template_name), self)
  File "C:\Users\varap\AppData\Local\Programs\Python\Python310\lib\site-packages\django\template\engine.py", line 175, in get_template
    template, origin = self.find_template(template_name)
  File "C:\Users\varap\AppData\Local\Programs\Python\Python310\lib\site-packages\django\template\engine.py", line 157, in find_template
    template = loader.get_template(name, skip=skip)
  File "C:\Users\varap\AppData\Local\Programs\Python\Python310\lib\site-packages\django\template\loaders\cached.py", line 57, in get_template
    template = super().get_template(template_name, skip)
  File "C:\Users\varap\AppData\Local\Programs\Python\Python310\lib\site-packages\django\template\loaders\base.py", line 28, in get_template
    return Template(
  File "C:\Users\varap\AppData\Local\Programs\Python\Python310\lib\site-packages\django\template\base.py", line 154, in __init__
    self.nodelist = self.compile_nodelist()
  File "C:\Users\varap\AppData\Local\Programs\Python\Python310\lib\site-packages\django\template\base.py", line 200, in compile_nodelist
    return parser.parse()
  File "C:\Users\varap\AppData\Local\Programs\Python\Python310\lib\site-packages\django\template\base.py", line 513, in parse
    raise self.error(token, e)
  File "C:\Users\varap\AppData\Local\Programs\Python\Python310\lib\site-packages\django\template\base.py", line 511, in parse
    compiled_result = compile_func(self, token)
  File "C:\Users\varap\AppData\Local\Programs\Python\Python310\lib\site-packages\django\template\loader_tags.py", line 293, in do_extends
    nodelist = parser.parse()
  File "C:\Users\varap\AppData\Local\Programs\Python\Python310\lib\site-packages\django\template\base.py", line 507, in parse
    self.invalid_block_tag(token, command, parse_until)
  File "C:\Users\varap\AppData\Local\Programs\Python\Python310\lib\site-packages\django\template\base.py", line 568, in invalid_block_tag
    raise self.error(
django.template.exceptions.TemplateSyntaxError: Invalid block tag on line 287: 'endblock'. Did you forget to register or load this tag?
"GET /student/dashboard/ HTTP/1.1" 500 178156
Not Found: /favicon.ico
"GET /favicon.ico HTTP/1.1" 404 5158
C:\Users\varap\Desktop\project-web app\users\views.py changed, reloading.
Watching for file changes with StatReloader
"GET / HTTP/1.1" 302 0
"GET /student/dashboard/ HTTP/1.1" 200 10015
"GET /api/student/attendance/mark/ HTTP/1.1" 200 32685
"POST /api/student/attendance/mark/ HTTP/1.1" 200 33094
"GET /student/dashboard/ HTTP/1.1" 200 10015
"GET /api/student/attendance/mark/ HTTP/1.1" 200 32685
"POST /api/student/attendance/mark/ HTTP/1.1" 302 0
"GET /student/dashboard/ HTTP/1.1" 200 12174
"GET /student/dashboard/ HTTP/1.1" 200 11770
"GET /api/student/attendance/mark/ HTTP/1.1" 200 32685
"GET /student/dashboard/ HTTP/1.1" 200 11770
"GET /logout/ HTTP/1.1" 302 0
"GET /login/ HTTP/1.1" 200 5832
"POST /login/ HTTP/1.1" 302 0
"GET / HTTP/1.1" 302 0
"GET /super/dashboard/ HTTP/1.1" 200 13200
"GET /super/admins/ HTTP/1.1" 200 11194
"GET /super/settings/ HTTP/1.1" 200 13191
"GET /logout/ HTTP/1.1" 302 0
"GET /login/ HTTP/1.1" 200 5832
"POST /login/ HTTP/1.1" 302 0
"GET / HTTP/1.1" 302 0
"GET /admin/dashboard/ HTTP/1.1" 200 7572
"GET /api/admin/students/upload/ HTTP/1.1" 200 6590
"GET /api/admin/companies/ HTTP/1.1" 200 12222
"GET /api/admin/students/manage/ HTTP/1.1" 200 51739
"GET /api/admin/analytics/ HTTP/1.1" 200 12345
Watching for file changes with StatReloader
"GET / HTTP/1.1" 302 0
"GET /admin/dashboard/ HTTP/1.1" 200 7572
"GET /api/admin/analytics/ HTTP/1.1" 200 13568
"GET /api/admin/analytics/ HTTP/1.1" 200 12345
"GET /api/admin/analytics/ HTTP/1.1" 200 13075
"GET /api/admin/analytics/ HTTP/1.1" 200 12345
"GET /api/admin/analytics/ HTTP/1.1" 200 13219
"GET /api/admin/analytics/ HTTP/1.1" 200 13219
"GET /api/admin/analytics/ HTTP/1.1" 200 13219
C:\Users\varap\Desktop\project-web app\attendance\urls.py changed, reloading.
Watching for file changes with StatReloader
C:\Users\varap\Desktop\project-web app\attendance\views.py changed, reloading.
Watching for file changes with StatReloader
"GET /api/admin/analytics/ HTTP/1.1" 200 13219
C:\Users\varap\Desktop\project-web app\attendance\urls.py changed, reloading.
Watching for file changes with StatReloader
"GET /api/admin/analytics/ HTTP/1.1" 200 13939
- Broken pipe from ('127.0.0.1', 60634)
"GET /api/admin/analytics/ HTTP/1.1" 200 13939
C:\Users\varap\Desktop\project-web app\attendance\views.py changed, reloading.
Watching for file changes with StatReloader
"GET /api/admin/analytics/ HTTP/1.1" 200 12345
"GET /api/admin/analytics/ HTTP/1.1" 200 13419
"GET /api/admin/analytics/ HTTP/1.1" 200 13353
"GET /logout/ HTTP/1.1" 302 0
"GET /login/ HTTP/1.1" 200 5832
"POST /login/ HTTP/1.1" 302 0
"GET / HTTP/1.1" 302 0
"GET /admin/dashboard/ HTTP/1.1" 200 7572
"GET /api/admin/contact-messages/ HTTP/1.1" 200 6173
"GET /api/admin/contact-messages/ HTTP/1.1" 200 6173
"GET /api/admin/students/manage/ HTTP/1.1" 200 51739
"GET /api/admin/companies/ HTTP/1.1" 200 12222
"GET /api/admin/companies/ HTTP/1.1" 200 12222
"GET /api/admin/students/manage/ HTTP/1.1" 200 51739
"GET /api/admin/students/upload/ HTTP/1.1" 200 6590
"GET /admin/dashboard/ HTTP/1.1" 200 7572
Watching for file changes with StatReloader
"GET / HTTP/1.1" 302 0
"GET /admin/dashboard/ HTTP/1.1" 200 7572
"GET /admin/dashboard/ HTTP/1.1" 200 7572
Not Found: /favicon.ico
- Broken pipe from ('127.0.0.1', 59797)
Not Found: /favicon.ico
"GET /favicon.ico HTTP/1.1" 404 5158
"GET /logout/ HTTP/1.1" 302 0
"GET /login/ HTTP/1.1" 200 5832
"POST /login/ HTTP/1.1" 302 0
"GET / HTTP/1.1" 302 0
"GET /super/dashboard/ HTTP/1.1" 200 13200
"GET /super/admins/ HTTP/1.1" 200 11194
"GET /super/settings/ HTTP/1.1" 200 13191
"GET /super/dashboard/ HTTP/1.1" 200 13200
"GET /logout/ HTTP/1.1" 302 0
"GET /login/ HTTP/1.1" 200 5832
"POST /login/ HTTP/1.1" 302 0
"GET / HTTP/1.1" 302 0
"GET /student/dashboard/ HTTP/1.1" 200 11723
"GET /student/profile/ HTTP/1.1" 200 10036
"GET /student/dashboard/ HTTP/1.1" 200 11723
"GET /api/student/attendance/mark/ HTTP/1.1" 200 32689
"GET /student/dashboard/ HTTP/1.1" 200 11723
"GET /student/profile/ HTTP/1.1" 200 10036
"GET /api/student/attendance/mark/ HTTP/1.1" 200 32689
"GET /api/student/attendance/mark/ HTTP/1.1" 200 32689
"GET /student/dashboard/ HTTP/1.1" 200 11723
"GET /api/student/attendance/mark/ HTTP/1.1" 200 32689
"GET /logout/ HTTP/1.1" 302 0
"GET /login/ HTTP/1.1" 200 5832
"POST /login/ HTTP/1.1" 302 0
"GET / HTTP/1.1" 302 0
"GET /admin/dashboard/ HTTP/1.1" 200 7572
"GET /api/admin/students/upload/ HTTP/1.1" 200 6590
"GET /api/admin/students/manage/ HTTP/1.1" 200 51739
"GET /api/admin/companies/ HTTP/1.1" 200 12222
"GET /api/admin/analytics/ HTTP/1.1" 200 13353
"GET /api/admin/companies/ HTTP/1.1" 200 12222
"GET /logout/ HTTP/1.1" 302 0
"GET /login/ HTTP/1.1" 200 5832
"POST /login/ HTTP/1.1" 302 0
"GET / HTTP/1.1" 302 0
"GET /student/dashboard/ HTTP/1.1" 200 11723
"GET /api/student/attendance/mark/ HTTP/1.1" 200 32689
"GET /logout/ HTTP/1.1" 302 0
"GET /login/ HTTP/1.1" 200 5832
Watching for file changes with StatReloader
"GET / HTTP/1.1" 302 0
"GET /login/ HTTP/1.1" 200 5832
"POST /login/ HTTP/1.1" 302 0
"GET / HTTP/1.1" 302 0
"GET /admin/dashboard/ HTTP/1.1" 200 7572
"GET /api/admin/companies/ HTTP/1.1" 200 12222
"POST /api/admin/companies/ HTTP/1.1" 200 13500
"GET /api/admin/students/upload/ HTTP/1.1" 200 6590
"POST /api/admin/students/upload/ HTTP/1.1" 200 6964
"GET /api/admin/students/manage/ HTTP/1.1" 200 51776
"GET /logout/ HTTP/1.1" 302 0
"GET /login/ HTTP/1.1" 200 5832
"POST /login/ HTTP/1.1" 302 0
"GET /student/onboarding/ HTTP/1.1" 200 6507
"POST /student/onboarding/ HTTP/1.1" 302 0
"GET /login/ HTTP/1.1" 200 6267
"POST /login/ HTTP/1.1" 302 0
"GET / HTTP/1.1" 302 0
"GET /student/dashboard/ HTTP/1.1" 200 10021
"GET /student/profile/ HTTP/1.1" 200 7888
"GET /api/student/attendance/mark/ HTTP/1.1" 200 32688
"POST /api/student/attendance/mark/ HTTP/1.1" 302 0
"GET /student/dashboard/ HTTP/1.1" 200 12183
"GET /student/dashboard/ HTTP/1.1" 200 11779
"GET /logout/ HTTP/1.1" 302 0
"GET /login/ HTTP/1.1" 200 5832
Watching for file changes with StatReloader
"GET / HTTP/1.1" 302 0
"GET /login/ HTTP/1.1" 200 5832
"POST /login/ HTTP/1.1" 302 0
"GET / HTTP/1.1" 302 0
"GET /student/dashboard/ HTTP/1.1" 200 11723
"GET /student/contact/ HTTP/1.1" 200 7722
"GET /logout/ HTTP/1.1" 302 0
"GET /login/ HTTP/1.1" 200 5832
Watching for file changes with StatReloader
"GET / HTTP/1.1" 302 0
"GET /login/ HTTP/1.1" 200 5832
Not Found: /favicon.ico
"GET /favicon.ico HTTP/1.1" 404 5158
"POST /login/ HTTP/1.1" 302 0
"GET / HTTP/1.1" 302 0
"GET /super/dashboard/ HTTP/1.1" 200 13200
"GET /super/dashboard/ HTTP/1.1" 200 13200
"GET /super/admins/ HTTP/1.1" 200 11194
"GET /logout/ HTTP/1.1" 302 0
"GET /login/ HTTP/1.1" 200 5832
"POST /login/ HTTP/1.1" 302 0
"GET / HTTP/1.1" 302 0
"GET /admin/dashboard/ HTTP/1.1" 200 7572
"GET /api/admin/students/upload/ HTTP/1.1" 200 6590
"GET /api/admin/companies/ HTTP/1.1" 200 13138
"GET /api/admin/students/manage/ HTTP/1.1" 200 51776
"GET /api/admin/companies/ HTTP/1.1" 200 13138
"GET /api/admin/analytics/ HTTP/1.1" 200 14034
"GET /admin/dashboard/ HTTP/1.1" 200 7572
"GET /logout/ HTTP/1.1" 302 0
"GET /login/ HTTP/1.1" 200 5832
"POST /login/ HTTP/1.1" 302 0
"GET /student/onboarding/ HTTP/1.1" 200 6510
"POST /student/onboarding/ HTTP/1.1" 302 0
"GET /login/ HTTP/1.1" 200 6267
"POST /login/ HTTP/1.1" 302 0
"GET / HTTP/1.1" 302 0
"GET /student/dashboard/ HTTP/1.1" 200 10033
"GET /student/profile/ HTTP/1.1" 200 7900
"GET /api/student/attendance/mark/ HTTP/1.1" 200 32691
"GET /logout/ HTTP/1.1" 302 0
"GET /login/ HTTP/1.1" 200 5832
"POST /login/ HTTP/1.1" 302 0
"GET / HTTP/1.1" 302 0
"GET /admin/dashboard/ HTTP/1.1" 200 7572
"GET /api/admin/companies/ HTTP/1.1" 200 13138
"POST /api/admin/companies/ HTTP/1.1" 200 14416
"GET /api/admin/students/upload/ HTTP/1.1" 200 6590
"POST /api/admin/students/upload/ HTTP/1.1" 200 6964
"GET /api/admin/companies/ HTTP/1.1" 200 14054
"GET /api/admin/students/manage/ HTTP/1.1" 200 51819
"GET /logout/ HTTP/1.1" 302 0
"GET /login/ HTTP/1.1" 200 5832
"POST /login/ HTTP/1.1" 302 0
"GET /student/onboarding/ HTTP/1.1" 200 6510
"POST /student/onboarding/ HTTP/1.1" 302 0
"GET /login/ HTTP/1.1" 200 6267
"POST /login/ HTTP/1.1" 302 0
"GET / HTTP/1.1" 302 0
"GET /student/dashboard/ HTTP/1.1" 200 10027
"GET /student/profile/ HTTP/1.1" 200 7894
"GET /api/student/attendance/mark/ HTTP/1.1" 200 32691
"POST /api/student/attendance/mark/ HTTP/1.1" 200 33100
"GET /student/dashboard/ HTTP/1.1" 200 10027
"GET /student/profile/ HTTP/1.1" 200 7894
"GET /api/student/attendance/mark/ HTTP/1.1" 200 32691
"POST /api/student/attendance/mark/ HTTP/1.1" 302 0
"GET /student/dashboard/ HTTP/1.1" 200 12192
"GET /student/dashboard/ HTTP/1.1" 200 11788
"GET /student/profile/ HTTP/1.1" 200 10040
"GET /api/student/attendance/mark/ HTTP/1.1" 200 32691
"POST /api/student/attendance/mark/ HTTP/1.1" 200 33055
"GET /student/dashboard/ HTTP/1.1" 200 11788
"GET /student/profile/ HTTP/1.1" 200 10040
"GET /student/dashboard/ HTTP/1.1" 200 11788
"GET /logout/ HTTP/1.1" 302 0
"GET /login/ HTTP/1.1" 200 5832
"POST /login/ HTTP/1.1" 200 5832
"POST /login/ HTTP/1.1" 302 0
"GET / HTTP/1.1" 302 0
"GET /super/dashboard/ HTTP/1.1" 200 13200
"GET /logout/ HTTP/1.1" 302 0
"GET /login/ HTTP/1.1" 200 5832
"POST /login/ HTTP/1.1" 302 0
"GET / HTTP/1.1" 302 0
"GET /admin/dashboard/ HTTP/1.1" 200 7572
"GET /api/admin/companies/ HTTP/1.1" 200 14054
"GET /api/admin/students/manage/ HTTP/1.1" 200 51819
"GET /api/admin/analytics/ HTTP/1.1" 200 14718
"GET /api/admin/analytics/ HTTP/1.1" 200 14718
"GET /api/admin/students/manage/ HTTP/1.1" 200 51819
"GET /api/admin/companies/ HTTP/1.1" 200 14054
"GET /api/admin/students/upload/ HTTP/1.1" 200 6590
"GET /admin/dashboard/ HTTP/1.1" 200 7572
"GET /api/admin/contact-messages/ HTTP/1.1" 200 6173
"GET /logout/ HTTP/1.1" 302 0
"GET /login/ HTTP/1.1" 200 5832
"POST /login/ HTTP/1.1" 302 0
"GET / HTTP/1.1" 302 0
"GET /student/dashboard/ HTTP/1.1" 200 11723
"GET /student/contact/ HTTP/1.1" 200 7722
"POST /student/contact/ HTTP/1.1" 302 0
"GET /student/dashboard/ HTTP/1.1" 200 12104
"GET /logout/ HTTP/1.1" 302 0
"GET /login/ HTTP/1.1" 200 5832
"POST /login/ HTTP/1.1" 302 0
"GET / HTTP/1.1" 302 0
"GET /admin/dashboard/ HTTP/1.1" 200 7572
"GET /api/admin/contact-messages/ HTTP/1.1" 200 7076
"POST /api/admin/contact-messages/ HTTP/1.1" 200 7434
"GET /logout/ HTTP/1.1" 302 0
"GET /login/ HTTP/1.1" 200 5832
"POST /login/ HTTP/1.1" 302 0
"GET / HTTP/1.1" 302 0
"GET /student/dashboard/ HTTP/1.1" 200 11723
"GET /student/contact/ HTTP/1.1" 200 7722
"GET /api/student/attendance/mark/ HTTP/1.1" 200 32689
"GET /student/profile/ HTTP/1.1" 200 10036
"GET /student/dashboard/ HTTP/1.1" 200 11723
"GET /student/dashboard/ HTTP/1.1" 200 11723
"GET /student/profile/ HTTP/1.1" 200 10036
"GET /api/student/attendance/mark/ HTTP/1.1" 200 32689
"GET /logout/ HTTP/1.1" 302 0
"GET /login/ HTTP/1.1" 200 5832
"POST /login/ HTTP/1.1" 200 5832
Watching for file changes with StatReloader
"GET /login/ HTTP/1.1" 200 5832
"GET / HTTP/1.1" 302 0
"GET /login/ HTTP/1.1" 200 5832
"POST /login/ HTTP/1.1" 302 0
"GET / HTTP/1.1" 302 0
"GET /super/dashboard/ HTTP/1.1" 200 13200
"GET /logout/ HTTP/1.1" 302 0
"GET /login/ HTTP/1.1" 200 5832
"POST /login/ HTTP/1.1" 302 0
"GET / HTTP/1.1" 302 0
"GET /super/dashboard/ HTTP/1.1" 200 13200
"GET /super/admins/ HTTP/1.1" 200 11194
"GET /logout/ HTTP/1.1" 302 0
"GET /login/ HTTP/1.1" 200 5832
"POST /login/ HTTP/1.1" 302 0
"GET / HTTP/1.1" 302 0
"GET /admin/dashboard/ HTTP/1.1" 200 7572
"GET /api/admin/students/upload/ HTTP/1.1" 200 6590
"GET /api/admin/companies/ HTTP/1.1" 200 14054
"GET /api/admin/students/manage/ HTTP/1.1" 200 51819
"GET /api/admin/analytics/ HTTP/1.1" 200 14718
"GET /api/admin/contact-messages/ HTTP/1.1" 200 7076
"GET /logout/ HTTP/1.1" 302 0
"GET /login/ HTTP/1.1" 200 5832
"POST /login/ HTTP/1.1" 302 0
"GET / HTTP/1.1" 302 0
"GET /student/dashboard/ HTTP/1.1" 200 11723
"GET /student/profile/ HTTP/1.1" 200 10036
"GET /api/student/attendance/mark/ HTTP/1.1" 200 32689
"GET /student/profile/ HTTP/1.1" 200 10036
"GET /logout/ HTTP/1.1" 302 0
"GET /login/ HTTP/1.1" 200 5832
"POST /login/ HTTP/1.1" 302 0
"GET / HTTP/1.1" 302 0
"GET /admin/dashboard/ HTTP/1.1" 200 7572
"GET /api/admin/analytics/ HTTP/1.1" 200 14718
"GET /api/admin/contact-messages/ HTTP/1.1" 200 7076
"GET /admin/dashboard/ HTTP/1.1" 200 7572
"GET /logout/ HTTP/1.1" 302 0
"GET /login/ HTTP/1.1" 200 5832
Watching for file changes with StatReloader
"GET / HTTP/1.1" 302 0
"GET /login/ HTTP/1.1" 200 5853
Not Found: /favicon.ico
"GET /favicon.ico HTTP/1.1" 404 5158
"POST /login/ HTTP/1.1" 302 0
"GET / HTTP/1.1" 302 0
"GET /super/dashboard/ HTTP/1.1" 200 13200
"GET /logout/ HTTP/1.1" 302 0
"GET /login/ HTTP/1.1" 200 5853
"POST /login/ HTTP/1.1" 200 6021
"POST /login/ HTTP/1.1" 200 6018
"POST /login/ HTTP/1.1" 302 0
"GET / HTTP/1.1" 302 0
"GET /super/dashboard/ HTTP/1.1" 200 13200
"GET /super/admins/ HTTP/1.1" 200 11194
"GET /logout/ HTTP/1.1" 302 0
"GET /login/ HTTP/1.1" 200 5853
"POST /login/ HTTP/1.1" 302 0
"GET / HTTP/1.1" 302 0
"GET /admin/dashboard/ HTTP/1.1" 200 7572
"GET /api/admin/companies/ HTTP/1.1" 200 14054
"GET /api/admin/students/manage/ HTTP/1.1" 200 51819
"GET /api/admin/analytics/ HTTP/1.1" 200 14718
"GET /api/admin/students/upload/ HTTP/1.1" 200 6590
"GET /api/admin/companies/ HTTP/1.1" 200 14054
"GET /api/admin/contact-messages/ HTTP/1.1" 200 7076
"GET /admin/dashboard/ HTTP/1.1" 200 7572
"GET /super/admins/ HTTP/1.1" 302 0
"GET /admin/dashboard/ HTTP/1.1" 200 7937
"GET /logout/ HTTP/1.1" 302 0
"GET /login/ HTTP/1.1" 200 5853
"POST /login/ HTTP/1.1" 200 6018
"POST /login/ HTTP/1.1" 302 0
"GET / HTTP/1.1" 302 0
"GET /student/dashboard/ HTTP/1.1" 200 11723
"GET /student/profile/ HTTP/1.1" 200 10036
"GET /api/student/attendance/mark/ HTTP/1.1" 200 32689
Watching for file changes with StatReloader
"GET / HTTP/1.1" 302 0
"GET /student/dashboard/ HTTP/1.1" 200 11723
Not Found: /favicon.ico
"GET /favicon.ico HTTP/1.1" 404 5158
"GET /logout/ HTTP/1.1" 302 0
"GET /login/ HTTP/1.1" 200 5853
"POST /login/ HTTP/1.1" 302 0
"GET / HTTP/1.1" 302 0
"GET /admin/dashboard/ HTTP/1.1" 200 7572
"GET /api/admin/companies/ HTTP/1.1" 200 14054
"POST /api/admin/companies/ HTTP/1.1" 200 15341
"GET /api/admin/companies/ HTTP/1.1" 200 14976
"GET /api/admin/students/upload/ HTTP/1.1" 200 6590
"POST /api/admin/students/upload/ HTTP/1.1" 200 6964
"GET /api/admin/companies/ HTTP/1.1" 200 14976
"GET /api/admin/companies/ HTTP/1.1" 200 14976
Watching for file changes with StatReloader
"GET / HTTP/1.1" 302 0
"GET /admin/dashboard/ HTTP/1.1" 200 7572
"GET /logout/ HTTP/1.1" 302 0
"GET /login/ HTTP/1.1" 200 5853
"POST /login/ HTTP/1.1" 302 0
"GET / HTTP/1.1" 302 0
"GET /super/dashboard/ HTTP/1.1" 200 13200
"GET /super/admins/ HTTP/1.1" 200 11194
"GET /logout/ HTTP/1.1" 302 0
"GET /login/ HTTP/1.1" 200 5853
"POST /login/ HTTP/1.1" 302 0
"GET / HTTP/1.1" 302 0
"GET /admin/dashboard/ HTTP/1.1" 200 7572
"GET /api/admin/students/upload/ HTTP/1.1" 200 6590
"GET /api/admin/companies/ HTTP/1.1" 200 14976
"GET /api/admin/students/upload/ HTTP/1.1" 200 6590
"GET /api/admin/companies/ HTTP/1.1" 200 14976
"GET /api/admin/students/manage/ HTTP/1.1" 200 51859
"GET /api/admin/companies/ HTTP/1.1" 200 14976
"GET /api/admin/analytics/ HTTP/1.1" 200 14779
"GET /api/admin/companies/ HTTP/1.1" 200 14976
"GET /api/admin/students/upload/ HTTP/1.1" 200 6590
"GET /api/admin/companies/ HTTP/1.1" 200 14976
"GET /api/admin/analytics/ HTTP/1.1" 200 14779
"GET /api/admin/contact-messages/ HTTP/1.1" 200 7076
"GET /logout/ HTTP/1.1" 302 0
"GET /login/ HTTP/1.1" 200 5853
"POST /login/ HTTP/1.1" 200 6021
"POST /login/ HTTP/1.1" 302 0
"GET / HTTP/1.1" 302 0
"GET /student/dashboard/ HTTP/1.1" 200 11723
"GET /student/profile/ HTTP/1.1" 200 10036
"GET /api/student/attendance/mark/ HTTP/1.1" 200 32689
"GET /logout/ HTTP/1.1" 302 0
"GET /login/ HTTP/1.1" 200 5853
"POST /login/ HTTP/1.1" 302 0
"GET /student/onboarding/ HTTP/1.1" 200 6506
"POST /student/onboarding/ HTTP/1.1" 302 0
"GET /login/ HTTP/1.1" 200 6288
Watching for file changes with StatReloader
"GET / HTTP/1.1" 302 0
"GET /login/ HTTP/1.1" 200 5853
Not Found: /favicon.ico
"GET /favicon.ico HTTP/1.1" 404 5158
"GET /login/ HTTP/1.1" 200 5853
"POST /login/ HTTP/1.1" 302 0
"GET / HTTP/1.1" 302 0
"GET /admin/dashboard/ HTTP/1.1" 200 7572
"GET /api/admin/students/upload/ HTTP/1.1" 200 6590
"GET /api/admin/companies/ HTTP/1.1" 200 14976
"GET /api/admin/students/upload/ HTTP/1.1" 200 6590
"GET /admin/dashboard/ HTTP/1.1" 200 7572
"GET /api/admin/analytics/ HTTP/1.1" 200 28399
"GET /logout/ HTTP/1.1" 302 0
"GET /login/ HTTP/1.1" 200 5853
"POST /login/ HTTP/1.1" 302 0
"GET / HTTP/1.1" 302 0
"GET /admin/dashboard/ HTTP/1.1" 200 7572
"GET /api/admin/analytics/ HTTP/1.1" 200 28399
"GET /api/admin/companies/ HTTP/1.1" 200 14976
"GET /logout/ HTTP/1.1" 302 0
"GET /login/ HTTP/1.1" 200 5853
"POST /login/ HTTP/1.1" 302 0
"GET / HTTP/1.1" 302 0
"GET /student/dashboard/ HTTP/1.1" 200 12945
"GET /student/profile/ HTTP/1.1" 200 10034
"GET /api/student/attendance/mark/ HTTP/1.1" 200 32688
"POST /api/student/attendance/mark/ HTTP/1.1" 302 0
"GET /student/dashboard/ HTTP/1.1" 200 14530
"GET /student/dashboard/ HTTP/1.1" 200 14126
"GET /api/student/attendance/mark/ HTTP/1.1" 200 32688
"GET /student/profile/ HTTP/1.1" 200 11194
"GET /student/dashboard/ HTTP/1.1" 200 14126
"GET /api/student/attendance/mark/ HTTP/1.1" 200 32688
"POST /api/student/attendance/mark/ HTTP/1.1" 302 0
"GET /student/dashboard/ HTTP/1.1" 200 14503
"GET /student/dashboard/ HTTP/1.1" 200 14126
"GET /student/profile/ HTTP/1.1" 200 11194
"GET /api/student/attendance/mark/ HTTP/1.1" 200 32688
"GET /student/contact/ HTTP/1.1" 200 7721
"GET /student/dashboard/ HTTP/1.1" 200 14126
"GET /logout/ HTTP/1.1" 302 0
"GET /login/ HTTP/1.1" 200 5853
"POST /login/ HTTP/1.1" 302 0
"GET / HTTP/1.1" 302 0
"GET /admin/dashboard/ HTTP/1.1" 200 7572
"GET /api/admin/analytics/ HTTP/1.1" 200 28411
"GET /api/admin/analytics/ HTTP/1.1" 200 28411
C:\Users\varap\Desktop\project-web app\users\views.py changed, reloading.
Watching for file changes with StatReloader
C:\Users\varap\Desktop\project-web app\users\views.py changed, reloading.
Watching for file changes with StatReloader
C:\Users\varap\Desktop\project-web app\attendance\views.py changed, reloading.
Watching for file changes with StatReloader
C:\Users\varap\Desktop\project-web app\attendance\views.py changed, reloading.
Watching for file changes with StatReloader
Watching for file changes with StatReloader
"GET / HTTP/1.1" 302 0
"GET /admin/dashboard/ HTTP/1.1" 200 7572
Watching for file changes with StatReloader
"GET / HTTP/1.1" 302 0
"GET /admin/dashboard/ HTTP/1.1" 200 7572
"GET /logout/ HTTP/1.1" 302 0
"GET /login/ HTTP/1.1" 200 5853
"POST /login/ HTTP/1.1" 200 6018
"POST /login/ HTTP/1.1" 302 0
"GET / HTTP/1.1" 302 0
"GET /student/dashboard/ HTTP/1.1" 200 12947
"GET /student/profile/ HTTP/1.1" 200 10036
"GET /api/student/attendance/mark/ HTTP/1.1" 200 32689
"GET /student/dashboard/ HTTP/1.1" 200 12947
"GET /logout/ HTTP/1.1" 302 0
"GET /login/ HTTP/1.1" 200 5853
"POST /login/ HTTP/1.1" 302 0
"GET / HTTP/1.1" 302 0
"GET /student/dashboard/ HTTP/1.1" 200 14300
"GET /api/student/attendance/mark/ HTTP/1.1" 200 32688
"GET /logout/ HTTP/1.1" 302 0
"GET /login/ HTTP/1.1" 200 5853
"POST /login/ HTTP/1.1" 200 6018
"POST /login/ HTTP/1.1" 200 6018
"POST /login/ HTTP/1.1" 302 0
"GET / HTTP/1.1" 302 0
"GET /admin/dashboard/ HTTP/1.1" 200 7572
"GET /api/admin/students/upload/ HTTP/1.1" 200 6590
"POST /api/admin/students/upload/ HTTP/1.1" 200 6964
"GET /api/admin/students/manage/ HTTP/1.1" 200 51838
"GET /logout/ HTTP/1.1" 302 0
"GET /login/ HTTP/1.1" 200 5853
"POST /login/ HTTP/1.1" 302 0
"GET /student/onboarding/ HTTP/1.1" 200 6506
"POST /student/onboarding/ HTTP/1.1" 302 0
"GET /login/ HTTP/1.1" 200 6288
"POST /login/ HTTP/1.1" 200 6018
"POST /login/ HTTP/1.1" 302 0
"GET / HTTP/1.1" 302 0
"GET /student/dashboard/ HTTP/1.1" 200 11242
"GET /api/student/attendance/mark/ HTTP/1.1" 200 32687
"POST /api/student/attendance/mark/ HTTP/1.1" 302 0
"GET /student/dashboard/ HTTP/1.1" 200 13435
"GET /student/dashboard/ HTTP/1.1" 200 13031
"GET /api/student/attendance/mark/ HTTP/1.1" 200 32687
"POST /api/student/attendance/mark/ HTTP/1.1" 302 0
"GET /student/dashboard/ HTTP/1.1" 200 13551
"GET /student/dashboard/ HTTP/1.1" 200 13174
"GET /logout/ HTTP/1.1" 302 0
"GET /login/ HTTP/1.1" 200 5853
"POST /login/ HTTP/1.1" 302 0
"GET / HTTP/1.1" 302 0
"GET /admin/dashboard/ HTTP/1.1" 200 7572
"GET /api/admin/analytics/ HTTP/1.1" 200 28401
Watching for file changes with StatReloader
"GET / HTTP/1.1" 302 0
"GET /admin/dashboard/ HTTP/1.1" 200 7572
"GET /api/admin/students/manage/ HTTP/1.1" 200 51838
"POST /api/admin/students/manage/ HTTP/1.1" 200 52238
"GET /api/admin/students/manage/ HTTP/1.1" 200 51859
"GET /api/admin/students/upload/ HTTP/1.1" 200 6590
"POST /api/admin/students/upload/ HTTP/1.1" 200 6964
"GET /logout/ HTTP/1.1" 302 0
"GET /login/ HTTP/1.1" 200 5853
"POST /login/ HTTP/1.1" 302 0
"GET /student/onboarding/ HTTP/1.1" 200 6506
"POST /student/onboarding/ HTTP/1.1" 302 0
"GET /login/ HTTP/1.1" 200 6288
"POST /login/ HTTP/1.1" 302 0
"GET / HTTP/1.1" 302 0
"GET /student/dashboard/ HTTP/1.1" 200 11242
"GET /student/profile/ HTTP/1.1" 200 7886
"GET /api/student/attendance/mark/ HTTP/1.1" 200 32687
"POST /api/student/attendance/mark/ HTTP/1.1" 302 0
"GET /student/dashboard/ HTTP/1.1" 200 13434
"GET /student/dashboard/ HTTP/1.1" 200 13030
"GET /student/profile/ HTTP/1.1" 200 10032
"GET /student/dashboard/ HTTP/1.1" 200 13030
"GET /api/student/attendance/mark/ HTTP/1.1" 200 32687
"GET /student/dashboard/ HTTP/1.1" 200 13030
"GET /api/student/attendance/mark/ HTTP/1.1" 200 32687
"POST /api/student/attendance/mark/ HTTP/1.1" 302 0
"GET /student/dashboard/ HTTP/1.1" 200 13434
"GET /student/dashboard/ HTTP/1.1" 200 13030
"GET /api/student/attendance/mark/ HTTP/1.1" 200 32687
"POST /api/student/attendance/mark/ HTTP/1.1" 302 0
"GET /student/dashboard/ HTTP/1.1" 200 13551
"GET /student/dashboard/ HTTP/1.1" 200 13174
"GET /logout/ HTTP/1.1" 302 0
"GET /login/ HTTP/1.1" 200 5853
"POST /login/ HTTP/1.1" 302 0
"GET / HTTP/1.1" 302 0
"GET /admin/dashboard/ HTTP/1.1" 200 7572
"GET /api/admin/analytics/ HTTP/1.1" 200 28424
Watching for file changes with StatReloader
"GET / HTTP/1.1" 302 0
"GET /admin/dashboard/ HTTP/1.1" 200 7572
Not Found: /favicon.ico
"GET /favicon.ico HTTP/1.1" 404 5158
"GET /logout/ HTTP/1.1" 302 0
"GET /login/ HTTP/1.1" 200 5853
"POST /login/ HTTP/1.1" 302 0
"GET / HTTP/1.1" 302 0
"GET /super/dashboard/ HTTP/1.1" 200 13200
"GET /super/admins/ HTTP/1.1" 200 11194
"GET /logout/ HTTP/1.1" 302 0
"GET /login/ HTTP/1.1" 200 5853
"POST /login/ HTTP/1.1" 302 0
"GET / HTTP/1.1" 302 0
"GET /admin/dashboard/ HTTP/1.1" 200 7572
"GET /api/admin/analytics/ HTTP/1.1" 200 28424
"GET /logout/ HTTP/1.1" 302 0
"GET /login/ HTTP/1.1" 200 5853
"POST /login/ HTTP/1.1" 302 0
"GET / HTTP/1.1" 302 0
"GET /admin/dashboard/ HTTP/1.1" 200 7572
"GET /api/admin/students/manage/ HTTP/1.1" 200 51838
"GET /api/admin/companies/ HTTP/1.1" 200 14976
"GET /api/admin/students/manage/ HTTP/1.1" 200 51838
"GET /logout/ HTTP/1.1" 302 0
"GET /login/ HTTP/1.1" 200 5853
"POST /login/ HTTP/1.1" 302 0
"GET / HTTP/1.1" 302 0
"GET /student/dashboard/ HTTP/1.1" 200 12941
"GET /api/student/attendance/mark/ HTTP/1.1" 200 32687
"GET /logout/ HTTP/1.1" 302 0
"GET /login/ HTTP/1.1" 200 5853
"POST /login/ HTTP/1.1" 200 6021
"POST /login/ HTTP/1.1" 200 6021
"POST /login/ HTTP/1.1" 302 0
"GET / HTTP/1.1" 302 0
"GET /student/dashboard/ HTTP/1.1" 200 11245
"GET /student/profile/ HTTP/1.1" 200 7889
"GET /api/student/attendance/mark/ HTTP/1.1" 200 32687
"GET /student/profile/ HTTP/1.1" 200 7889
"GET /student/onboarding/ HTTP/1.1" 200 6506
"POST /student/onboarding/ HTTP/1.1" 302 0
"GET /login/ HTTP/1.1" 200 6288
"POST /login/ HTTP/1.1" 302 0
"GET / HTTP/1.1" 302 0
"GET /student/dashboard/ HTTP/1.1" 200 11245
"GET /api/student/attendance/mark/ HTTP/1.1" 200 32687
"GET /student/dashboard/ HTTP/1.1" 200 11245
"GET /logout/ HTTP/1.1" 302 0
"GET /login/ HTTP/1.1" 200 5853
Watching for file changes with StatReloader
"GET / HTTP/1.1" 302 0
"GET /login/ HTTP/1.1" 200 5853
Not Found: /favicon.ico
"GET /favicon.ico HTTP/1.1" 404 5158
"POST /login/ HTTP/1.1" 302 0
"GET / HTTP/1.1" 302 0
"GET /super/dashboard/ HTTP/1.1" 200 13200
"GET /super/admins/ HTTP/1.1" 200 11194
"GET /super/settings/ HTTP/1.1" 200 13191
"GET /super/dashboard/ HTTP/1.1" 200 13200
"GET /logout/ HTTP/1.1" 302 0
"GET /login/ HTTP/1.1" 200 5853
"POST /login/ HTTP/1.1" 302 0
"GET / HTTP/1.1" 302 0
"GET /admin/dashboard/ HTTP/1.1" 200 7572
"GET /api/admin/students/upload/ HTTP/1.1" 200 6590
"GET /api/admin/companies/ HTTP/1.1" 200 14976
"GET /api/admin/companies/ HTTP/1.1" 200 14976
"GET /api/admin/students/upload/ HTTP/1.1" 200 6590
"POST /api/admin/students/upload/ HTTP/1.1" 200 6964
"GET /api/admin/students/manage/ HTTP/1.1" 200 51817
"GET /logout/ HTTP/1.1" 302 0
"GET /login/ HTTP/1.1" 200 5853
"POST /login/ HTTP/1.1" 302 0
"GET /student/onboarding/ HTTP/1.1" 200 6505
"POST /student/onboarding/ HTTP/1.1" 302 0
"GET /login/ HTTP/1.1" 200 6288
"POST /login/ HTTP/1.1" 302 0
"GET / HTTP/1.1" 302 0
"GET /student/dashboard/ HTTP/1.1" 200 11240
"GET /student/profile/ HTTP/1.1" 200 7884
"GET /api/student/attendance/mark/ HTTP/1.1" 200 32686
"GET /logout/ HTTP/1.1" 302 0
"GET /login/ HTTP/1.1" 200 5853
"POST /login/ HTTP/1.1" 302 0
"GET / HTTP/1.1" 302 0
"GET /admin/dashboard/ HTTP/1.1" 200 7572
"GET /api/admin/companies/ HTTP/1.1" 200 14976
"GET /api/admin/companies/85e98c20-a706-4877-82ff-91f57b9bc640/edit/ HTTP/1.1" 200 7290
"GET /api/admin/companies/ HTTP/1.1" 200 14976
"GET /api/admin/students/upload/ HTTP/1.1" 200 6590
"POST /api/admin/students/upload/ HTTP/1.1" 200 6964
"GET /api/admin/students/manage/ HTTP/1.1" 200 51817
"POST /api/admin/students/manage/ HTTP/1.1" 200 52217
"GET /api/admin/companies/ HTTP/1.1" 200 14976
"GET /api/admin/students/upload/ HTTP/1.1" 200 6590
"POST /api/admin/students/upload/ HTTP/1.1" 200 6964
"GET /api/admin/students/manage/ HTTP/1.1" 200 51817
"GET /logout/ HTTP/1.1" 302 0
"GET /login/ HTTP/1.1" 200 5853
"POST /login/ HTTP/1.1" 200 6021
"POST /login/ HTTP/1.1" 200 6021
"POST /login/ HTTP/1.1" 302 0
"GET /student/onboarding/ HTTP/1.1" 200 6505
"POST /student/onboarding/ HTTP/1.1" 302 0
"GET /login/ HTTP/1.1" 200 6288
"POST /login/ HTTP/1.1" 302 0
"GET / HTTP/1.1" 302 0
"GET /student/dashboard/ HTTP/1.1" 200 11240
"GET /student/profile/ HTTP/1.1" 200 7884
"GET /api/student/attendance/mark/ HTTP/1.1" 200 32686
"GET /logout/ HTTP/1.1" 302 0
"GET /login/ HTTP/1.1" 200 5853
"POST /login/ HTTP/1.1" 302 0
"GET / HTTP/1.1" 302 0
"GET /admin/dashboard/ HTTP/1.1" 200 7572
"GET /api/admin/companies/ HTTP/1.1" 200 14976
"GET /api/admin/students/manage/ HTTP/1.1" 200 51817
"GET /api/admin/companies/ HTTP/1.1" 200 14976
"GET /api/admin/companies/a5dcba6c-c704-41ac-adbf-871ed83ee130/edit/ HTTP/1.1" 200 7284
"POST /api/admin/companies/a5dcba6c-c704-41ac-adbf-871ed83ee130/edit/ HTTP/1.1" 302 0
"GET /api/admin/companies/ HTTP/1.1" 200 15340
"GET /logout/ HTTP/1.1" 302 0
"GET /login/ HTTP/1.1" 200 5853
"POST /login/ HTTP/1.1" 302 0
"GET / HTTP/1.1" 302 0
"GET /student/dashboard/ HTTP/1.1" 200 11240
"GET /student/profile/ HTTP/1.1" 200 7884
"GET /api/student/attendance/mark/ HTTP/1.1" 200 32686
"POST /api/student/attendance/mark/ HTTP/1.1" 302 0
"GET /student/dashboard/ HTTP/1.1" 200 13431
"GET /student/dashboard/ HTTP/1.1" 200 13027
"GET /api/student/attendance/mark/ HTTP/1.1" 200 32686
"POST /api/student/attendance/mark/ HTTP/1.1" 302 0
"GET /student/dashboard/ HTTP/1.1" 200 13549
"GET /student/dashboard/ HTTP/1.1" 200 13172
"GET /logout/ HTTP/1.1" 302 0
"GET /login/ HTTP/1.1" 200 5853
"POST /login/ HTTP/1.1" 302 0
"GET / HTTP/1.1" 302 0
"GET /admin/dashboard/ HTTP/1.1" 200 7572
"GET /api/admin/students/manage/ HTTP/1.1" 200 51817
"GET /api/admin/companies/ HTTP/1.1" 200 14976
"GET /api/admin/students/upload/ HTTP/1.1" 200 6590
"GET /admin/dashboard/ HTTP/1.1" 200 7572
"GET /api/admin/analytics/ HTTP/1.1" 200 28435
"GET /api/admin/analytics/ HTTP/1.1" 200 28435
"GET /api/admin/contact-messages/ HTTP/1.1" 200 7076
"GET /logout/ HTTP/1.1" 302 0
"GET /login/ HTTP/1.1" 200 5853
Watching for file changes with StatReloader
"GET / HTTP/1.1" 302 0
"GET /login/ HTTP/1.1" 200 5853
"POST /login/ HTTP/1.1" 302 0
"GET / HTTP/1.1" 302 0
"GET /super/dashboard/ HTTP/1.1" 200 13201
"GET /super/admins/ HTTP/1.1" 200 11194
"GET /super/dashboard/ HTTP/1.1" 200 13201
"GET /super/admins/ HTTP/1.1" 200 11194
"GET /logout/ HTTP/1.1" 302 0
"GET /login/ HTTP/1.1" 200 5853
"POST /login/ HTTP/1.1" 302 0
"GET / HTTP/1.1" 302 0
"GET /admin/dashboard/ HTTP/1.1" 200 7572
"GET /api/admin/students/manage/ HTTP/1.1" 200 51817
"GET /api/admin/students/upload/ HTTP/1.1" 200 6590
"GET /api/admin/companies/ HTTP/1.1" 200 14976
"GET /logout/ HTTP/1.1" 302 0
"GET /login/ HTTP/1.1" 200 5853
Watching for file changes with StatReloader
"GET / HTTP/1.1" 302 0
"GET /login/ HTTP/1.1" 200 5853
Not Found: /favicon.ico
"GET /favicon.ico HTTP/1.1" 404 5158
"POST /login/ HTTP/1.1" 302 0
"GET / HTTP/1.1" 302 0
"GET /admin/dashboard/ HTTP/1.1" 200 7572
"GET /api/admin/companies/ HTTP/1.1" 200 14976
"POST /api/admin/companies/ HTTP/1.1" 200 16251
"GET /api/admin/students/upload/ HTTP/1.1" 200 6590
"GET /api/admin/students/upload/ HTTP/1.1" 200 6590
"GET /api/admin/students/upload/ HTTP/1.1" 200 6590
"GET /logout/ HTTP/1.1" 302 0
"GET /login/ HTTP/1.1" 200 5853
"POST /login/ HTTP/1.1" 302 0
"GET / HTTP/1.1" 302 0
"GET /admin/dashboard/ HTTP/1.1" 200 7572
"GET /api/admin/companies/ HTTP/1.1" 200 15890
"GET /api/admin/companies/2819c77c-7dbc-4388-a172-9bfacfe8d9cc/edit/ HTTP/1.1" 200 7282
"POST /api/admin/companies/2819c77c-7dbc-4388-a172-9bfacfe8d9cc/edit/ HTTP/1.1" 302 0
"GET /api/admin/companies/ HTTP/1.1" 200 16253
"GET /logout/ HTTP/1.1" 302 0
"GET /login/ HTTP/1.1" 200 5853
"GET /login/ HTTP/1.1" 200 5853
Watching for file changes with StatReloader
Watching for file changes with StatReloader
"GET / HTTP/1.1" 302 0
"GET /login/ HTTP/1.1" 200 5853
Not Found: /favicon.ico
"GET /favicon.ico HTTP/1.1" 404 5158
"POST /login/ HTTP/1.1" 200 6018
"POST /login/ HTTP/1.1" 200 6018
"POST /login/ HTTP/1.1" 302 0
"GET /student/onboarding/ HTTP/1.1" 200 6509
"GET /student/profile/ HTTP/1.1" 302 0
"GET /student/onboarding/ HTTP/1.1" 200 6509
"GET /student/dashboard/ HTTP/1.1" 200 10385
"GET /student/profile/ HTTP/1.1" 302 0
"GET /student/onboarding/ HTTP/1.1" 200 6509
"GET /api/student/attendance/mark/ HTTP/1.1" 200 32460
"GET /student/contact/ HTTP/1.1" 200 7723
"GET /student/profile/ HTTP/1.1" 302 0
"GET /student/onboarding/ HTTP/1.1" 200 6509
"POST /student/onboarding/ HTTP/1.1" 200 6628
"GET /student/profile/ HTTP/1.1" 302 0
"GET /login/?next=/student/profile/ HTTP/1.1" 200 5853
"GET / HTTP/1.1" 302 0
"GET /login/ HTTP/1.1" 200 5853
"GET / HTTP/1.1" 302 0
"GET /login/ HTTP/1.1" 200 5853
C:\Users\baala\OneDrive\Desktop\New folder\student-attendance-sys\attendance\models.py changed, reloading.
C:\Users\baala\OneDrive\Desktop\New folder\student-attendance-sys\attendance\models.py changed, reloading.
Watching for file changes with StatReloader
Watching for file changes with StatReloader
C:\Users\baala\OneDrive\Desktop\New folder\student-attendance-sys\attendance\views.py changed, reloading.
C:\Users\baala\OneDrive\Desktop\New folder\student-attendance-sys\attendance\views.py changed, reloading.
Watching for file changes with StatReloader
Watching for file changes with StatReloader
C:\Users\baala\OneDrive\Desktop\New folder\student-attendance-sys\attendance\views.py changed, reloading.
C:\Users\baala\OneDrive\Desktop\New folder\student-attendance-sys\attendance\views.py changed, reloading.
Watching for file changes with StatReloader
Watching for file changes with StatReloader
C:\Users\baala\OneDrive\Desktop\New folder\student-attendance-sys\attendance\views.py changed, reloading.
C:\Users\baala\OneDrive\Desktop\New folder\student-attendance-sys\attendance\views.py changed, reloading.
Watching for file changes with StatReloader
Watching for file changes with StatReloader
C:\Users\baala\OneDrive\Desktop\New folder\student-attendance-sys\users\views.py changed, reloading.
C:\Users\baala\OneDrive\Desktop\New folder\student-attendance-sys\users\views.py changed, reloading.
Watching for file changes with StatReloader
Watching for file changes with StatReloader
C:\Users\baala\OneDrive\Desktop\New folder\student-attendance-sys\attendance\views.py changed, reloading.
C:\Users\baala\OneDrive\Desktop\New folder\student-attendance-sys\users\views.py changed, reloading.
Watching for file changes with StatReloader
Watching for file changes with StatReloader
"GET /login/ HTTP/1.1" 200 6135
"POST /login/ HTTP/1.1" 302 0
"GET / HTTP/1.1" 302 0
"GET /admin/dashboard/ HTTP/1.1" 200 7572
"GET /api/admin/students/upload/ HTTP/1.1" 200 6590
"GET /api/admin/companies/ HTTP/1.1" 200 17496
"GET /api/admin/students/manage/ HTTP/1.1" 200 52484
"GET /api/admin/analytics/ HTTP/1.1" 200 10697
"GET /api/admin/contact-messages/ HTTP/1.1" 200 7076
"GET /admin/dashboard/ HTTP/1.1" 200 7572
"GET /api/admin/students/upload/ HTTP/1.1" 200 6590
"GET /admin/dashboard/ HTTP/1.1" 200 7572
"GET /api/admin/students/upload/ HTTP/1.1" 200 6590
C:\Users\baala\OneDrive\Desktop\New folder\student-attendance-sys\users\views.py changed, reloading.
C:\Users\baala\OneDrive\Desktop\New folder\student-attendance-sys\users\views.py changed, reloading.
Watching for file changes with StatReloader
Watching for file changes with StatReloader
"GET /api/admin/students/upload/ HTTP/1.1" 200 6590
"GET /api/admin/students/upload/ HTTP/1.1" 200 6590
"GET /api/admin/students/upload/ HTTP/1.1" 200 6590
"GET /api/admin/students/upload/ HTTP/1.1" 200 6590
"GET /api/admin/students/upload/ HTTP/1.1" 200 6590
"GET /api/admin/students/upload/ HTTP/1.1" 200 6590
"GET /api/admin/students/upload/ HTTP/1.1" 200 6590
"GET /api/admin/students/upload/ HTTP/1.1" 200 6590
"GET /api/admin/students/upload/ HTTP/1.1" 200 6590
"GET /api/admin/students/upload/ HTTP/1.1" 200 6590
"GET /api/admin/companies/ HTTP/1.1" 200 17496
"GET /admin/dashboard/ HTTP/1.1" 200 7572
"GET /logout/ HTTP/1.1" 302 0
"GET /login/ HTTP/1.1" 200 6467
"POST /login/ HTTP/1.1" 302 0
"GET / HTTP/1.1" 302 0
"GET /student/dashboard/ HTTP/1.1" 200 11415
"GET /api/student/attendance/mark/ HTTP/1.1" 200 32692
C:\Users\baala\OneDrive\Desktop\New folder\student-attendance-sys\attendance\views.py changed, reloading.
C:\Users\baala\OneDrive\Desktop\New folder\student-attendance-sys\attendance\views.py changed, reloading.
Watching for file changes with StatReloader
Watching for file changes with StatReloader
C:\Users\baala\OneDrive\Desktop\New folder\student-attendance-sys\attendance\views.py changed, reloading.
C:\Users\baala\OneDrive\Desktop\New folder\student-attendance-sys\attendance\views.py changed, reloading.
Watching for file changes with StatReloader
Watching for file changes with StatReloader
"GET /api/student/attendance/mark/ HTTP/1.1" 200 33634
"POST /api/student/attendance/mark/ HTTP/1.1" 302 0
"GET /student/dashboard/ HTTP/1.1" 200 13627
"GET /student/dashboard/ HTTP/1.1" 200 13214
"GET /student/profile/ HTTP/1.1" 302 0
"GET /student/onboarding/ HTTP/1.1" 200 6511
"GET /api/student/attendance/mark/ HTTP/1.1" 200 33634
"GET /student/contact/ HTTP/1.1" 200 7725
"GET /student/profile/ HTTP/1.1" 302 0
"GET /student/onboarding/ HTTP/1.1" 200 6511
"GET /student/dashboard/ HTTP/1.1" 200 13214
C:\Users\baala\OneDrive\Desktop\New folder\student-attendance-sys\users\views.py changed, reloading.
C:\Users\baala\OneDrive\Desktop\New folder\student-attendance-sys\users\views.py changed, reloading.
Watching for file changes with StatReloader
Watching for file changes with StatReloader
